-- phpMyAdmin SQL Dump
-- version 3.2.0.1
-- http://www.phpmyadmin.net
--
-- Host: localhost
-- Generation Time: Apr 19, 2013 at 06:45 AM
-- Server version: 5.1.36
-- PHP Version: 5.3.0

SET SQL_MODE="NO_AUTO_VALUE_ON_ZERO";


/*!40101 SET @OLD_CHARACTER_SET_CLIENT=@@CHARACTER_SET_CLIENT */;
/*!40101 SET @OLD_CHARACTER_SET_RESULTS=@@CHARACTER_SET_RESULTS */;
/*!40101 SET @OLD_COLLATION_CONNECTION=@@COLLATION_CONNECTION */;
/*!40101 SET NAMES utf8 */;

--
-- Database: `odhub`
--

-- --------------------------------------------------------

--
-- Table structure for table `lm_account_tbl`
--

CREATE TABLE IF NOT EXISTS `lm_account_tbl` (
  `AccountId` int(11) NOT NULL AUTO_INCREMENT,
  `AccountClientId` int(11) NOT NULL DEFAULT '0',
  `AccountLawyerId` int(11) NOT NULL DEFAULT '0',
  `AccountBalance` decimal(10,2) NOT NULL DEFAULT '0.00',
  `AccountDate` timestamp NOT NULL DEFAULT CURRENT_TIMESTAMP,
  PRIMARY KEY (`AccountId`)
) ENGINE=MyISAM  DEFAULT CHARSET=latin1 AUTO_INCREMENT=45 ;

--
-- Dumping data for table `lm_account_tbl`
--

INSERT INTO `lm_account_tbl` (`AccountId`, `AccountClientId`, `AccountLawyerId`, `AccountBalance`, `AccountDate`) VALUES
(1, 0, 63, '1463.00', '2009-12-04 23:20:06'),
(2, 0, 65, '85.00', '2009-12-05 00:08:37'),
(3, 0, 44, '1633.00', '2009-12-05 00:11:00'),
(4, 21, 0, '245.00', '2009-12-05 00:55:00'),
(5, 23, 0, '386.00', '2009-12-05 01:02:10'),
(6, 22, 0, '277.00', '2009-12-07 22:32:31'),
(7, 15, 0, '257.61', '2009-12-08 23:36:19'),
(8, 0, 62, '870.36', '2009-12-09 02:09:17'),
(9, 14, 0, '240.00', '2009-12-09 04:14:05'),
(10, 32, 0, '48.00', '2010-05-21 23:02:14'),
(11, 0, 70, '500.00', '2010-05-21 23:10:18'),
(12, 0, 73, '395.00', '2010-05-21 23:27:16'),
(13, 46, 0, '100.00', '2011-01-25 12:27:39'),
(14, 45, 0, '27.00', '2011-01-25 14:03:22'),
(15, 0, 81, '210.00', '2011-01-25 18:56:52'),
(16, 0, 80, '40.00', '2011-01-25 19:09:53'),
(17, 0, 84, '15.00', '2011-01-31 16:57:50'),
(18, 48, 0, '1074.00', '2011-02-01 15:02:02'),
(19, 50, 0, '146.00', '2011-02-05 02:55:38'),
(20, 49, 0, '694.00', '2011-02-05 11:06:43'),
(21, 53, 0, '921.00', '2011-02-05 14:16:36'),
(22, 0, 87, '15.00', '2011-02-05 14:45:13'),
(23, 0, 85, '315.00', '2011-02-09 19:38:29'),
(24, 0, 88, '495.00', '2011-02-09 19:47:46'),
(25, 0, 89, '30.00', '2011-02-16 14:57:59'),
(26, 58, 0, '20.00', '2011-02-16 16:36:30'),
(27, 0, 94, '-30.00', '2011-02-17 17:00:48'),
(28, 59, 0, '176.00', '2011-02-17 17:16:11'),
(29, 60, 0, '-306.00', '2011-02-18 18:41:31'),
(30, 0, 95, '482.55', '2011-02-18 19:37:33'),
(31, 62, 0, '390.00', '2011-02-22 14:31:43'),
(32, 0, 98, '175.00', '2011-02-22 15:00:28'),
(33, 0, 99, '586.08', '2011-02-23 19:38:43'),
(34, 67, 0, '591.30', '2011-03-17 12:40:25'),
(35, 0, 101, '734.91', '2011-03-17 12:44:02'),
(36, 66, 0, '992.00', '2011-03-23 16:32:56'),
(37, 68, 0, '150.00', '2011-03-29 19:44:30'),
(38, 69, 0, '16.44', '2011-03-31 15:25:28'),
(39, 0, 102, '1214.74', '2011-03-31 17:36:00'),
(40, 0, 103, '87.22', '2011-04-06 14:30:22'),
(41, 70, 0, '0.32', '2011-04-06 15:16:04'),
(42, 71, 0, '226.42', '2011-04-07 11:31:50'),
(43, 0, 104, '782.44', '2011-04-07 12:08:34'),
(44, 73, 0, '44.50', '2011-04-23 09:00:54');

-- --------------------------------------------------------

--
-- Table structure for table `lm_adminaccount_tbl`
--

CREATE TABLE IF NOT EXISTS `lm_adminaccount_tbl` (
  `AdminId` int(11) NOT NULL AUTO_INCREMENT,
  `AdminType` enum('SUB','SUPER') NOT NULL DEFAULT 'SUB',
  `AdminUsername` varchar(255) NOT NULL DEFAULT '',
  `AdminEmail` varchar(255) NOT NULL DEFAULT '',
  `AdminPassword` varchar(255) NOT NULL DEFAULT '',
  `FirstName` varchar(100) NOT NULL,
  `LastName` varchar(100) NOT NULL,
  `Image` varchar(100) DEFAULT NULL,
  `Status` enum('A','I') NOT NULL DEFAULT 'A',
  `LastLogin` int(11) NOT NULL,
  PRIMARY KEY (`AdminId`)
) ENGINE=MyISAM  DEFAULT CHARSET=latin1 AUTO_INCREMENT=9 ;

--
-- Dumping data for table `lm_adminaccount_tbl`
--

INSERT INTO `lm_adminaccount_tbl` (`AdminId`, `AdminType`, `AdminUsername`, `AdminEmail`, `AdminPassword`, `FirstName`, `LastName`, `Image`, `Status`, `LastLogin`) VALUES
(1, 'SUPER', 'admin', 'admin@admin.com', 'admin123', '', '', NULL, 'A', 0),
(2, 'SUB', 'shantinath.roy@arcinfotec.com1', 'shantinath.roy@arcinfotec.com1', 'N49Q5J9Q9U', 'Shanti', 'Roy', NULL, 'A', 0),
(3, 'SUB', 'samiran@gmail.com', 'samiran@gmail.com', '7QJ9TKHK3B', 'samiran', 'mondal', NULL, 'A', 0);

-- --------------------------------------------------------

--
-- Table structure for table `lm_alltransaction_tbl`
--

CREATE TABLE IF NOT EXISTS `lm_alltransaction_tbl` (
  `TransactionId` int(11) NOT NULL AUTO_INCREMENT,
  `TransactionType` varchar(20) DEFAULT NULL,
  `TransactionNumber` text,
  `TransactionDate` timestamp NOT NULL DEFAULT CURRENT_TIMESTAMP ON UPDATE CURRENT_TIMESTAMP,
  `TransactionAmount` decimal(10,2) NOT NULL DEFAULT '0.00',
  `PayerId` int(11) NOT NULL DEFAULT '0',
  `PayerType` varchar(20) DEFAULT NULL,
  `TransactionDescription` text,
  `TransactionStatus` tinyint(4) NOT NULL DEFAULT '0',
  `EselectPaymentId` int(11) NOT NULL DEFAULT '0',
  `RefId` int(11) NOT NULL,
  `RefType` varchar(20) NOT NULL,
  `CurrencyId` int(11) NOT NULL DEFAULT '0',
  `CurrencyValue` decimal(10,2) NOT NULL DEFAULT '0.00',
  PRIMARY KEY (`TransactionId`)
) ENGINE=MyISAM  DEFAULT CHARSET=latin1 AUTO_INCREMENT=670 ;

--
-- Dumping data for table `lm_alltransaction_tbl`
--

INSERT INTO `lm_alltransaction_tbl` (`TransactionId`, `TransactionType`, `TransactionNumber`, `TransactionDate`, `TransactionAmount`, `PayerId`, `PayerType`, `TransactionDescription`, `TransactionStatus`, `EselectPaymentId`, `RefId`, `RefType`, `CurrencyId`, `CurrencyValue`) VALUES
(1, 'Escrow', '63', '2011-01-18 16:14:50', '-1.00', 15, 'CLIENT', 'Escorw Amount: 1.00', 1, 9, 0, '', 0, '0.00'),
(2, 'Escrow', '63', '2011-01-18 16:14:50', '1.00', 1, 'ADMIN', 'Escorw Amount: 1.00', 1, 9, 0, '', 0, '0.00'),
(3, 'Escrow', '64', '2011-01-18 16:51:03', '-3.00', 15, 'CLIENT', 'Escorw Amount: 3.00', 1, 10, 0, '', 0, '0.00'),
(4, 'Escrow', '64', '2011-01-18 16:51:03', '3.00', 1, 'ADMIN', 'Escorw Amount: 3.00', 1, 10, 0, '', 0, '0.00'),
(5, 'LAWYER_DEPOSIT', '35', '2011-01-18 18:42:12', '15.70', 62, 'LAWYER', 'Amount Deposited: 15.70', 1, 0, 0, '', 0, '0.00'),
(6, 'LAWYER_DEPOSIT', '35', '2011-01-18 18:42:12', '-15.70', 1, 'ADMIN', 'Amount Deposited: 15.70', 1, 0, 0, '', 0, '0.00'),
(7, 'Escrow', '65', '2011-01-19 17:09:45', '-1.00', 15, 'CLIENT', 'Escorw Amount: 1.00', 1, 12, 0, '', 0, '0.00'),
(8, 'Escrow', '65', '2011-01-19 17:09:45', '1.00', 1, 'ADMIN', 'Escorw Amount: 1.00', 1, 12, 0, '', 0, '0.00'),
(9, 'LAWYER_SUBSCRIPTION', '36', '2011-01-22 13:38:12', '-5.00', 62, 'LAWYER', 'Subscription Taken: Premium', 1, 0, 0, '', 0, '0.00'),
(10, 'LAWYER_SUBSCRIPTION', '36', '2011-01-22 13:38:12', '5.00', 1, 'ADMIN', 'Subscription Taken: Premium', 1, 0, 0, '', 0, '0.00'),
(11, 'LAWYER_SUBSCRIPTION', '37', '2011-01-22 13:38:22', '-10.00', 62, 'LAWYER', 'Subscription Taken: Silver', 1, 0, 0, '', 0, '0.00'),
(12, 'LAWYER_SUBSCRIPTION', '37', '2011-01-22 13:38:22', '10.00', 1, 'ADMIN', 'Subscription Taken: Silver', 1, 0, 0, '', 0, '0.00'),
(13, 'LAWYER_SUBSCRIPTION', '38', '2011-01-22 13:38:33', '-30.00', 62, 'LAWYER', 'Subscription Taken: test', 1, 0, 0, '', 0, '0.00'),
(14, 'LAWYER_SUBSCRIPTION', '38', '2011-01-22 13:38:33', '30.00', 1, 'ADMIN', 'Subscription Taken: test', 1, 0, 0, '', 0, '0.00'),
(15, 'Client_Deposit', '92', '2011-01-22 17:52:24', '1.00', 15, 'CLIENT', 'Deposit Amount: 1.00', 1, 13, 0, '', 0, '0.00'),
(16, 'Client_Deposit', '95', '2011-01-24 19:55:48', '1000.00', 45, 'CLIENT', 'Deposit Amount: 1000.00', 1, 14, 0, '', 0, '0.00'),
(17, 'Client_Deposit', '96', '2011-01-24 20:39:54', '500.00', 15, 'CLIENT', 'Deposit Amount: 500.00', 1, 15, 0, '', 0, '0.00'),
(18, 'Client_Deposit', '97', '2011-01-24 20:52:38', '1000.00', 45, 'CLIENT', 'Deposit Amount: 1000.00', 1, 16, 0, '', 0, '0.00'),
(19, 'Client_Deposit', '98', '2011-01-24 21:08:58', '1000.00', 46, 'CLIENT', 'Deposit Amount: 1000.00', 1, 17, 0, '', 0, '0.00'),
(20, 'Client_Deposit', '99', '2011-01-25 12:27:39', '500.00', 46, 'CLIENT', 'Deposit Amount: 500.00', 1, 18, 0, '', 0, '0.00'),
(21, 'Client_Deposit', '100', '2011-01-25 12:38:06', '100.00', 46, 'CLIENT', 'Deposit Amount: 100.00', 1, 19, 0, '', 0, '0.00'),
(22, 'Client_Deposit', '101', '2011-01-25 13:02:37', '50.00', 46, 'CLIENT', 'Deposit Amount: 50.00', 1, 20, 0, '', 0, '0.00'),
(23, 'Case Post Fee', '103', '2011-01-25 13:34:13', '-8.00', 46, 'CLIENT', 'Case Post Fee: 8', 1, 0, 0, '', 0, '0.00'),
(24, 'Case Post Fee', '104', '2011-01-25 13:35:24', '-8.00', 46, 'CLIENT', 'Case Post Fee: 8', 1, 0, 0, '', 0, '0.00'),
(25, 'Case Post Fee', '105', '2011-01-25 13:46:40', '-8.00', 46, 'CLIENT', 'Case Post Fee: 8', 1, 0, 0, '', 0, '0.00'),
(26, 'Case Post Fee', '106', '2011-01-25 13:49:29', '-8.00', 46, 'CLIENT', 'Case Post Fee: 8', 1, 0, 0, '', 0, '0.00'),
(27, 'Client_Deposit', '107', '2011-01-25 14:03:22', '1000.00', 45, 'CLIENT', 'Deposit Amount: 1000.00', 1, 21, 0, '', 0, '0.00'),
(28, 'Case Post Fee', '108', '2011-01-25 14:04:37', '-18.00', 45, 'CLIENT', 'Case Post Fee: 18', 1, 0, 0, '', 0, '0.00'),
(29, 'LAWYER_SUBSCRIPTION', '40', '2011-01-25 17:41:33', '-10.00', 62, 'LAWYER', 'Subscription Taken: Silver', 1, 0, 0, '', 0, '0.00'),
(30, 'LAWYER_SUBSCRIPTION', '40', '2011-01-25 17:41:33', '10.00', 1, 'ADMIN', 'Subscription Taken: Silver', 1, 0, 0, '', 0, '0.00'),
(31, 'LAWYER_DEPOSIT', '41', '2011-01-25 17:44:54', '30.00', 81, 'LAWYER', 'Amount Deposited: 30.00', 1, 0, 0, '', 0, '0.00'),
(32, 'LAWYER_DEPOSIT', '41', '2011-01-25 17:44:54', '-30.00', 1, 'ADMIN', 'Amount Deposited: 30.00', 1, 0, 0, '', 0, '0.00'),
(33, 'LAWYER_DEPOSIT', '42', '2011-01-25 17:49:44', '115.00', 80, 'LAWYER', 'Amount Deposited: 115.00', 1, 0, 0, '', 0, '0.00'),
(34, 'LAWYER_DEPOSIT', '42', '2011-01-25 17:49:44', '-115.00', 1, 'ADMIN', 'Amount Deposited: 115.00', 1, 0, 0, '', 0, '0.00'),
(35, 'LAWYER_DEPOSIT', '43', '2011-01-25 17:52:13', '30.00', 81, 'LAWYER', 'Amount Deposited: 30.00', 1, 0, 0, '', 0, '0.00'),
(36, 'LAWYER_DEPOSIT', '43', '2011-01-25 17:52:13', '-30.00', 1, 'ADMIN', 'Amount Deposited: 30.00', 1, 0, 0, '', 0, '0.00'),
(37, 'LAWYER_DEPOSIT', '44', '2011-01-25 17:54:47', '30.00', 81, 'LAWYER', 'Amount Deposited: 30.00', 1, 0, 0, '', 0, '0.00'),
(38, 'LAWYER_DEPOSIT', '44', '2011-01-25 17:54:47', '-30.00', 1, 'ADMIN', 'Amount Deposited: 30.00', 1, 0, 0, '', 0, '0.00'),
(39, 'LAWYER_DEPOSIT', '45', '2011-01-25 17:55:51', '30.00', 81, 'LAWYER', 'Amount Deposited: 30.00', 1, 0, 0, '', 0, '0.00'),
(40, 'LAWYER_DEPOSIT', '45', '2011-01-25 17:55:51', '-30.00', 1, 'ADMIN', 'Amount Deposited: 30.00', 1, 0, 0, '', 0, '0.00'),
(41, 'LAWYER_DEPOSIT', '46', '2011-01-25 18:03:26', '10.00', 81, 'LAWYER', 'Amount Deposited: 10.00', 1, 0, 0, '', 0, '0.00'),
(42, 'LAWYER_DEPOSIT', '46', '2011-01-25 18:03:26', '-10.00', 1, 'ADMIN', 'Amount Deposited: 10.00', 1, 0, 0, '', 0, '0.00'),
(43, 'Case Post Fee', '109', '2011-01-25 18:33:28', '-8.00', 15, 'CLIENT', 'Case Post Fee: 8', 1, 0, 0, '', 0, '0.00'),
(44, 'Case Post Fee', '110', '2011-01-25 18:36:13', '-8.00', 46, 'CLIENT', 'Case Post Fee: 8', 1, 0, 0, '', 0, '0.00'),
(45, 'LAWYER_DEPOSIT', '47', '2011-01-25 18:56:52', '10.00', 81, 'LAWYER', 'Amount Deposited: 10.00', 1, 0, 0, '', 0, '0.00'),
(46, 'LAWYER_DEPOSIT', '47', '2011-01-25 18:56:52', '-10.00', 1, 'ADMIN', 'Amount Deposited: 10.00', 1, 0, 0, '', 0, '0.00'),
(47, 'LAWYER_SUBSCRIPTION', '48', '2011-01-25 19:00:01', '-5.00', 81, 'LAWYER', 'Subscription Taken: Premium', 1, 0, 0, '', 0, '0.00'),
(48, 'LAWYER_SUBSCRIPTION', '48', '2011-01-25 19:00:01', '5.00', 1, 'ADMIN', 'Subscription Taken: Premium', 1, 0, 0, '', 0, '0.00'),
(49, 'LAWYER_SUBSCRIPTION', '49', '2011-01-25 19:00:42', '-5.00', 81, 'LAWYER', 'Subscription Taken: Premium', 1, 0, 0, '', 0, '0.00'),
(50, 'LAWYER_SUBSCRIPTION', '49', '2011-01-25 19:00:42', '5.00', 1, 'ADMIN', 'Subscription Taken: Premium', 1, 0, 0, '', 0, '0.00'),
(51, 'LAWYER_SUBSCRIPTION', '50', '2011-01-25 19:05:35', '-5.00', 81, 'LAWYER', 'Subscription Taken: Premium', 1, 0, 0, '', 0, '0.00'),
(52, 'LAWYER_SUBSCRIPTION', '50', '2011-01-25 19:05:35', '5.00', 1, 'ADMIN', 'Subscription Taken: Premium', 1, 0, 0, '', 0, '0.00'),
(53, 'LAWYER_DEPOSIT', '51', '2011-01-25 19:09:53', '50.00', 80, 'LAWYER', 'Amount Deposited: 50.00', 1, 0, 0, '', 0, '0.00'),
(54, 'LAWYER_DEPOSIT', '51', '2011-01-25 19:09:53', '-50.00', 1, 'ADMIN', 'Amount Deposited: 50.00', 1, 0, 0, '', 0, '0.00'),
(55, 'LAWYER_SUBSCRIPTION', '52', '2011-01-25 19:10:05', '-10.00', 80, 'LAWYER', 'Subscription Taken: Silver', 1, 0, 0, '', 0, '0.00'),
(56, 'LAWYER_SUBSCRIPTION', '52', '2011-01-25 19:10:05', '10.00', 1, 'ADMIN', 'Subscription Taken: Silver', 1, 0, 0, '', 0, '0.00'),
(57, 'Escrow', '111', '2011-01-27 19:27:56', '-500.00', 45, 'CLIENT', 'Escorw Amount: 500.00', 1, 30, 0, '', 0, '0.00'),
(58, 'Escrow', '111', '2011-01-27 19:27:56', '500.00', 1, 'ADMIN', 'Escorw Amount: 500.00', 1, 30, 0, '', 0, '0.00'),
(59, 'Escrow', '112', '2011-01-28 14:26:24', '-1.00', 15, 'CLIENT', 'Escorw Amount: 1', 1, 0, 0, '', 0, '0.00'),
(60, 'Escrow', '112', '2011-01-28 14:26:24', '1.00', 1, 'ADMIN', 'Escorw Amount: 1', 1, 0, 0, '', 0, '0.00'),
(61, 'Escrow', '113', '2011-01-28 14:28:48', '-1.00', 15, 'CLIENT', 'Escorw Amount: 1', 1, 0, 0, '', 0, '0.00'),
(62, 'Escrow', '113', '2011-01-28 14:28:48', '1.00', 1, 'ADMIN', 'Escorw Amount: 1', 1, 0, 0, '', 0, '0.00'),
(63, 'Escrow', '114', '2011-01-28 14:29:38', '-1.00', 15, 'CLIENT', 'Escorw Amount: 1', 1, 0, 0, '', 0, '0.00'),
(64, 'Escrow', '114', '2011-01-28 14:29:38', '1.00', 1, 'ADMIN', 'Escorw Amount: 1', 1, 0, 0, '', 0, '0.00'),
(65, 'Escrow', '115', '2011-01-28 14:33:25', '-2.00', 15, 'CLIENT', 'Escorw Amount: 2', 1, 0, 0, '', 0, '0.00'),
(66, 'Escrow', '115', '2011-01-28 14:33:25', '2.00', 1, 'ADMIN', 'Escorw Amount: 2', 1, 0, 0, '', 0, '0.00'),
(67, 'Escrow', '116', '2011-01-28 14:40:30', '-3.00', 15, 'CLIENT', 'Escorw Amount: 3', 1, 0, 0, '', 0, '0.00'),
(68, 'Escrow', '116', '2011-01-28 14:40:30', '3.00', 1, 'ADMIN', 'Escorw Amount: 3', 1, 0, 0, '', 0, '0.00'),
(69, 'Escrow', '117', '2011-01-28 14:47:55', '-1.00', 15, 'CLIENT', 'Escorw Amount: 1', 1, 0, 0, '', 0, '0.00'),
(70, 'Escrow', '117', '2011-01-28 14:47:55', '1.00', 1, 'ADMIN', 'Escorw Amount: 1', 1, 0, 0, '', 0, '0.00'),
(71, 'Escrow', '118', '2011-01-28 14:53:31', '-10.00', 15, 'CLIENT', 'Escorw Amount: 10.00', 1, 31, 0, '', 0, '0.00'),
(72, 'Escrow', '118', '2011-01-28 14:53:31', '10.00', 1, 'ADMIN', 'Escorw Amount: 10.00', 1, 31, 0, '', 0, '0.00'),
(73, 'Escrow', '119', '2011-01-28 14:54:28', '-10.00', 15, 'CLIENT', 'Escorw Amount: 10.00', 1, 32, 0, '', 0, '0.00'),
(74, 'Escrow', '119', '2011-01-28 14:54:28', '10.00', 1, 'ADMIN', 'Escorw Amount: 10.00', 1, 32, 0, '', 0, '0.00'),
(75, 'Escrow', '120', '2011-01-28 14:55:32', '-10.00', 15, 'CLIENT', 'Escorw Amount: 10.00', 1, 33, 0, '', 0, '0.00'),
(76, 'Escrow', '120', '2011-01-28 14:55:32', '10.00', 1, 'ADMIN', 'Escorw Amount: 10.00', 1, 33, 0, '', 0, '0.00'),
(77, 'Escrow', '121', '2011-01-28 14:56:58', '-10.00', 15, 'CLIENT', 'Escorw Amount: 10.00', 1, 34, 0, '', 0, '0.00'),
(78, 'Escrow', '121', '2011-01-28 14:56:58', '10.00', 1, 'ADMIN', 'Escorw Amount: 10.00', 1, 34, 0, '', 0, '0.00'),
(79, 'Escrow', '122', '2011-01-28 14:58:25', '-10.00', 15, 'CLIENT', 'Escorw Amount: 10.00', 1, 35, 0, '', 0, '0.00'),
(80, 'Escrow', '122', '2011-01-28 14:58:25', '10.00', 1, 'ADMIN', 'Escorw Amount: 10.00', 1, 35, 0, '', 0, '0.00'),
(81, 'Confirm Release Requ', '123', '2011-01-28 16:44:08', '-100.00', 45, 'CLIENT', 'Confirm Release Request Amount: 100.00', 1, 0, 0, '', 0, '0.00'),
(82, 'Confirm Release Requ', '53', '2011-01-28 16:44:08', '100.00', 44, 'LAWYER', 'Confirm Release Request Amount: 100.00', 1, 0, 0, '', 0, '0.00'),
(83, 'Case Post Fee', '124', '2011-01-31 12:37:59', '-8.00', 15, 'CLIENT', 'Case Post Fee: 8', 1, 0, 0, '', 0, '0.00'),
(84, 'LAWYER_DEPOSIT', '54', '2011-01-31 16:57:50', '15.00', 84, 'LAWYER', 'Amount Deposited: 15.00', 1, 0, 0, '', 0, '0.00'),
(85, 'LAWYER_DEPOSIT', '54', '2011-01-31 16:57:50', '-15.00', 1, 'ADMIN', 'Amount Deposited: 15.00', 1, 0, 0, '', 0, '0.00'),
(86, 'LAWYER_SUBSCRIPTION', '55', '2011-01-31 17:47:13', '-10.00', 84, 'LAWYER', 'Subscription Taken: Silver', 1, 0, 0, '', 0, '0.00'),
(87, 'LAWYER_SUBSCRIPTION', '55', '2011-01-31 17:47:13', '10.00', 1, 'ADMIN', 'Subscription Taken: Silver', 1, 0, 0, '', 0, '0.00'),
(88, 'LAWYER_DEPOSIT', '56', '2011-02-01 13:18:42', '-10.00', 2, 'PAYMENT', 'Amount Deposited: 10.00', 1, 0, 0, '', 0, '0.00'),
(89, 'LAWYER_DEPOSIT', '56', '2011-02-01 13:18:42', '10.00', 1, 'ADMIN', 'Amount Deposited: 10.00', 1, 0, 0, '', 0, '0.00'),
(90, 'LAWYER_DEPOSIT', '56', '2011-02-01 13:18:42', '10.00', 84, 'LAWYER', 'Amount Deposited: 10.00', 1, 0, 0, '', 0, '0.00'),
(91, 'LAWYER_DEPOSIT', '56', '2011-02-01 13:18:42', '-10.00', 1, 'ADMIN', 'Amount Deposited: 10.00', 1, 0, 0, '', 0, '0.00'),
(92, 'Client_Deposit', '129', '2011-02-01 16:32:35', '-100.00', 2, 'PAYMENT', 'Deposit Amount: 100.00', 1, 41, 0, '', 0, '0.00'),
(93, 'Client_Deposit', '129', '2011-02-01 16:32:35', '100.00', 1, 'ADMIN', 'Deposit Amount: 100.00', 1, 41, 0, '', 0, '0.00'),
(94, 'Client_Deposit', '129', '2011-02-01 16:32:35', '-100.00', 1, 'ADMIN', 'Deposit Amount: 100.00', 1, 41, 0, '', 0, '0.00'),
(95, 'Client_Deposit', '129', '2011-02-01 16:32:35', '100.00', 48, 'CLIENT', 'Deposit Amount: 100.00', 1, 41, 0, '', 0, '0.00'),
(96, 'Client_Deposit', '130', '2011-02-01 16:35:59', '-500.00', 2, 'PAYMENT', 'Deposit Amount: 500.00', 1, 42, 0, '', 0, '0.00'),
(97, 'Client_Deposit', '130', '2011-02-01 16:35:59', '500.00', 1, 'ADMIN', 'Deposit Amount: 500.00', 1, 42, 0, '', 0, '0.00'),
(98, 'Client_Deposit', '130', '2011-02-01 16:35:59', '-500.00', 1, 'ADMIN', 'Deposit Amount: 500.00', 1, 42, 0, '', 0, '0.00'),
(99, 'Client_Deposit', '130', '2011-02-01 16:35:59', '500.00', 48, 'CLIENT', 'Deposit Amount: 500.00', 1, 42, 0, '', 0, '0.00'),
(100, 'Client_Deposit', '134', '2011-02-03 18:58:11', '-500.00', 2, 'PAYMENT', 'Deposit Amount: 500.00', 1, 43, 1, 'ADMIN', 0, '0.00'),
(101, 'Client_Deposit', '134', '2011-02-03 18:58:11', '500.00', 1, 'ADMIN', 'Deposit Amount: 500.00', 1, 43, 2, 'PAYMENT', 0, '0.00'),
(102, 'Client_Deposit', '134', '2011-02-03 18:58:11', '-500.00', 1, 'ADMIN', 'Deposit Amount: 500.00', 1, 43, 45, 'CLIENT', 0, '0.00'),
(103, 'Client_Deposit', '134', '2011-02-03 18:58:11', '500.00', 45, 'CLIENT', 'Deposit Amount: 500.00', 1, 43, 1, 'ADMIN', 0, '0.00'),
(104, 'Escrow', '135', '2011-02-03 22:13:32', '-200.00', 45, 'CLIENT', 'Escorw Amount: 200', 1, 0, 1, 'ADMIN', 0, '0.00'),
(105, 'Escrow', '135', '2011-02-03 22:13:32', '200.00', 1, 'ADMIN', 'Escorw Amount: 200', 1, 0, 45, 'CLIENT', 0, '0.00'),
(106, 'Client_Deposit', '136', '2011-02-05 02:55:38', '-200.00', 2, 'PAYMENT', 'Deposit Amount: 200.00', 1, 44, 1, 'ADMIN', 0, '0.00'),
(107, 'Client_Deposit', '136', '2011-02-05 02:55:38', '200.00', 1, 'ADMIN', 'Deposit Amount: 200.00', 1, 44, 2, 'PAYMENT', 0, '0.00'),
(108, 'Client_Deposit', '136', '2011-02-05 02:55:38', '-200.00', 1, 'ADMIN', 'Deposit Amount: 200.00', 1, 44, 50, 'CLIENT', 0, '0.00'),
(109, 'Client_Deposit', '136', '2011-02-05 02:55:38', '200.00', 50, 'CLIENT', 'Deposit Amount: 200.00', 1, 44, 1, 'ADMIN', 0, '0.00'),
(110, 'Case Post Fee', '137', '2011-02-05 03:13:58', '18.00', 1, 'ADMIN', 'Case Post Fee: 18', 1, 0, 50, 'CLIENT', 0, '0.00'),
(111, 'Case Post Fee', '137', '2011-02-05 03:13:58', '-18.00', 50, 'CLIENT', 'Case Post Fee: 18', 1, 0, 1, 'ADMIN', 0, '0.00'),
(112, 'Case Post Fee', '138', '2011-02-05 03:16:11', '18.00', 1, 'ADMIN', 'Case Post Fee: 18', 1, 0, 50, 'CLIENT', 0, '0.00'),
(113, 'Case Post Fee', '138', '2011-02-05 03:16:11', '-18.00', 50, 'CLIENT', 'Case Post Fee: 18', 1, 0, 1, 'ADMIN', 0, '0.00'),
(114, 'Case Post Fee', '139', '2011-02-05 03:18:39', '18.00', 1, 'ADMIN', 'Case Post Fee: 18', 1, 0, 50, 'CLIENT', 0, '0.00'),
(115, 'Case Post Fee', '139', '2011-02-05 03:18:39', '-18.00', 50, 'CLIENT', 'Case Post Fee: 18', 1, 0, 1, 'ADMIN', 0, '0.00'),
(116, 'LAWYER_DEPOSIT', '69', '2011-02-05 04:26:51', '-500.00', 2, 'PAYMENT', 'Amount Deposited: 500.00', 1, 0, 1, 'ADMIN', 0, '0.00'),
(117, 'LAWYER_DEPOSIT', '69', '2011-02-05 04:26:51', '500.00', 1, 'ADMIN', 'Amount Deposited: 500.00', 1, 0, 2, 'PAYMENT', 0, '0.00'),
(118, 'LAWYER_DEPOSIT', '69', '2011-02-05 04:26:51', '500.00', 44, 'LAWYER', 'Amount Deposited: 500.00', 1, 0, 1, 'ADMIN', 0, '0.00'),
(119, 'LAWYER_DEPOSIT', '69', '2011-02-05 04:26:51', '-500.00', 1, 'ADMIN', 'Amount Deposited: 500.00', 1, 0, 44, 'LAWYER', 0, '0.00'),
(120, 'Case Post Fee', '140', '2011-02-05 10:49:28', '28.00', 1, 'ADMIN', 'Case Post Fee: 28', 1, 0, 46, 'CLIENT', 0, '0.00'),
(121, 'Case Post Fee', '140', '2011-02-05 10:49:28', '-28.00', 46, 'CLIENT', 'Case Post Fee: 28', 1, 0, 1, 'ADMIN', 0, '0.00'),
(122, 'Client_Deposit', '141', '2011-02-05 11:06:43', '-500.00', 2, 'PAYMENT', 'Deposit Amount: 500.00', 1, 46, 1, 'ADMIN', 0, '0.00'),
(123, 'Client_Deposit', '141', '2011-02-05 11:06:43', '500.00', 1, 'ADMIN', 'Deposit Amount: 500.00', 1, 46, 2, 'PAYMENT', 0, '0.00'),
(124, 'Client_Deposit', '141', '2011-02-05 11:06:43', '-500.00', 1, 'ADMIN', 'Deposit Amount: 500.00', 1, 46, 49, 'CLIENT', 0, '0.00'),
(125, 'Client_Deposit', '141', '2011-02-05 11:06:43', '500.00', 49, 'CLIENT', 'Deposit Amount: 500.00', 1, 46, 1, 'ADMIN', 0, '0.00'),
(126, 'Client_Deposit', '142', '2011-02-05 11:06:58', '-500.00', 2, 'PAYMENT', 'Deposit Amount: 500.00', 1, 47, 1, 'ADMIN', 0, '0.00'),
(127, 'Client_Deposit', '142', '2011-02-05 11:06:58', '500.00', 1, 'ADMIN', 'Deposit Amount: 500.00', 1, 47, 2, 'PAYMENT', 0, '0.00'),
(128, 'Client_Deposit', '142', '2011-02-05 11:06:58', '-500.00', 1, 'ADMIN', 'Deposit Amount: 500.00', 1, 47, 49, 'CLIENT', 0, '0.00'),
(129, 'Client_Deposit', '142', '2011-02-05 11:06:58', '500.00', 49, 'CLIENT', 'Deposit Amount: 500.00', 1, 47, 1, 'ADMIN', 0, '0.00'),
(130, 'Client_Deposit', '143', '2011-02-05 11:13:48', '-100.00', 2, 'PAYMENT', 'Deposit Amount: 100.00', 1, 48, 1, 'ADMIN', 0, '0.00'),
(131, 'Client_Deposit', '143', '2011-02-05 11:13:48', '100.00', 1, 'ADMIN', 'Deposit Amount: 100.00', 1, 48, 2, 'PAYMENT', 0, '0.00'),
(132, 'Client_Deposit', '143', '2011-02-05 11:13:48', '-100.00', 1, 'ADMIN', 'Deposit Amount: 100.00', 1, 48, 46, 'CLIENT', 0, '0.00'),
(133, 'Client_Deposit', '143', '2011-02-05 11:13:48', '100.00', 46, 'CLIENT', 'Deposit Amount: 100.00', 1, 48, 1, 'ADMIN', 0, '0.00'),
(134, 'Client_Deposit', '144', '2011-02-05 11:19:53', '-50.00', 2, 'PAYMENT', 'Deposit Amount: 50.00', 1, 49, 1, 'ADMIN', 0, '0.00'),
(135, 'Client_Deposit', '144', '2011-02-05 11:19:53', '50.00', 1, 'ADMIN', 'Deposit Amount: 50.00', 1, 49, 2, 'PAYMENT', 0, '0.00'),
(136, 'Client_Deposit', '144', '2011-02-05 11:19:53', '-50.00', 1, 'ADMIN', 'Deposit Amount: 50.00', 1, 49, 46, 'CLIENT', 0, '0.00'),
(137, 'Client_Deposit', '144', '2011-02-05 11:19:53', '50.00', 46, 'CLIENT', 'Deposit Amount: 50.00', 1, 49, 1, 'ADMIN', 0, '0.00'),
(138, 'Case Post Fee', '145', '2011-02-05 11:33:46', '8.00', 1, 'ADMIN', 'Case Post Fee: 8', 1, 0, 46, 'CLIENT', 0, '0.00'),
(139, 'Case Post Fee', '145', '2011-02-05 11:33:46', '-8.00', 46, 'CLIENT', 'Case Post Fee: 8', 1, 0, 1, 'ADMIN', 0, '0.00'),
(140, 'Client_Deposit', '146', '2011-02-05 11:51:54', '-100.00', 2, 'PAYMENT', 'Deposit Amount: 100.00', 1, 50, 1, 'ADMIN', 0, '0.00'),
(141, 'Client_Deposit', '146', '2011-02-05 11:51:54', '100.00', 1, 'ADMIN', 'Deposit Amount: 100.00', 1, 50, 2, 'PAYMENT', 0, '0.00'),
(142, 'Client_Deposit', '146', '2011-02-05 11:51:54', '-100.00', 1, 'ADMIN', 'Deposit Amount: 100.00', 1, 50, 46, 'CLIENT', 0, '0.00'),
(143, 'Client_Deposit', '146', '2011-02-05 11:51:54', '100.00', 46, 'CLIENT', 'Deposit Amount: 100.00', 1, 50, 1, 'ADMIN', 0, '0.00'),
(144, 'Client_Deposit', '147', '2011-02-05 13:09:11', '-100.00', 2, 'PAYMENT', 'Deposit Amount: 100.00', 1, 51, 1, 'ADMIN', 0, '0.00'),
(145, 'Client_Deposit', '147', '2011-02-05 13:09:11', '100.00', 1, 'ADMIN', 'Deposit Amount: 100.00', 1, 51, 2, 'PAYMENT', 0, '0.00'),
(146, 'Client_Deposit', '147', '2011-02-05 13:09:11', '-100.00', 1, 'ADMIN', 'Deposit Amount: 100.00', 1, 51, 46, 'CLIENT', 0, '0.00'),
(147, 'Client_Deposit', '147', '2011-02-05 13:09:11', '100.00', 46, 'CLIENT', 'Deposit Amount: 100.00', 1, 51, 1, 'ADMIN', 0, '0.00'),
(148, 'Client_Deposit', '148', '2011-02-05 14:16:36', '-1000.00', 2, 'PAYMENT', 'Deposit Amount: 1000.00', 1, 52, 1, 'ADMIN', 0, '0.00'),
(149, 'Client_Deposit', '148', '2011-02-05 14:16:36', '1000.00', 1, 'ADMIN', 'Deposit Amount: 1000.00', 1, 52, 2, 'PAYMENT', 0, '0.00'),
(150, 'Client_Deposit', '148', '2011-02-05 14:16:36', '-1000.00', 1, 'ADMIN', 'Deposit Amount: 1000.00', 1, 52, 53, 'CLIENT', 0, '0.00'),
(151, 'Client_Deposit', '148', '2011-02-05 14:16:36', '1000.00', 53, 'CLIENT', 'Deposit Amount: 1000.00', 1, 52, 1, 'ADMIN', 0, '0.00'),
(152, 'Case Post Fee', '149', '2011-02-05 14:20:10', '18.00', 1, 'ADMIN', 'Case Post Fee: 18', 1, 0, 53, 'CLIENT', 0, '0.00'),
(153, 'Case Post Fee', '149', '2011-02-05 14:20:10', '-18.00', 53, 'CLIENT', 'Case Post Fee: 18', 1, 0, 1, 'ADMIN', 0, '0.00'),
(154, 'Case Post Fee', '150', '2011-02-05 14:22:21', '8.00', 1, 'ADMIN', 'Case Post Fee: 8', 1, 0, 45, 'CLIENT', 0, '0.00'),
(155, 'Case Post Fee', '150', '2011-02-05 14:22:21', '-8.00', 45, 'CLIENT', 'Case Post Fee: 8', 1, 0, 1, 'ADMIN', 0, '0.00'),
(156, 'LAWYER_DEPOSIT', '70', '2011-02-05 14:45:13', '-5.00', 2, 'PAYMENT', 'Amount Deposited: 5.00', 1, 0, 1, 'ADMIN', 0, '0.00'),
(157, 'LAWYER_DEPOSIT', '70', '2011-02-05 14:45:13', '5.00', 1, 'ADMIN', 'Amount Deposited: 5.00', 1, 0, 2, 'PAYMENT', 0, '0.00'),
(158, 'LAWYER_DEPOSIT', '70', '2011-02-05 14:45:13', '5.00', 87, 'LAWYER', 'Amount Deposited: 5.00', 1, 0, 1, 'ADMIN', 0, '0.00'),
(159, 'LAWYER_DEPOSIT', '70', '2011-02-05 14:45:13', '-5.00', 1, 'ADMIN', 'Amount Deposited: 5.00', 1, 0, 87, 'LAWYER', 0, '0.00'),
(160, 'LAWYER_DEPOSIT', '71', '2011-02-05 15:08:09', '-25.00', 2, 'PAYMENT', 'Amount Deposited: 25.00', 1, 0, 1, 'ADMIN', 0, '0.00'),
(161, 'LAWYER_DEPOSIT', '71', '2011-02-05 15:08:09', '25.00', 1, 'ADMIN', 'Amount Deposited: 25.00', 1, 0, 2, 'PAYMENT', 0, '0.00'),
(162, 'LAWYER_DEPOSIT', '71', '2011-02-05 15:08:09', '25.00', 87, 'LAWYER', 'Amount Deposited: 25.00', 1, 0, 1, 'ADMIN', 0, '0.00'),
(163, 'LAWYER_DEPOSIT', '71', '2011-02-05 15:08:09', '-25.00', 1, 'ADMIN', 'Amount Deposited: 25.00', 1, 0, 87, 'LAWYER', 0, '0.00'),
(164, 'LAWYER_SUBSCRIPTION', '72', '2011-02-05 15:12:07', '-15.00', 87, 'LAWYER', 'Subscription Taken: Gold', 1, 0, 1, 'ADMIN', 0, '0.00'),
(165, 'LAWYER_SUBSCRIPTION', '72', '2011-02-05 15:12:07', '15.00', 1, 'ADMIN', 'Subscription Taken: Gold', 1, 0, 87, 'LAWYER', 0, '0.00'),
(166, 'LAWYER_SUBSCRIPTION', '73', '2011-02-07 19:38:56', '-5.00', 81, 'LAWYER', 'Subscription Taken: Premium', 1, 0, 1, 'ADMIN', 0, '0.00'),
(167, 'LAWYER_SUBSCRIPTION', '73', '2011-02-07 19:38:56', '5.00', 1, 'ADMIN', 'Subscription Taken: Premium', 1, 0, 81, 'LAWYER', 0, '0.00'),
(168, 'Client_Deposit', '151', '2011-02-07 20:26:01', '-100.00', 2, 'PAYMENT', 'Deposit Amount: 100.00', 1, 56, 1, 'ADMIN', 0, '0.00'),
(169, 'Client_Deposit', '151', '2011-02-07 20:26:01', '100.00', 1, 'ADMIN', 'Deposit Amount: 100.00', 1, 56, 2, 'PAYMENT', 0, '0.00'),
(170, 'Client_Deposit', '151', '2011-02-07 20:26:01', '-100.00', 1, 'ADMIN', 'Deposit Amount: 100.00', 1, 56, 45, 'CLIENT', 0, '0.00'),
(171, 'Client_Deposit', '151', '2011-02-07 20:26:01', '100.00', 45, 'CLIENT', 'Deposit Amount: 100.00', 1, 56, 1, 'ADMIN', 0, '0.00'),
(172, 'Case Post Fee', '152', '2011-02-08 05:55:28', '28.00', 1, 'ADMIN', 'Case Post Fee: 28', 1, 0, 53, 'CLIENT', 0, '0.00'),
(173, 'Case Post Fee', '152', '2011-02-08 05:55:28', '-28.00', 53, 'CLIENT', 'Case Post Fee: 28', 1, 0, 1, 'ADMIN', 0, '0.00'),
(174, 'Client_Deposit', '153', '2011-02-08 11:08:45', '-40.00', 2, 'PAYMENT', 'Deposit Amount: 40.00', 1, 57, 1, 'ADMIN', 0, '0.00'),
(175, 'Client_Deposit', '153', '2011-02-08 11:08:45', '40.00', 1, 'ADMIN', 'Deposit Amount: 40.00', 1, 57, 2, 'PAYMENT', 0, '0.00'),
(176, 'Client_Deposit', '153', '2011-02-08 11:08:45', '-40.00', 1, 'ADMIN', 'Deposit Amount: 40.00', 1, 57, 53, 'CLIENT', 0, '0.00'),
(177, 'Client_Deposit', '153', '2011-02-08 11:08:45', '40.00', 53, 'CLIENT', 'Deposit Amount: 40.00', 1, 57, 1, 'ADMIN', 0, '0.00'),
(178, 'Client_Deposit', '154', '2011-02-08 11:12:00', '-40.00', 2, 'PAYMENT', 'Deposit Amount: 40.00', 1, 58, 1, 'ADMIN', 0, '0.00'),
(179, 'Client_Deposit', '154', '2011-02-08 11:12:00', '40.00', 1, 'ADMIN', 'Deposit Amount: 40.00', 1, 58, 2, 'PAYMENT', 0, '0.00'),
(180, 'Client_Deposit', '154', '2011-02-08 11:12:00', '-40.00', 1, 'ADMIN', 'Deposit Amount: 40.00', 1, 58, 53, 'CLIENT', 0, '0.00'),
(181, 'Client_Deposit', '154', '2011-02-08 11:12:00', '40.00', 53, 'CLIENT', 'Deposit Amount: 40.00', 1, 58, 1, 'ADMIN', 0, '0.00'),
(182, 'Client_Deposit', '155', '2011-02-08 11:12:10', '-40.00', 2, 'PAYMENT', 'Deposit Amount: 40.00', 1, 59, 1, 'ADMIN', 0, '0.00'),
(183, 'Client_Deposit', '155', '2011-02-08 11:12:10', '40.00', 1, 'ADMIN', 'Deposit Amount: 40.00', 1, 59, 2, 'PAYMENT', 0, '0.00'),
(184, 'Client_Deposit', '155', '2011-02-08 11:12:10', '-40.00', 1, 'ADMIN', 'Deposit Amount: 40.00', 1, 59, 53, 'CLIENT', 0, '0.00'),
(185, 'Client_Deposit', '155', '2011-02-08 11:12:10', '40.00', 53, 'CLIENT', 'Deposit Amount: 40.00', 1, 59, 1, 'ADMIN', 0, '0.00'),
(186, 'Escrow', '156', '2011-02-08 12:02:57', '-10.00', 53, 'CLIENT', 'Escorw Amount: 10', 1, 0, 1, 'ADMIN', 0, '0.00'),
(187, 'Escrow', '156', '2011-02-08 12:02:57', '10.00', 1, 'ADMIN', 'Escorw Amount: 10', 1, 0, 53, 'CLIENT', 0, '0.00'),
(188, 'Escrow', '157', '2011-02-08 12:18:50', '-30.00', 53, 'CLIENT', 'Escorw Amount: 30', 1, 0, 1, 'ADMIN', 0, '0.00'),
(189, 'Escrow', '157', '2011-02-08 12:18:50', '30.00', 1, 'ADMIN', 'Escorw Amount: 30', 1, 0, 53, 'CLIENT', 0, '0.00'),
(190, 'Escrow', '158', '2011-02-08 12:25:45', '-55.00', 53, 'CLIENT', 'Escorw Amount: 55', 1, 0, 1, 'ADMIN', 0, '0.00'),
(191, 'Escrow', '158', '2011-02-08 12:25:45', '55.00', 1, 'ADMIN', 'Escorw Amount: 55', 1, 0, 53, 'CLIENT', 0, '0.00'),
(192, 'Case Post Fee', '159', '2011-02-09 18:45:37', '8.00', 1, 'ADMIN', 'Case Post Fee: 8', 1, 0, 53, 'CLIENT', 0, '0.00'),
(193, 'Case Post Fee', '159', '2011-02-09 18:45:37', '-8.00', 53, 'CLIENT', 'Case Post Fee: 8', 1, 0, 1, 'ADMIN', 0, '0.00'),
(194, 'LAWYER_DEPOSIT', '74', '2011-02-09 19:38:29', '-300.00', 2, 'PAYMENT', 'Amount Deposited: 300.00', 1, 0, 1, 'ADMIN', 0, '0.00'),
(195, 'LAWYER_DEPOSIT', '74', '2011-02-09 19:38:29', '300.00', 1, 'ADMIN', 'Amount Deposited: 300.00', 1, 0, 2, 'PAYMENT', 0, '0.00'),
(196, 'LAWYER_DEPOSIT', '74', '2011-02-09 19:38:29', '300.00', 85, 'LAWYER', 'Amount Deposited: 300.00', 1, 0, 1, 'ADMIN', 0, '0.00'),
(197, 'LAWYER_DEPOSIT', '74', '2011-02-09 19:38:29', '-300.00', 1, 'ADMIN', 'Amount Deposited: 300.00', 1, 0, 85, 'LAWYER', 0, '0.00'),
(198, 'LAWYER_SUBSCRIPTION', '75', '2011-02-09 19:39:43', '-5.00', 85, 'LAWYER', 'Subscription Taken: Premium', 1, 0, 1, 'ADMIN', 0, '0.00'),
(199, 'LAWYER_SUBSCRIPTION', '75', '2011-02-09 19:39:43', '5.00', 1, 'ADMIN', 'Subscription Taken: Premium', 1, 0, 85, 'LAWYER', 0, '0.00'),
(200, 'LAWYER_DEPOSIT', '76', '2011-02-09 19:47:46', '-500.00', 2, 'PAYMENT', 'Amount Deposited: 500.00', 1, 0, 1, 'ADMIN', 0, '0.00'),
(201, 'LAWYER_DEPOSIT', '76', '2011-02-09 19:47:46', '500.00', 1, 'ADMIN', 'Amount Deposited: 500.00', 1, 0, 2, 'PAYMENT', 0, '0.00'),
(202, 'LAWYER_DEPOSIT', '76', '2011-02-09 19:47:46', '500.00', 88, 'LAWYER', 'Amount Deposited: 500.00', 1, 0, 1, 'ADMIN', 0, '0.00'),
(203, 'LAWYER_DEPOSIT', '76', '2011-02-09 19:47:46', '-500.00', 1, 'ADMIN', 'Amount Deposited: 500.00', 1, 0, 88, 'LAWYER', 0, '0.00'),
(204, 'LAWYER_SUBSCRIPTION', '77', '2011-02-09 19:48:19', '-5.00', 88, 'LAWYER', 'Subscription Taken: Premium', 1, 0, 1, 'ADMIN', 0, '0.00'),
(205, 'LAWYER_SUBSCRIPTION', '77', '2011-02-09 19:48:19', '5.00', 1, 'ADMIN', 'Subscription Taken: Premium', 1, 0, 88, 'LAWYER', 0, '0.00'),
(206, 'Case Post Fee', '160', '2011-02-10 15:45:16', '8.00', 1, 'ADMIN', 'Case Post Fee: 8', 1, 0, 15, 'CLIENT', 0, '0.00'),
(207, 'Case Post Fee', '160', '2011-02-10 15:45:16', '-8.00', 15, 'CLIENT', 'Case Post Fee: 8', 1, 0, 1, 'ADMIN', 0, '0.00'),
(208, 'Escrow', '52', '2011-02-10 18:32:40', '0.00', 15, 'CLIENT', 'Escorw Amount: ', 1, 0, 1, 'ADMIN', 0, '0.00'),
(209, 'Escrow', '52', '2011-02-10 18:32:40', '0.00', 1, 'ADMIN', 'Escorw Amount: ', 1, 0, 15, 'CLIENT', 0, '0.00'),
(210, 'Escrow', '53', '2011-02-10 18:34:24', '0.00', 15, 'CLIENT', 'Escorw Amount: ', 1, 0, 1, 'ADMIN', 0, '0.00'),
(211, 'Escrow', '53', '2011-02-10 18:34:24', '0.00', 1, 'ADMIN', 'Escorw Amount: ', 1, 0, 15, 'CLIENT', 0, '0.00'),
(212, 'Case Post Fee', '161', '2011-02-11 13:09:55', '18.00', 1, 'ADMIN', 'Case Post Fee: 18', 1, 0, 49, 'CLIENT', 0, '0.00'),
(213, 'Case Post Fee', '161', '2011-02-11 13:09:55', '-18.00', 49, 'CLIENT', 'Case Post Fee: 18', 1, 0, 1, 'ADMIN', 0, '0.00'),
(214, 'Escrow', '162', '2011-02-11 16:42:27', '-50.00', 49, 'CLIENT', 'Escorw Amount: 50', 1, 0, 1, 'ADMIN', 0, '0.00'),
(215, 'Escrow', '162', '2011-02-11 16:42:27', '50.00', 1, 'ADMIN', 'Escorw Amount: 50', 1, 0, 49, 'CLIENT', 0, '0.00'),
(216, 'Escrow', '0', '2011-02-14 20:00:38', '0.00', 45, '', 'Escorw Amount: ', 1, 0, 1, 'ADMIN', 0, '0.00'),
(217, 'Escrow', '0', '2011-02-14 20:00:38', '0.00', 1, 'ADMIN', 'Escorw Amount: ', 1, 0, 45, '', 0, '0.00'),
(218, 'Escrow', '163', '2011-02-14 20:02:25', '-100.00', 45, 'CLIENT', 'Escorw Amount: 100', 1, 0, 1, 'ADMIN', 0, '0.00'),
(219, 'Escrow', '163', '2011-02-14 20:02:25', '100.00', 1, 'ADMIN', 'Escorw Amount: 100', 1, 0, 45, 'CLIENT', 0, '0.00'),
(220, 'LAWYER_SUBSCRIPTION', '78', '2011-02-15 12:39:06', '-5.00', 62, 'LAWYER', 'Subscription Taken: Premium', 1, 0, 1, 'ADMIN', 0, '0.00'),
(221, 'LAWYER_SUBSCRIPTION', '78', '2011-02-15 12:39:06', '5.00', 1, 'ADMIN', 'Subscription Taken: Premium', 1, 0, 62, 'LAWYER', 0, '0.00'),
(222, 'Case Post Fee', '164', '2011-02-15 15:19:02', '18.00', 1, 'ADMIN', 'Case Post Fee: 18', 1, 0, 49, 'CLIENT', 0, '0.00'),
(223, 'Case Post Fee', '164', '2011-02-15 15:19:02', '-18.00', 49, 'CLIENT', 'Case Post Fee: 18', 1, 0, 1, 'ADMIN', 0, '0.00'),
(224, 'Case Post Fee', '165', '2011-02-15 15:58:51', '8.00', 1, 'ADMIN', 'Case Post Fee: 8', 1, 0, 15, 'CLIENT', 0, '0.00'),
(225, 'Case Post Fee', '165', '2011-02-15 15:58:51', '-8.00', 15, 'CLIENT', 'Case Post Fee: 8', 1, 0, 1, 'ADMIN', 0, '0.00'),
(226, 'Case Post Fee', '166', '2011-02-15 15:59:08', '8.00', 1, 'ADMIN', 'Case Post Fee: 8', 1, 0, 15, 'CLIENT', 0, '0.00'),
(227, 'Case Post Fee', '166', '2011-02-15 15:59:08', '-8.00', 15, 'CLIENT', 'Case Post Fee: 8', 1, 0, 1, 'ADMIN', 0, '0.00'),
(228, 'Escrow', '167', '2011-02-15 20:19:14', '-100.00', 49, 'CLIENT', 'Escorw Amount: 100', 1, 0, 1, 'ADMIN', 0, '0.00'),
(229, 'Escrow', '167', '2011-02-15 20:19:14', '100.00', 1, 'ADMIN', 'Escorw Amount: 100', 1, 0, 49, 'CLIENT', 0, '0.00'),
(230, 'Escrow', '168', '2011-02-15 20:29:00', '-100.00', 49, 'CLIENT', 'Escorw Amount: 100', 1, 0, 1, 'ADMIN', 0, '0.00'),
(231, 'Escrow', '168', '2011-02-15 20:29:00', '100.00', 1, 'ADMIN', 'Escorw Amount: 100', 1, 0, 49, 'CLIENT', 0, '0.00'),
(232, 'Release Request', '0', '2011-02-15 20:46:26', '100.00', 81, 'LAWYER', 'Release Request Amount: 100.00', 1, 0, 1, 'ADMIN', 0, '0.00'),
(233, 'Release Request', '0', '2011-02-15 20:46:26', '-100.00', 1, 'ADMIN', 'Release Request Amount: 100.00', 1, 0, 81, 'LAWYER', 0, '0.00'),
(234, 'Case Post Fee', '169', '2011-02-16 14:38:58', '8.00', 1, 'ADMIN', 'Case Post Fee: 8', 1, 0, 15, 'CLIENT', 0, '0.00'),
(235, 'Case Post Fee', '169', '2011-02-16 14:38:58', '-8.00', 15, 'CLIENT', 'Case Post Fee: 8', 1, 0, 1, 'ADMIN', 0, '0.00'),
(236, 'Case Post Fee', '170', '2011-02-16 14:45:13', '8.00', 1, 'ADMIN', 'Case Post Fee: 8', 1, 0, 15, 'CLIENT', 0, '0.00'),
(237, 'Case Post Fee', '170', '2011-02-16 14:45:13', '-8.00', 15, 'CLIENT', 'Case Post Fee: 8', 1, 0, 1, 'ADMIN', 0, '0.00'),
(238, 'Case Post Fee', '171', '2011-02-16 14:56:38', '8.00', 1, 'ADMIN', 'Case Post Fee: 8', 1, 0, 15, 'CLIENT', 0, '0.00'),
(239, 'Case Post Fee', '171', '2011-02-16 14:56:38', '-8.00', 15, 'CLIENT', 'Case Post Fee: 8', 1, 0, 1, 'ADMIN', 0, '0.00'),
(240, 'Case Post Fee', '172', '2011-02-16 14:57:21', '8.00', 1, 'ADMIN', 'Case Post Fee: 8', 1, 0, 15, 'CLIENT', 0, '0.00'),
(241, 'Case Post Fee', '172', '2011-02-16 14:57:21', '-8.00', 15, 'CLIENT', 'Case Post Fee: 8', 1, 0, 1, 'ADMIN', 0, '0.00'),
(242, 'LAWYER_DEPOSIT', '79', '2011-02-16 14:57:59', '-15.00', 2, 'PAYMENT', 'Amount Deposited: 15.00', 1, 0, 1, 'ADMIN', 0, '0.00'),
(243, 'LAWYER_DEPOSIT', '79', '2011-02-16 14:57:59', '15.00', 1, 'ADMIN', 'Amount Deposited: 15.00', 1, 0, 2, 'PAYMENT', 0, '0.00'),
(244, 'LAWYER_DEPOSIT', '79', '2011-02-16 14:57:59', '15.00', 89, 'LAWYER', 'Amount Deposited: 15.00', 1, 0, 1, 'ADMIN', 0, '0.00'),
(245, 'LAWYER_DEPOSIT', '79', '2011-02-16 14:57:59', '-15.00', 1, 'ADMIN', 'Amount Deposited: 15.00', 1, 0, 89, 'LAWYER', 0, '0.00'),
(246, 'LAWYER_SUBSCRIPTION', '80', '2011-02-16 14:58:16', '-15.00', 89, 'LAWYER', 'Subscription Taken: Gold', 1, 0, 1, 'ADMIN', 0, '0.00'),
(247, 'LAWYER_SUBSCRIPTION', '80', '2011-02-16 14:58:16', '15.00', 1, 'ADMIN', 'Subscription Taken: Gold', 1, 0, 89, 'LAWYER', 0, '0.00'),
(248, 'LAWYER_DEPOSIT', '81', '2011-02-16 15:01:54', '-5.00', 2, 'PAYMENT', 'Amount Deposited: 5.00', 1, 0, 1, 'ADMIN', 0, '0.00'),
(249, 'LAWYER_DEPOSIT', '81', '2011-02-16 15:01:54', '5.00', 1, 'ADMIN', 'Amount Deposited: 5.00', 1, 0, 2, 'PAYMENT', 0, '0.00'),
(250, 'LAWYER_DEPOSIT', '81', '2011-02-16 15:01:54', '5.00', 89, 'LAWYER', 'Amount Deposited: 5.00', 1, 0, 1, 'ADMIN', 0, '0.00'),
(251, 'LAWYER_DEPOSIT', '81', '2011-02-16 15:01:54', '-5.00', 1, 'ADMIN', 'Amount Deposited: 5.00', 1, 0, 89, 'LAWYER', 0, '0.00'),
(252, 'LAWYER_DEPOSIT', '82', '2011-02-16 15:05:48', '-10.00', 2, 'PAYMENT', 'Amount Deposited: 10.00', 1, 0, 1, 'ADMIN', 0, '0.00'),
(253, 'LAWYER_DEPOSIT', '82', '2011-02-16 15:05:48', '10.00', 1, 'ADMIN', 'Amount Deposited: 10.00', 1, 0, 2, 'PAYMENT', 0, '0.00'),
(254, 'LAWYER_DEPOSIT', '82', '2011-02-16 15:05:48', '10.00', 89, 'LAWYER', 'Amount Deposited: 10.00', 1, 0, 1, 'ADMIN', 0, '0.00'),
(255, 'LAWYER_DEPOSIT', '82', '2011-02-16 15:05:48', '-10.00', 1, 'ADMIN', 'Amount Deposited: 10.00', 1, 0, 89, 'LAWYER', 0, '0.00'),
(256, 'LAWYER_DEPOSIT', '83', '2011-02-16 15:20:05', '-15.00', 2, 'PAYMENT', 'Amount Deposited: 15.00', 1, 0, 1, 'ADMIN', 0, '0.00'),
(257, 'LAWYER_DEPOSIT', '83', '2011-02-16 15:20:05', '15.00', 1, 'ADMIN', 'Amount Deposited: 15.00', 1, 0, 2, 'PAYMENT', 0, '0.00'),
(258, 'LAWYER_DEPOSIT', '83', '2011-02-16 15:20:05', '15.00', 89, 'LAWYER', 'Amount Deposited: 15.00', 1, 0, 1, 'ADMIN', 0, '0.00'),
(259, 'LAWYER_DEPOSIT', '83', '2011-02-16 15:20:05', '-15.00', 1, 'ADMIN', 'Amount Deposited: 15.00', 1, 0, 89, 'LAWYER', 0, '0.00'),
(260, 'Client_Deposit', '173', '2011-02-16 16:36:30', '-20.00', 2, 'PAYMENT', 'Deposit Amount: 20.00', 1, 66, 1, 'ADMIN', 0, '0.00'),
(261, 'Client_Deposit', '173', '2011-02-16 16:36:30', '20.00', 1, 'ADMIN', 'Deposit Amount: 20.00', 1, 66, 2, 'PAYMENT', 0, '0.00'),
(262, 'Client_Deposit', '173', '2011-02-16 16:36:30', '-20.00', 1, 'ADMIN', 'Deposit Amount: 20.00', 1, 66, 58, 'CLIENT', 0, '0.00'),
(263, 'Client_Deposit', '173', '2011-02-16 16:36:30', '20.00', 58, 'CLIENT', 'Deposit Amount: 20.00', 1, 66, 1, 'ADMIN', 0, '0.00'),
(264, 'LAWYER_DEPOSIT', '84', '2011-02-17 17:00:48', '-30.00', 2, 'PAYMENT', 'Amount Deposited: 30.00', 1, 0, 1, 'ADMIN', 0, '0.00'),
(265, 'LAWYER_DEPOSIT', '84', '2011-02-17 17:00:48', '30.00', 1, 'ADMIN', 'Amount Deposited: 30.00', 1, 0, 2, 'PAYMENT', 0, '0.00'),
(266, 'LAWYER_DEPOSIT', '84', '2011-02-17 17:00:48', '30.00', 94, 'LAWYER', 'Amount Deposited: 30.00', 1, 0, 1, 'ADMIN', 0, '0.00'),
(267, 'LAWYER_DEPOSIT', '84', '2011-02-17 17:00:48', '-30.00', 1, 'ADMIN', 'Amount Deposited: 30.00', 1, 0, 94, 'LAWYER', 0, '0.00'),
(268, 'LAWYER_SUBSCRIPTION', '85', '2011-02-17 17:02:43', '-30.00', 94, 'LAWYER', 'Subscription Taken: test', 1, 0, 1, 'ADMIN', 0, '0.00'),
(269, 'LAWYER_SUBSCRIPTION', '85', '2011-02-17 17:02:43', '30.00', 1, 'ADMIN', 'Subscription Taken: test', 1, 0, 94, 'LAWYER', 0, '0.00'),
(270, 'LAWYER_SUBSCRIPTION', '86', '2011-02-17 17:05:09', '-30.00', 94, 'LAWYER', 'Subscription Taken: test', 1, 0, 1, 'ADMIN', 0, '0.00'),
(271, 'LAWYER_SUBSCRIPTION', '86', '2011-02-17 17:05:09', '30.00', 1, 'ADMIN', 'Subscription Taken: test', 1, 0, 94, 'LAWYER', 0, '0.00'),
(272, 'Client_Deposit', '174', '2011-02-17 17:16:11', '-200.00', 2, 'PAYMENT', 'Deposit Amount: 200.00', 1, 68, 1, 'ADMIN', 0, '0.00'),
(273, 'Client_Deposit', '174', '2011-02-17 17:16:11', '200.00', 1, 'ADMIN', 'Deposit Amount: 200.00', 1, 68, 2, 'PAYMENT', 0, '0.00'),
(274, 'Client_Deposit', '174', '2011-02-17 17:16:11', '-200.00', 1, 'ADMIN', 'Deposit Amount: 200.00', 1, 68, 59, 'CLIENT', 0, '0.00'),
(275, 'Client_Deposit', '174', '2011-02-17 17:16:11', '200.00', 59, 'CLIENT', 'Deposit Amount: 200.00', 1, 68, 1, 'ADMIN', 0, '0.00'),
(276, 'Case Post Fee', '175', '2011-02-17 17:17:55', '8.00', 1, 'ADMIN', 'Case Post Fee: 8', 1, 0, 59, 'CLIENT', 0, '0.00'),
(277, 'Case Post Fee', '175', '2011-02-17 17:17:55', '-8.00', 59, 'CLIENT', 'Case Post Fee: 8', 1, 0, 1, 'ADMIN', 0, '0.00'),
(278, 'Case Post Fee', '176', '2011-02-17 17:21:46', '8.00', 1, 'ADMIN', 'Case Post Fee: 8', 1, 0, 59, 'CLIENT', 0, '0.00'),
(279, 'Case Post Fee', '176', '2011-02-17 17:21:46', '-8.00', 59, 'CLIENT', 'Case Post Fee: 8', 1, 0, 1, 'ADMIN', 0, '0.00'),
(280, 'Case Post Fee', '177', '2011-02-17 17:23:32', '8.00', 1, 'ADMIN', 'Case Post Fee: 8', 1, 0, 59, 'CLIENT', 0, '0.00'),
(281, 'Case Post Fee', '177', '2011-02-17 17:23:32', '-8.00', 59, 'CLIENT', 'Case Post Fee: 8', 1, 0, 1, 'ADMIN', 0, '0.00'),
(282, 'Case Post Fee', '178', '2011-02-17 17:48:25', '8.00', 1, 'ADMIN', 'Case Post Fee: 8', 1, 0, 15, 'CLIENT', 0, '0.00'),
(283, 'Case Post Fee', '178', '2011-02-17 17:48:25', '-8.00', 15, 'CLIENT', 'Case Post Fee: 8', 1, 0, 1, 'ADMIN', 0, '0.00'),
(284, 'Client_Deposit', '179', '2011-02-17 19:03:10', '-200.00', 2, 'PAYMENT', 'Deposit Amount: 200.00', 1, 69, 1, 'ADMIN', 0, '0.00'),
(285, 'Client_Deposit', '179', '2011-02-17 19:03:10', '200.00', 1, 'ADMIN', 'Deposit Amount: 200.00', 1, 69, 2, 'PAYMENT', 0, '0.00'),
(286, 'Client_Deposit', '179', '2011-02-17 19:03:10', '-200.00', 1, 'ADMIN', 'Deposit Amount: 200.00', 1, 69, 15, 'CLIENT', 0, '0.00'),
(287, 'Client_Deposit', '179', '2011-02-17 19:03:10', '200.00', 15, 'CLIENT', 'Deposit Amount: 200.00', 1, 69, 1, 'ADMIN', 0, '0.00'),
(288, 'Client_Deposit', '180', '2011-02-17 20:03:48', '-100.00', 2, 'PAYMENT', 'Deposit Amount: 100.00', 1, 70, 1, 'ADMIN', 0, '0.00'),
(289, 'Client_Deposit', '180', '2011-02-17 20:03:48', '100.00', 1, 'ADMIN', 'Deposit Amount: 100.00', 1, 70, 2, 'PAYMENT', 0, '0.00'),
(290, 'Client_Deposit', '180', '2011-02-17 20:03:48', '-100.00', 1, 'ADMIN', 'Deposit Amount: 100.00', 1, 70, 15, 'CLIENT', 0, '0.00'),
(291, 'Client_Deposit', '180', '2011-02-17 20:03:48', '100.00', 15, 'CLIENT', 'Deposit Amount: 100.00', 1, 70, 1, 'ADMIN', 0, '0.00'),
(292, 'Case Post Fee', '181', '2011-02-18 14:39:39', '8.00', 1, 'ADMIN', 'Case Post Fee: 8', 1, 0, 15, 'CLIENT', 0, '0.00'),
(293, 'Case Post Fee', '181', '2011-02-18 14:39:39', '-8.00', 15, 'CLIENT', 'Case Post Fee: 8', 1, 0, 1, 'ADMIN', 0, '0.00'),
(294, 'Escrow', '182', '2011-02-18 17:19:34', '100.00', 1, 'ADMIN', 'Escorw Amount: 100.00', 1, 71, 15, 'CLIENT', 0, '0.00'),
(295, 'Client_Deposit', '183', '2011-02-18 18:41:31', '-100.00', 2, 'PAYMENT', 'Deposit Amount: 100.00', 1, 72, 1, 'ADMIN', 0, '0.00'),
(296, 'Client_Deposit', '183', '2011-02-18 18:41:31', '100.00', 1, 'ADMIN', 'Deposit Amount: 100.00', 1, 72, 2, 'PAYMENT', 0, '0.00'),
(297, 'Client_Deposit', '183', '2011-02-18 18:41:31', '-100.00', 1, 'ADMIN', 'Deposit Amount: 100.00', 1, 72, 60, 'CLIENT', 0, '0.00'),
(298, 'Client_Deposit', '183', '2011-02-18 18:41:31', '100.00', 60, 'CLIENT', 'Deposit Amount: 100.00', 1, 72, 1, 'ADMIN', 0, '0.00'),
(299, 'Case Post Fee', '184', '2011-02-18 18:44:45', '8.00', 1, 'ADMIN', 'Case Post Fee: 8', 1, 0, 60, 'CLIENT', 0, '0.00'),
(300, 'Case Post Fee', '184', '2011-02-18 18:44:45', '-8.00', 60, 'CLIENT', 'Case Post Fee: 8', 1, 0, 1, 'ADMIN', 0, '0.00'),
(301, 'LAWYER_DEPOSIT', '87', '2011-02-18 19:37:33', '-500.00', 2, 'PAYMENT', 'Amount Deposited: 500.00', 1, 0, 1, 'ADMIN', 0, '0.00'),
(302, 'LAWYER_DEPOSIT', '87', '2011-02-18 19:37:33', '500.00', 1, 'ADMIN', 'Amount Deposited: 500.00', 1, 0, 2, 'PAYMENT', 0, '0.00'),
(303, 'LAWYER_DEPOSIT', '87', '2011-02-18 19:37:33', '500.00', 95, 'LAWYER', 'Amount Deposited: 500.00', 1, 0, 1, 'ADMIN', 0, '0.00'),
(304, 'LAWYER_DEPOSIT', '87', '2011-02-18 19:37:33', '-500.00', 1, 'ADMIN', 'Amount Deposited: 500.00', 1, 0, 95, 'LAWYER', 0, '0.00'),
(305, 'LAWYER_SUBSCRIPTION', '88', '2011-02-18 19:43:08', '-15.00', 95, 'LAWYER', 'Subscription Taken: Gold', 1, 0, 1, 'ADMIN', 0, '0.00'),
(306, 'LAWYER_SUBSCRIPTION', '88', '2011-02-18 19:43:08', '15.00', 1, 'ADMIN', 'Subscription Taken: Gold', 1, 0, 95, 'LAWYER', 0, '0.00'),
(307, 'Escrow', '185', '2011-02-18 20:35:43', '500.00', 1, 'ADMIN', 'Escorw Amount: 500.00', 1, 74, 60, 'CLIENT', 0, '0.00'),
(308, 'Case Post Fee', '186', '2011-02-19 13:25:51', '8.00', 1, 'ADMIN', 'Case Post Fee: 8', 1, 0, 15, 'CLIENT', 0, '0.00'),
(309, 'Case Post Fee', '186', '2011-02-19 13:25:51', '-8.00', 15, 'CLIENT', 'Case Post Fee: 8', 1, 0, 1, 'ADMIN', 0, '0.00'),
(310, 'Case Post Fee', '187', '2011-02-19 13:30:52', '8.00', 1, 'ADMIN', 'Case Post Fee: 8', 1, 0, 15, 'CLIENT', 0, '0.00'),
(311, 'Case Post Fee', '187', '2011-02-19 13:30:52', '-8.00', 15, 'CLIENT', 'Case Post Fee: 8', 1, 0, 1, 'ADMIN', 0, '0.00'),
(312, 'Case Post Fee', '188', '2011-02-19 13:31:23', '8.00', 1, 'ADMIN', 'Case Post Fee: 8', 1, 0, 15, 'CLIENT', 0, '0.00'),
(313, 'Case Post Fee', '188', '2011-02-19 13:31:23', '-8.00', 15, 'CLIENT', 'Case Post Fee: 8', 1, 0, 1, 'ADMIN', 0, '0.00'),
(314, 'Case Post Fee', '189', '2011-02-19 14:37:02', '8.00', 1, 'ADMIN', 'Case Post Fee: 8', 1, 0, 15, 'CLIENT', 0, '0.00'),
(315, 'Case Post Fee', '189', '2011-02-19 14:37:02', '-8.00', 15, 'CLIENT', 'Case Post Fee: 8', 1, 0, 1, 'ADMIN', 0, '0.00'),
(316, 'Case Post Fee', '192', '2011-02-22 14:39:08', '18.00', 1, 'ADMIN', 'Case Post Fee: 18', 1, 0, 62, 'CLIENT', 0, '0.00'),
(317, 'Case Post Fee', '192', '2011-02-22 14:39:08', '-18.00', 62, 'CLIENT', 'Case Post Fee: 18', 1, 0, 1, 'ADMIN', 0, '0.00'),
(318, 'LAWYER_SUBSCRIPTION', '91', '2011-02-22 15:26:06', '-15.00', 98, 'LAWYER', 'Subscription Taken: Gold', 1, 0, 1, 'ADMIN', 0, '0.00'),
(319, 'LAWYER_SUBSCRIPTION', '91', '2011-02-22 15:26:06', '15.00', 1, 'ADMIN', 'Subscription Taken: Gold', 1, 0, 98, 'LAWYER', 0, '0.00'),
(320, 'Case Post Fee', '193', '2011-02-23 15:24:57', '8.00', 1, 'ADMIN', 'Case Post Fee: 8', 1, 0, 45, 'CLIENT', 0, '0.00'),
(321, 'Case Post Fee', '193', '2011-02-23 15:24:57', '-8.00', 45, 'CLIENT', 'Case Post Fee: 8', 1, 0, 1, 'ADMIN', 0, '0.00'),
(322, 'LAWYER_SUBSCRIPTION', '92', '2011-02-23 19:20:14', '-30.00', 62, 'LAWYER', 'Subscription Taken: test', 1, 0, 1, 'ADMIN', 0, '0.00'),
(323, 'LAWYER_SUBSCRIPTION', '92', '2011-02-23 19:20:14', '30.00', 1, 'ADMIN', 'Subscription Taken: test', 1, 0, 62, 'LAWYER', 0, '0.00'),
(324, 'Case Post Fee', '195', '2011-02-24 05:00:14', '28.00', 1, 'ADMIN', 'Case Post Fee: 28', 1, 0, 62, 'CLIENT', 0, '0.00'),
(325, 'Case Post Fee', '195', '2011-02-24 05:00:14', '-28.00', 62, 'CLIENT', 'Case Post Fee: 28', 1, 0, 1, 'ADMIN', 0, '0.00'),
(326, 'Escrow', '196', '2011-02-24 08:32:36', '-220.00', 62, 'CLIENT', 'Escorw Amount: 220', 1, 0, 1, 'ADMIN', 0, '0.00'),
(327, 'Escrow', '196', '2011-02-24 08:32:36', '220.00', 1, 'ADMIN', 'Escorw Amount: 220', 1, 0, 62, 'CLIENT', 0, '0.00'),
(328, 'LAWYER_SUBSCRIPTION', '94', '2011-02-26 00:39:42', '-5.00', 98, 'LAWYER', 'Subscription Taken: Premium', 1, 0, 1, 'ADMIN', 0, '0.00'),
(329, 'LAWYER_SUBSCRIPTION', '94', '2011-02-26 00:39:42', '5.00', 1, 'ADMIN', 'Subscription Taken: Premium', 1, 0, 98, 'LAWYER', 0, '0.00'),
(330, 'Release Request', '0', '2011-02-28 14:46:07', '10.00', 62, 'LAWYER', 'Release Request Amount: 10.00', 1, 0, 1, 'ADMIN', 0, '0.00'),
(331, 'Release Request', '0', '2011-02-28 14:46:07', '-10.00', 1, 'ADMIN', 'Release Request Amount: 10.00', 1, 0, 62, 'LAWYER', 0, '0.00'),
(332, 'Case Post Fee', '197', '2011-02-28 15:52:55', '8.00', 1, 'ADMIN', 'Case Post Fee: 8', 1, 0, 62, 'CLIENT', 0, '0.00'),
(333, 'Case Post Fee', '197', '2011-02-28 15:52:55', '-8.00', 62, 'CLIENT', 'Case Post Fee: 8', 1, 0, 1, 'ADMIN', 0, '0.00'),
(334, 'LAWYER_SUBSCRIPTION', '95', '2011-02-28 17:14:49', '-50.00', 99, 'LAWYER', 'Subscription Taken: testrd', 1, 0, 1, 'ADMIN', 0, '0.00'),
(335, 'LAWYER_SUBSCRIPTION', '95', '2011-02-28 17:14:49', '50.00', 1, 'ADMIN', 'Subscription Taken: testrd', 1, 0, 99, 'LAWYER', 0, '0.00'),
(336, 'Release Request', '0', '2011-03-01 12:55:04', '40.00', 62, 'LAWYER', 'Release Request Amount: 40.00', 1, 0, 1, 'ADMIN', 0, '0.00'),
(337, 'Release Request', '0', '2011-03-01 12:55:04', '-40.00', 1, 'ADMIN', 'Release Request Amount: 40.00', 1, 0, 62, 'LAWYER', 0, '0.00'),
(338, 'Case Post Fee', '199', '2011-03-01 16:03:58', '8.00', 1, 'ADMIN', 'Case Post Fee: 8', 1, 0, 62, 'CLIENT', 0, '0.00'),
(339, 'Case Post Fee', '199', '2011-03-01 16:03:58', '-8.00', 62, 'CLIENT', 'Case Post Fee: 8', 1, 0, 1, 'ADMIN', 0, '0.00'),
(340, 'Escrow', '200', '2011-03-01 16:48:42', '-300.00', 62, 'CLIENT', 'Escorw Amount: 300', 1, 0, 1, 'ADMIN', 0, '0.00'),
(341, 'Escrow', '200', '2011-03-01 16:48:42', '300.00', 1, 'ADMIN', 'Escorw Amount: 300', 1, 0, 62, 'CLIENT', 0, '0.00'),
(342, 'Release Request', '0', '2011-03-01 16:50:58', '300.00', 99, 'LAWYER', 'Release Request Amount: 300.00', 1, 0, 1, 'ADMIN', 0, '0.00'),
(343, 'Release Request', '0', '2011-03-01 16:50:58', '-300.00', 1, 'ADMIN', 'Release Request Amount: 300.00', 1, 0, 99, 'LAWYER', 0, '0.00'),
(344, 'LAWYER_DEPOSIT', '96', '2011-03-01 22:41:37', '-55.00', 2, 'PAYMENT', 'Amount Deposited: 55.00', 1, 0, 1, 'ADMIN', 0, '0.00'),
(345, 'LAWYER_DEPOSIT', '96', '2011-03-01 22:41:37', '55.00', 1, 'ADMIN', 'Amount Deposited: 55.00', 1, 0, 2, 'PAYMENT', 0, '0.00'),
(346, 'LAWYER_DEPOSIT', '96', '2011-03-01 22:41:37', '55.00', 98, 'LAWYER', 'Amount Deposited: 55.00', 1, 0, 1, 'ADMIN', 0, '0.00'),
(347, 'LAWYER_DEPOSIT', '96', '2011-03-01 22:41:37', '-55.00', 1, 'ADMIN', 'Amount Deposited: 55.00', 1, 0, 98, 'LAWYER', 0, '0.00'),
(348, 'LAWYER_DEPOSIT', '97', '2011-03-01 22:42:22', '-55.00', 2, 'PAYMENT', 'Amount Deposited: 55.00', 1, 0, 1, 'ADMIN', 0, '0.00'),
(349, 'LAWYER_DEPOSIT', '97', '2011-03-01 22:42:22', '55.00', 1, 'ADMIN', 'Amount Deposited: 55.00', 1, 0, 2, 'PAYMENT', 0, '0.00'),
(350, 'LAWYER_DEPOSIT', '97', '2011-03-01 22:42:22', '55.00', 98, 'LAWYER', 'Amount Deposited: 55.00', 1, 0, 1, 'ADMIN', 0, '0.00'),
(351, 'LAWYER_DEPOSIT', '97', '2011-03-01 22:42:22', '-55.00', 1, 'ADMIN', 'Amount Deposited: 55.00', 1, 0, 98, 'LAWYER', 0, '0.00'),
(352, 'LAWYER_DEPOSIT', '98', '2011-03-01 22:43:17', '-55.00', 2, 'PAYMENT', 'Amount Deposited: 55.00', 1, 0, 1, 'ADMIN', 0, '0.00'),
(353, 'LAWYER_DEPOSIT', '98', '2011-03-01 22:43:17', '55.00', 1, 'ADMIN', 'Amount Deposited: 55.00', 1, 0, 2, 'PAYMENT', 0, '0.00'),
(354, 'LAWYER_DEPOSIT', '98', '2011-03-01 22:43:17', '55.00', 98, 'LAWYER', 'Amount Deposited: 55.00', 1, 0, 1, 'ADMIN', 0, '0.00'),
(355, 'LAWYER_DEPOSIT', '98', '2011-03-01 22:43:17', '-55.00', 1, 'ADMIN', 'Amount Deposited: 55.00', 1, 0, 98, 'LAWYER', 0, '0.00'),
(356, 'Client_Deposit', '202', '2011-03-02 16:28:26', '-1.00', 2, 'PAYMENT', 'Deposit Amount: 1.00', 1, 78, 1, 'ADMIN', 0, '0.00'),
(357, 'Client_Deposit', '202', '2011-03-02 16:28:26', '1.00', 1, 'ADMIN', 'Deposit Amount: 1.00', 1, 78, 2, 'PAYMENT', 0, '0.00'),
(358, 'Client_Deposit', '202', '2011-03-02 16:28:26', '-1.00', 1, 'ADMIN', 'Deposit Amount: 1.00', 1, 78, 15, 'CLIENT', 0, '0.00'),
(359, 'Client_Deposit', '202', '2011-03-02 16:28:26', '1.00', 15, 'CLIENT', 'Deposit Amount: 1.00', 1, 78, 1, 'ADMIN', 0, '0.00'),
(360, 'Client_Deposit', '203', '2011-03-02 16:42:01', '-1.00', 2, 'PAYMENT', 'Deposit Amount: 1.00', 1, 79, 1, 'ADMIN', 0, '0.00'),
(361, 'Client_Deposit', '203', '2011-03-02 16:42:01', '1.00', 1, 'ADMIN', 'Deposit Amount: 1.00', 1, 79, 2, 'PAYMENT', 0, '0.00'),
(362, 'Client_Deposit', '203', '2011-03-02 16:42:01', '-1.00', 1, 'ADMIN', 'Deposit Amount: 1.00', 1, 79, 15, 'CLIENT', 0, '0.00'),
(363, 'Client_Deposit', '203', '2011-03-02 16:42:01', '1.00', 15, 'CLIENT', 'Deposit Amount: 1.00', 1, 79, 1, 'ADMIN', 0, '0.00'),
(364, 'LAWYER_DEPOSIT', '100', '2011-03-02 17:24:55', '-1.00', 2, 'PAYMENT', 'Amount Deposited: 1.00', 1, 0, 1, 'ADMIN', 0, '0.00'),
(365, 'LAWYER_DEPOSIT', '100', '2011-03-02 17:24:55', '1.00', 1, 'ADMIN', 'Amount Deposited: 1.00', 1, 0, 2, 'PAYMENT', 0, '0.00'),
(366, 'LAWYER_DEPOSIT', '100', '2011-03-02 17:24:55', '1.00', 62, 'LAWYER', 'Amount Deposited: 1.00', 1, 0, 1, 'ADMIN', 0, '0.00'),
(367, 'LAWYER_DEPOSIT', '100', '2011-03-02 17:24:55', '-1.00', 1, 'ADMIN', 'Amount Deposited: 1.00', 1, 0, 62, 'LAWYER', 0, '0.00'),
(368, 'Case Post Fee', '205', '2011-03-03 17:43:02', '8.00', 1, 'ADMIN', 'Case Post Fee: 8', 1, 0, 15, 'CLIENT', 0, '0.00'),
(369, 'Case Post Fee', '205', '2011-03-03 17:43:02', '-8.00', 15, 'CLIENT', 'Case Post Fee: 8', 1, 0, 1, 'ADMIN', 0, '0.00'),
(370, 'Case Post Fee', '207', '2011-03-04 08:51:40', '58.00', 1, 'ADMIN', 'Case Post Fee: 58', 1, 0, 62, 'CLIENT', 0, '0.00'),
(371, 'Case Post Fee', '207', '2011-03-04 08:51:40', '-58.00', 62, 'CLIENT', 'Case Post Fee: 58', 1, 0, 1, 'ADMIN', 0, '0.00'),
(372, 'Escrow', '208', '2011-03-05 02:16:43', '-120.00', 62, 'CLIENT', 'Escorw Amount: 120', 1, 0, 1, 'ADMIN', 0, '0.00'),
(373, 'Escrow', '208', '2011-03-05 02:16:43', '120.00', 1, 'ADMIN', 'Escorw Amount: 120', 1, 0, 62, 'CLIENT', 0, '0.00'),
(374, 'Escrow', '209', '2011-03-07 14:40:13', '-50.00', 15, 'CLIENT', 'Escorw Amount: 50', 1, 0, 1, 'ADMIN', 0, '0.00'),
(375, 'Escrow', '209', '2011-03-07 14:40:14', '50.00', 1, 'ADMIN', 'Escorw Amount: 50', 1, 0, 15, 'CLIENT', 0, '0.00'),
(376, 'Case Post Fee', '210', '2011-03-09 15:56:00', '8.00', 1, 'ADMIN', 'Case Post Fee: 8', 1, 0, 15, 'CLIENT', 0, '0.00'),
(377, 'Case Post Fee', '210', '2011-03-09 15:56:00', '-8.00', 15, 'CLIENT', 'Case Post Fee: 8', 1, 0, 1, 'ADMIN', 0, '0.00'),
(378, 'Case Post Fee', '211', '2011-03-09 16:39:23', '8.00', 1, 'ADMIN', 'Case Post Fee: 8', 1, 0, 15, 'CLIENT', 0, '7.76'),
(379, 'Case Post Fee', '211', '2011-03-09 16:39:23', '-8.00', 15, 'CLIENT', 'Case Post Fee: 8', 1, 0, 1, 'ADMIN', 0, '-7.76'),
(380, 'Case Post Fee', '212', '2011-03-09 17:17:26', '8.00', 1, 'ADMIN', 'Case Post Fee: 8', 1, 0, 15, 'CLIENT', 2, '7.76'),
(381, 'Case Post Fee', '212', '2011-03-09 17:17:26', '-8.00', 15, 'CLIENT', 'Case Post Fee: 8', 1, 0, 1, 'ADMIN', 2, '-7.76'),
(382, 'Case Post Fee', '213', '2011-03-09 19:38:05', '8.00', 1, 'ADMIN', 'Case Post Fee: 8', 1, 0, 15, 'CLIENT', 0, '0.00'),
(383, 'Case Post Fee', '213', '2011-03-09 19:38:05', '-8.00', 15, 'CLIENT', 'Case Post Fee: 8', 1, 0, 1, 'ADMIN', 0, '0.00'),
(384, 'Escrow', '216', '2011-03-14 11:50:49', '-10.00', 15, 'CLIENT', 'Escorw Amount: 10', 1, 0, 1, 'ADMIN', 0, '0.00'),
(385, 'Escrow', '216', '2011-03-14 11:50:49', '10.00', 1, 'ADMIN', 'Escorw Amount: 10', 1, 0, 15, 'CLIENT', 0, '0.00'),
(386, 'Escrow', '217', '2011-03-14 15:40:10', '-1.03', 15, 'CLIENT', 'Escorw Amount: 1.03', 1, 0, 1, 'ADMIN', 2, '1.00'),
(387, 'Escrow', '217', '2011-03-14 15:40:10', '1.03', 1, 'ADMIN', 'Escorw Amount: 1.03', 1, 0, 15, 'CLIENT', 2, '1.00'),
(388, 'Case Post Fee', '218', '2011-03-14 17:41:42', '8.00', 1, 'ADMIN', 'Case Post Fee: 8', 1, 0, 15, 'CLIENT', 1, '0.00'),
(389, 'Case Post Fee', '218', '2011-03-14 17:41:42', '-8.00', 15, 'CLIENT', 'Case Post Fee: 8', 1, 0, 1, 'ADMIN', 1, '0.00'),
(390, 'Case Post Fee', '219', '2011-03-14 17:53:12', '8.00', 1, 'ADMIN', 'Case Post Fee: 8', 1, 0, 15, 'CLIENT', 1, '0.00');
INSERT INTO `lm_alltransaction_tbl` (`TransactionId`, `TransactionType`, `TransactionNumber`, `TransactionDate`, `TransactionAmount`, `PayerId`, `PayerType`, `TransactionDescription`, `TransactionStatus`, `EselectPaymentId`, `RefId`, `RefType`, `CurrencyId`, `CurrencyValue`) VALUES
(391, 'Case Post Fee', '219', '2011-03-14 17:53:12', '-8.00', 15, 'CLIENT', 'Case Post Fee: 8', 1, 0, 1, 'ADMIN', 1, '0.00'),
(392, 'Escrow', '220', '2011-03-14 18:09:28', '0.00', 15, 'CLIENT', 'Escorw Amount: 0', 1, 0, 1, 'ADMIN', 1, '10.00'),
(393, 'Escrow', '220', '2011-03-14 18:09:28', '0.00', 1, 'ADMIN', 'Escorw Amount: 0', 1, 0, 15, 'CLIENT', 1, '10.00'),
(394, 'Escrow', '221', '2011-03-14 18:41:38', '-1.00', 15, 'CLIENT', 'Escorw Amount: 1.00', 1, 0, 1, 'ADMIN', 1, '1.00'),
(395, 'Escrow', '221', '2011-03-14 18:41:38', '1.00', 1, 'ADMIN', 'Escorw Amount: 1.00', 1, 0, 15, 'CLIENT', 1, '1.00'),
(396, 'Escrow', '222', '2011-03-14 18:53:43', '-9.00', 15, 'CLIENT', 'Escorw Amount: 9.00', 1, 0, 1, 'ADMIN', 1, '9.00'),
(397, 'Escrow', '222', '2011-03-14 18:53:43', '9.00', 1, 'ADMIN', 'Escorw Amount: 9.00', 1, 0, 15, 'CLIENT', 1, '9.00'),
(398, 'MILESTONE_PAYMENT', '0', '2011-03-15 18:15:17', '1.13', 62, 'LAWYER', 'Milestone Payment: 1.13', 1, 0, 1, 'ADMIN', 2, '1.12'),
(399, 'MILESTONE_PAYMENT', '0', '2011-03-15 18:15:17', '-1.13', 1, 'ADMIN', 'Milestone Payment: 1.13', 1, 0, 62, 'LAWYER', 2, '1.12'),
(400, 'LAWYER_SUBSCRIPTION', '101', '2011-03-16 13:09:34', '-11.20', 62, 'LAWYER', 'Subscription Taken: Silver', 1, 0, 1, 'ADMIN', 2, '-10.98'),
(401, 'LAWYER_SUBSCRIPTION', '101', '2011-03-16 13:09:34', '11.20', 1, 'ADMIN', 'Subscription Taken: Silver', 1, 0, 62, 'LAWYER', 2, '10.98'),
(402, 'Release Request', '0', '2011-03-16 15:28:01', '1.12', 62, 'LAWYER', 'Release Request Amount: 1.12', 1, 0, 1, 'ADMIN', 1, '1.12'),
(403, 'Release Request', '0', '2011-03-16 15:28:01', '-1.12', 1, 'ADMIN', 'Release Request Amount: 1.12', 1, 0, 62, 'LAWYER', 1, '-1.12'),
(404, 'Client_Deposit', '224', '2011-03-17 12:46:44', '-100.00', 2, 'PAYMENT', 'Deposit Amount: 100.00', 1, 81, 1, 'ADMIN', 0, '0.00'),
(405, 'Client_Deposit', '224', '2011-03-17 12:46:44', '100.00', 1, 'ADMIN', 'Deposit Amount: 100.00', 1, 81, 2, 'PAYMENT', 0, '0.00'),
(406, 'Client_Deposit', '224', '2011-03-17 12:46:44', '-100.00', 1, 'ADMIN', 'Deposit Amount: 100.00', 1, 81, 67, 'CLIENT', 0, '0.00'),
(407, 'Client_Deposit', '224', '2011-03-17 12:46:44', '100.00', 67, 'CLIENT', 'Deposit Amount: 100.00', 1, 81, 1, 'ADMIN', 0, '0.00'),
(408, 'Case Post Fee', '225', '2011-03-17 12:50:40', '8.00', 1, 'ADMIN', 'Case Post Fee: 8', 1, 0, 67, 'CLIENT', 0, '0.00'),
(409, 'Case Post Fee', '225', '2011-03-17 12:50:40', '-8.00', 67, 'CLIENT', 'Case Post Fee: 8', 1, 0, 1, 'ADMIN', 0, '0.00'),
(410, 'LAWYER_SUBSCRIPTION', '102', '2011-03-17 12:55:33', '-5.60', 101, 'LAWYER', 'Subscription Taken: Premium', 1, 0, 1, 'ADMIN', 2, '-5.54'),
(411, 'LAWYER_SUBSCRIPTION', '102', '2011-03-17 12:55:33', '5.60', 1, 'ADMIN', 'Subscription Taken: Premium', 1, 0, 101, 'LAWYER', 2, '5.54'),
(412, 'Case Post Fee', '226', '2011-03-17 13:16:40', '8.00', 1, 'ADMIN', 'Case Post Fee: 8', 1, 0, 67, 'CLIENT', 2, '0.00'),
(413, 'Case Post Fee', '226', '2011-03-17 13:16:40', '-8.00', 67, 'CLIENT', 'Case Post Fee: 8', 1, 0, 1, 'ADMIN', 2, '0.00'),
(414, 'Escrow', '227', '2011-03-17 14:48:57', '-50.50', 67, 'CLIENT', 'Escorw Amount: 50.5', 1, 0, 1, 'ADMIN', 2, '-50.00'),
(415, 'Escrow', '227', '2011-03-17 14:48:57', '50.50', 1, 'ADMIN', 'Escorw Amount: 50.5', 1, 0, 67, 'CLIENT', 2, '50.00'),
(416, 'Release Request', '0', '2011-03-17 15:19:41', '11.20', 101, 'LAWYER', 'Release Request Amount: 11.20', 1, 0, 1, 'ADMIN', 1, '11.20'),
(417, 'Release Request', '0', '2011-03-17 15:19:42', '-11.20', 1, 'ADMIN', 'Release Request Amount: 11.20', 1, 0, 101, 'LAWYER', 1, '-11.20'),
(418, 'Escrow', '228', '2011-03-17 19:05:51', '-20.20', 67, 'CLIENT', 'Escorw Amount: 20.2', 1, 0, 1, 'ADMIN', 2, '-20.00'),
(419, 'Escrow', '228', '2011-03-17 19:05:51', '20.20', 1, 'ADMIN', 'Escorw Amount: 20.2', 1, 0, 67, 'CLIENT', 2, '20.00'),
(420, 'Case Post Fee', '229', '2011-03-23 12:30:47', '8.00', 1, 'ADMIN', 'Case Post Fee: 8', 1, 0, 67, 'CLIENT', 2, '7.84'),
(421, 'Case Post Fee', '229', '2011-03-23 12:30:47', '-8.00', 67, 'CLIENT', 'Case Post Fee: 8', 1, 0, 1, 'ADMIN', 2, '-7.84'),
(422, 'Case Post Fee', '230', '2011-03-23 12:46:17', '8.00', 1, 'ADMIN', 'Case Post Fee: 8', 1, 0, 67, 'CLIENT', 2, '7.84'),
(423, 'Case Post Fee', '230', '2011-03-23 12:46:17', '-8.00', 67, 'CLIENT', 'Case Post Fee: 8', 1, 0, 1, 'ADMIN', 2, '-7.84'),
(424, 'Client_Deposit', '231', '2011-03-23 16:32:56', '-1000.00', 2, 'PAYMENT', 'Deposit Amount: 1000.00', 1, 82, 1, 'ADMIN', 0, '0.00'),
(425, 'Client_Deposit', '231', '2011-03-23 16:32:56', '1000.00', 1, 'ADMIN', 'Deposit Amount: 1000.00', 1, 82, 2, 'PAYMENT', 0, '0.00'),
(426, 'Client_Deposit', '231', '2011-03-23 16:32:56', '-1000.00', 1, 'ADMIN', 'Deposit Amount: 1000.00', 1, 82, 66, 'CLIENT', 0, '0.00'),
(427, 'Client_Deposit', '231', '2011-03-23 16:32:56', '1000.00', 66, 'CLIENT', 'Deposit Amount: 1000.00', 1, 82, 1, 'ADMIN', 0, '0.00'),
(428, 'Case Post Fee', '232', '2011-03-23 17:10:50', '8.00', 1, 'ADMIN', 'Case Post Fee: 8', 1, 0, 66, 'CLIENT', 2, '7.84'),
(429, 'Case Post Fee', '232', '2011-03-23 17:10:50', '-8.00', 66, 'CLIENT', 'Case Post Fee: 8', 1, 0, 1, 'ADMIN', 2, '-7.84'),
(430, 'Client_Deposit', '0', '2011-03-24 15:12:26', '-2.00', 2, 'PAYMENT', 'Deposit Amount: 2.00', 1, 0, 1, 'ADMIN', 1, '-2.00'),
(431, 'Client_Deposit', '0', '2011-03-24 15:12:26', '2.00', 1, 'ADMIN', 'Deposit Amount: 2.00', 1, 0, 2, 'PAYMENT', 1, '2.00'),
(432, 'Client_Deposit', '0', '2011-03-24 15:12:26', '-2.00', 1, 'ADMIN', 'Deposit Amount: 2.00', 1, 0, 67, 'CLIENT', 1, '-2.00'),
(433, 'Client_Deposit', '0', '2011-03-24 15:12:26', '2.00', 67, 'CLIENT', 'Deposit Amount: 2.00', 1, 0, 1, 'ADMIN', 1, '2.00'),
(434, 'Client_Deposit', '237', '2011-03-24 15:32:42', '-102.00', 2, 'PAYMENT', 'Deposit Amount: 102', 1, 0, 1, 'ADMIN', 2, '-100.00'),
(435, 'Client_Deposit', '237', '2011-03-24 15:32:42', '102.00', 1, 'ADMIN', 'Deposit Amount: 102', 1, 0, 2, 'PAYMENT', 2, '100.00'),
(436, 'Client_Deposit', '237', '2011-03-24 15:32:42', '-102.00', 1, 'ADMIN', 'Deposit Amount: 102', 1, 0, 67, 'CLIENT', 2, '-100.00'),
(437, 'Client_Deposit', '237', '2011-03-24 15:32:42', '102.00', 67, 'CLIENT', 'Deposit Amount: 102', 1, 0, 1, 'ADMIN', 2, '100.00'),
(438, 'LAWYER_DEPOSIT', '', '2011-03-24 15:46:51', '-1.00', 2, 'PAYMENT', 'Amount Deposited: 1.00', 1, 0, 1, 'ADMIN', 1, '-1.00'),
(439, 'LAWYER_DEPOSIT', '', '2011-03-24 15:46:51', '1.00', 1, 'ADMIN', 'Amount Deposited: 1.00', 1, 0, 2, 'PAYMENT', 1, '1.00'),
(440, 'LAWYER_DEPOSIT', '', '2011-03-24 15:46:51', '1.00', 101, 'LAWYER', 'Amount Deposited: 1.00', 1, 0, 1, 'ADMIN', 1, '1.00'),
(441, 'LAWYER_DEPOSIT', '', '2011-03-24 15:46:51', '-1.00', 1, 'ADMIN', 'Amount Deposited: 1.00', 1, 0, 101, 'LAWYER', 1, '-1.00'),
(442, 'LAWYER_DEPOSIT', '', '2011-03-24 15:48:45', '-1.00', 2, 'PAYMENT', 'Amount Deposited: 1.00', 1, 0, 1, 'ADMIN', 1, '-1.00'),
(443, 'LAWYER_DEPOSIT', '', '2011-03-24 15:48:45', '1.00', 1, 'ADMIN', 'Amount Deposited: 1.00', 1, 0, 2, 'PAYMENT', 1, '1.00'),
(444, 'LAWYER_DEPOSIT', '', '2011-03-24 15:48:45', '1.00', 101, 'LAWYER', 'Amount Deposited: 1.00', 1, 0, 1, 'ADMIN', 1, '1.00'),
(445, 'LAWYER_DEPOSIT', '', '2011-03-24 15:48:45', '-1.00', 1, 'ADMIN', 'Amount Deposited: 1.00', 1, 0, 101, 'LAWYER', 1, '-1.00'),
(446, 'LAWYER_DEPOSIT', '0', '2011-03-24 15:51:32', '-10.00', 2, 'PAYMENT', 'Amount Deposited: 10.00', 1, 0, 1, 'ADMIN', 1, '-10.00'),
(447, 'LAWYER_DEPOSIT', '0', '2011-03-24 15:51:32', '10.00', 1, 'ADMIN', 'Amount Deposited: 10.00', 1, 0, 2, 'PAYMENT', 1, '10.00'),
(448, 'LAWYER_DEPOSIT', '0', '2011-03-24 15:51:32', '10.00', 101, 'LAWYER', 'Amount Deposited: 10.00', 1, 0, 1, 'ADMIN', 1, '10.00'),
(449, 'LAWYER_DEPOSIT', '0', '2011-03-24 15:51:32', '-10.00', 1, 'ADMIN', 'Amount Deposited: 10.00', 1, 0, 101, 'LAWYER', 1, '-10.00'),
(450, 'Case Post Fee', '238', '2011-03-24 15:57:48', '8.00', 1, 'ADMIN', 'Case Post Fee: 8', 1, 0, 67, 'CLIENT', 2, '7.84'),
(451, 'Case Post Fee', '238', '2011-03-24 15:57:48', '-8.00', 67, 'CLIENT', 'Case Post Fee: 8', 1, 0, 1, 'ADMIN', 2, '-7.84'),
(452, 'Escrow', '239', '2011-03-24 19:20:26', '-102.00', 67, 'CLIENT', 'Escorw Amount: 102', 1, 0, 1, 'ADMIN', 2, '-100.00'),
(453, 'Escrow', '239', '2011-03-24 19:20:26', '102.00', 1, 'ADMIN', 'Escorw Amount: 102', 1, 0, 67, 'CLIENT', 2, '100.00'),
(454, 'MILESTONE_PAYMENT', '0', '2011-03-24 20:39:08', '11.54', 101, 'LAWYER', 'Milestone Payment: 11.54', 1, 0, 1, 'ADMIN', 2, '11.20'),
(455, 'MILESTONE_PAYMENT', '0', '2011-03-24 20:39:08', '-11.54', 1, 'ADMIN', 'Milestone Payment: 11.54', 1, 0, 101, 'LAWYER', 2, '-11.20'),
(456, 'Release Request', '0', '2011-03-24 20:52:27', '5.77', 101, 'LAWYER', 'Release Request Amount: 5.77', 1, 0, 1, 'ADMIN', 2, '5.60'),
(457, 'Release Request', '0', '2011-03-24 20:52:28', '-5.77', 1, 'ADMIN', 'Release Request Amount: 5.77', 1, 0, 101, 'LAWYER', 2, '-5.60'),
(458, 'Case Post Fee', '240', '2011-03-28 20:01:36', '8.00', 1, 'ADMIN', 'Case Post Fee: 8', 1, 0, 15, 'CLIENT', 1, '0.00'),
(459, 'Case Post Fee', '240', '2011-03-28 20:01:36', '-8.00', 15, 'CLIENT', 'Case Post Fee: 8', 1, 0, 1, 'ADMIN', 1, '0.00'),
(460, 'LAWYER_BIDFEE_DEPOSI', '0', '2011-03-28 20:03:45', '-30.00', 62, 'BIDFEE', 'Bid Fee Deposited: 30.00', 1, 0, 1, 'ADMIN', 0, '0.00'),
(461, 'LAWYER_BIDFEE_DEPOSI', '0', '2011-03-28 20:03:45', '30.00', 1, 'ADMIN', 'Bid Fee Deposited: 30.00', 1, 0, 62, 'BIDFEE', 0, '0.00'),
(462, 'Client_Deposit', '241', '2011-03-29 19:44:30', '-300.00', 2, 'PAYMENT', 'Deposit Amount: 300.00', 1, 83, 1, 'ADMIN', 0, '0.00'),
(463, 'Client_Deposit', '241', '2011-03-29 19:44:30', '300.00', 1, 'ADMIN', 'Deposit Amount: 300.00', 1, 83, 2, 'PAYMENT', 0, '0.00'),
(464, 'Client_Deposit', '241', '2011-03-29 19:44:30', '-300.00', 1, 'ADMIN', 'Deposit Amount: 300.00', 1, 83, 68, 'CLIENT', 0, '0.00'),
(465, 'Client_Deposit', '241', '2011-03-29 19:44:30', '300.00', 68, 'CLIENT', 'Deposit Amount: 300.00', 1, 83, 1, 'ADMIN', 0, '0.00'),
(466, 'Case Post Fee', '242', '2011-03-29 19:50:47', '8.00', 1, 'ADMIN', 'Case Post Fee: 8', 1, 0, 68, 'CLIENT', 2, '7.84'),
(467, 'Case Post Fee', '242', '2011-03-29 19:50:47', '-8.00', 68, 'CLIENT', 'Case Post Fee: 8', 1, 0, 1, 'ADMIN', 2, '-7.84'),
(468, 'LAWYER_BIDFEE_DEPOSI', '0', '2011-03-29 20:28:52', '-30.00', 99, 'BIDFEE', 'Bid Fee Deposited: 30.00', 1, 0, 1, 'ADMIN', 0, '0.00'),
(469, 'LAWYER_BIDFEE_DEPOSI', '0', '2011-03-29 20:28:52', '30.00', 1, 'ADMIN', 'Bid Fee Deposited: 30.00', 1, 0, 99, 'BIDFEE', 0, '0.00'),
(470, 'Client_Deposit', '243', '2011-03-30 13:35:37', '-1200.00', 2, 'PAYMENT', 'Deposit Amount: 1200.00', 1, 84, 1, 'ADMIN', 0, '0.00'),
(471, 'Client_Deposit', '243', '2011-03-30 13:35:37', '1200.00', 1, 'ADMIN', 'Deposit Amount: 1200.00', 1, 84, 2, 'PAYMENT', 0, '0.00'),
(472, 'Client_Deposit', '243', '2011-03-30 13:35:37', '-1200.00', 1, 'ADMIN', 'Deposit Amount: 1200.00', 1, 84, 68, 'CLIENT', 0, '0.00'),
(473, 'Client_Deposit', '243', '2011-03-30 13:35:37', '1200.00', 68, 'CLIENT', 'Deposit Amount: 1200.00', 1, 84, 1, 'ADMIN', 0, '0.00'),
(474, 'Case Post Fee', '244', '2011-03-31 13:21:56', '8.00', 1, 'ADMIN', 'Case Post Fee: 8', 1, 0, 15, 'CLIENT', 2, '7.76'),
(475, 'Case Post Fee', '244', '2011-03-31 13:21:56', '-8.00', 15, 'CLIENT', 'Case Post Fee: 8', 1, 0, 1, 'ADMIN', 2, '-7.76'),
(476, 'LAWYER_BIDFEE_DEPOSI', '0', '2011-03-31 14:22:51', '-30.00', 62, 'BIDFEE', 'Bid Fee Deposited: 30.00', 1, 0, 1, 'ADMIN', 0, '0.00'),
(477, 'LAWYER_BIDFEE_DEPOSI', '0', '2011-03-31 14:22:51', '30.00', 1, 'ADMIN', 'Bid Fee Deposited: 30.00', 1, 0, 62, 'BIDFEE', 0, '0.00'),
(478, 'Escrow', '245', '2011-03-31 14:31:42', '-515.00', 15, 'CLIENT', 'Escorw Amount: 515', 1, 0, 1, 'ADMIN', 2, '-500.00'),
(479, 'Escrow', '245', '2011-03-31 14:31:42', '515.00', 1, 'ADMIN', 'Escorw Amount: 515', 1, 0, 15, 'CLIENT', 2, '500.00'),
(480, 'Client_Deposit', '246', '2011-03-31 15:25:28', '-1030.00', 2, 'PAYMENT', 'Deposit Amount: 1030', 1, 0, 1, 'ADMIN', 2, '-1000.00'),
(481, 'Client_Deposit', '246', '2011-03-31 15:25:28', '1030.00', 1, 'ADMIN', 'Deposit Amount: 1030', 1, 0, 2, 'PAYMENT', 2, '1000.00'),
(482, 'Client_Deposit', '246', '2011-03-31 15:25:28', '-1030.00', 1, 'ADMIN', 'Deposit Amount: 1030', 1, 0, 69, 'CLIENT', 2, '-1000.00'),
(483, 'Client_Deposit', '246', '2011-03-31 15:25:28', '1030.00', 69, 'CLIENT', 'Deposit Amount: 1030', 1, 0, 1, 'ADMIN', 2, '1000.00'),
(484, 'Case Post Fee', '247', '2011-03-31 15:44:46', '8.00', 1, 'ADMIN', 'Case Post Fee: 8', 1, 0, 69, 'CLIENT', 2, '7.76'),
(485, 'Case Post Fee', '247', '2011-03-31 15:44:46', '-8.00', 69, 'CLIENT', 'Case Post Fee: 8', 1, 0, 1, 'ADMIN', 2, '-7.76'),
(486, 'LAWYER_DEPOSIT', '0', '2011-03-31 17:35:59', '-5.59', 2, 'PAYMENT', 'Amount Deposited: 5.59', 1, 0, 1, 'ADMIN', 1, '-5.59'),
(487, 'LAWYER_DEPOSIT', '0', '2011-03-31 17:35:59', '5.59', 1, 'ADMIN', 'Amount Deposited: 5.59', 1, 0, 2, 'PAYMENT', 1, '5.59'),
(488, 'LAWYER_DEPOSIT', '0', '2011-03-31 17:35:59', '5.59', 102, 'LAWYER', 'Amount Deposited: 5.59', 1, 0, 1, 'ADMIN', 1, '5.59'),
(489, 'LAWYER_DEPOSIT', '0', '2011-03-31 17:35:59', '-5.59', 1, 'ADMIN', 'Amount Deposited: 5.59', 1, 0, 102, 'LAWYER', 1, '-5.59'),
(490, 'LAWYER_SUBSCRIPTION', '105', '2011-03-31 17:36:40', '-5.59', 102, 'LAWYER', 'Subscription Taken: Premium', 1, 0, 1, 'ADMIN', 0, '0.00'),
(491, 'LAWYER_SUBSCRIPTION', '105', '2011-03-31 17:36:40', '5.59', 1, 'ADMIN', 'Subscription Taken: Premium', 1, 0, 102, 'LAWYER', 0, '0.00'),
(492, 'LAWYER_DEPOSIT', '0', '2011-03-31 17:39:28', '-1030.00', 2, 'PAYMENT', 'Amount Deposited: 1030', 1, 0, 1, 'ADMIN', 2, '-1000.00'),
(493, 'LAWYER_DEPOSIT', '0', '2011-03-31 17:39:28', '1030.00', 1, 'ADMIN', 'Amount Deposited: 1030', 1, 0, 2, 'PAYMENT', 2, '1000.00'),
(494, 'LAWYER_DEPOSIT', '0', '2011-03-31 17:39:28', '1030.00', 102, 'LAWYER', 'Amount Deposited: 1030', 1, 0, 1, 'ADMIN', 2, '1000.00'),
(495, 'LAWYER_DEPOSIT', '0', '2011-03-31 17:39:28', '-1030.00', 1, 'ADMIN', 'Amount Deposited: 1030', 1, 0, 102, 'LAWYER', 2, '-1000.00'),
(496, 'LAWYER_BIDFEE_DEPOSI', '0', '2011-03-31 17:46:50', '-30.00', 102, 'BIDFEE', 'Bid Fee Deposited: 30.00', 1, 0, 1, 'ADMIN', 0, '0.00'),
(497, 'LAWYER_BIDFEE_DEPOSI', '0', '2011-03-31 17:46:50', '30.00', 1, 'ADMIN', 'Bid Fee Deposited: 30.00', 1, 0, 102, 'BIDFEE', 0, '0.00'),
(498, 'Escrow', '248', '2011-03-31 17:49:57', '-412.00', 69, 'CLIENT', 'Escorw Amount: 412', 1, 0, 1, 'ADMIN', 2, '-400.00'),
(499, 'Escrow', '248', '2011-03-31 17:49:57', '412.00', 1, 'ADMIN', 'Escorw Amount: 412', 1, 0, 69, 'CLIENT', 2, '400.00'),
(500, 'Release Request', '0', '2011-03-31 18:26:09', '115.36', 102, 'LAWYER', 'Release Request Amount: 115.36', 1, 0, 1, 'ADMIN', 2, '112.00'),
(501, 'Release Request', '0', '2011-03-31 18:26:09', '-115.36', 1, 'ADMIN', 'Release Request Amount: 115.36', 1, 0, 102, 'LAWYER', 2, '-112.00'),
(502, 'Escrow', '249', '2011-03-31 20:09:39', '-1030.00', 68, 'CLIENT', 'Escorw Amount: 1030', 1, 0, 1, 'ADMIN', 2, '-1000.00'),
(503, 'Escrow', '249', '2011-03-31 20:09:39', '1030.00', 1, 'ADMIN', 'Escorw Amount: 1030', 1, 0, 68, 'CLIENT', 2, '1000.00'),
(504, 'Release Request', '0', '2011-03-31 21:02:03', '346.08', 99, 'LAWYER', 'Release Request Amount: 346.08', 1, 0, 1, 'ADMIN', 2, '336.00'),
(505, 'Release Request', '0', '2011-03-31 21:02:03', '-346.08', 1, 'ADMIN', 'Release Request Amount: 346.08', 1, 0, 99, 'LAWYER', 2, '-336.00'),
(506, 'Client_Deposit', '250', '2011-04-01 18:16:45', '-10.30', 2, 'PAYMENT', 'Deposit Amount: 10.3', 1, 85, 1, 'ADMIN', 2, '-10.00'),
(507, 'Client_Deposit', '250', '2011-04-01 18:16:45', '10.30', 1, 'ADMIN', 'Deposit Amount: 10.3', 1, 85, 2, 'PAYMENT', 2, '10.00'),
(508, 'Client_Deposit', '250', '2011-04-01 18:16:45', '-10.30', 1, 'ADMIN', 'Deposit Amount: 10.3', 1, 85, 15, 'CLIENT', 2, '-10.00'),
(509, 'Client_Deposit', '250', '2011-04-01 18:16:45', '10.30', 15, 'CLIENT', 'Deposit Amount: 10.3', 1, 85, 1, 'ADMIN', 2, '10.00'),
(510, 'Client_Deposit', '251', '2011-04-01 18:20:09', '-10.00', 2, 'PAYMENT', 'Deposit Amount: 10.00', 1, 86, 1, 'ADMIN', 0, '0.00'),
(511, 'Client_Deposit', '251', '2011-04-01 18:20:09', '10.00', 1, 'ADMIN', 'Deposit Amount: 10.00', 1, 86, 2, 'PAYMENT', 0, '0.00'),
(512, 'Client_Deposit', '251', '2011-04-01 18:20:09', '-10.00', 1, 'ADMIN', 'Deposit Amount: 10.00', 1, 86, 15, 'CLIENT', 0, '0.00'),
(513, 'Client_Deposit', '251', '2011-04-01 18:20:09', '10.00', 15, 'CLIENT', 'Deposit Amount: 10.00', 1, 86, 1, 'ADMIN', 0, '0.00'),
(514, 'Client_Deposit', '252', '2011-04-01 18:23:08', '-1.00', 2, 'PAYMENT', 'Deposit Amount: 1.00', 1, 87, 1, 'ADMIN', 0, '0.00'),
(515, 'Client_Deposit', '252', '2011-04-01 18:23:08', '1.00', 1, 'ADMIN', 'Deposit Amount: 1.00', 1, 87, 2, 'PAYMENT', 0, '0.00'),
(516, 'Client_Deposit', '252', '2011-04-01 18:23:08', '-1.00', 1, 'ADMIN', 'Deposit Amount: 1.00', 1, 87, 15, 'CLIENT', 0, '0.00'),
(517, 'Client_Deposit', '252', '2011-04-01 18:23:08', '1.00', 15, 'CLIENT', 'Deposit Amount: 1.00', 1, 87, 1, 'ADMIN', 0, '0.00'),
(518, 'Client_Deposit', '253', '2011-04-01 18:26:26', '-1.04', 2, 'PAYMENT', 'Deposit Amount: 1.04', 1, 88, 1, 'ADMIN', 2, '-1.00'),
(519, 'Client_Deposit', '253', '2011-04-01 18:26:26', '1.04', 1, 'ADMIN', 'Deposit Amount: 1.04', 1, 88, 2, 'PAYMENT', 2, '1.00'),
(520, 'Client_Deposit', '253', '2011-04-01 18:26:26', '-1.04', 1, 'ADMIN', 'Deposit Amount: 1.04', 1, 88, 15, 'CLIENT', 2, '-1.00'),
(521, 'Client_Deposit', '253', '2011-04-01 18:26:26', '1.04', 15, 'CLIENT', 'Deposit Amount: 1.04', 1, 88, 1, 'ADMIN', 2, '1.00'),
(522, 'LAWYER_SUBSCRIPTION', '106', '2011-04-06 14:37:54', '-16.78', 103, 'LAWYER', 'Subscription Taken: Gold', 1, 0, 1, 'ADMIN', 0, '0.00'),
(523, 'LAWYER_SUBSCRIPTION', '106', '2011-04-06 14:37:54', '16.78', 1, 'ADMIN', 'Subscription Taken: Gold', 1, 0, 103, 'LAWYER', 0, '0.00'),
(524, 'Client_Deposit', '254', '2011-04-06 15:16:04', '-8.32', 2, 'PAYMENT', 'Deposit Amount: 8.32', 1, 90, 1, 'ADMIN', 2, '-8.00'),
(525, 'Client_Deposit', '254', '2011-04-06 15:16:04', '8.32', 1, 'ADMIN', 'Deposit Amount: 8.32', 1, 90, 2, 'PAYMENT', 2, '8.00'),
(526, 'Client_Deposit', '254', '2011-04-06 15:16:04', '-8.32', 1, 'ADMIN', 'Deposit Amount: 8.32', 1, 90, 70, 'CLIENT', 2, '-8.00'),
(527, 'Client_Deposit', '254', '2011-04-06 15:16:04', '8.32', 70, 'CLIENT', 'Deposit Amount: 8.32', 1, 90, 1, 'ADMIN', 2, '8.00'),
(528, 'Case Post Fee', '255', '2011-04-06 15:20:08', '8.00', 1, 'ADMIN', 'Case Post Fee: 8', 1, 0, 70, 'CLIENT', 2, '7.68'),
(529, 'Case Post Fee', '255', '2011-04-06 15:20:08', '-8.00', 70, 'CLIENT', 'Case Post Fee: 8', 1, 0, 1, 'ADMIN', 2, '-7.68'),
(530, 'Client_Deposit', '256', '2011-04-07 11:31:50', '-20.80', 2, 'PAYMENT', 'Deposit Amount: 20.8', 1, 91, 1, 'ADMIN', 2, '-20.00'),
(531, 'Client_Deposit', '256', '2011-04-07 11:31:50', '20.80', 1, 'ADMIN', 'Deposit Amount: 20.8', 1, 91, 2, 'PAYMENT', 2, '20.00'),
(532, 'Client_Deposit', '256', '2011-04-07 11:31:50', '-20.80', 1, 'ADMIN', 'Deposit Amount: 20.8', 1, 91, 71, 'CLIENT', 2, '-20.00'),
(533, 'Client_Deposit', '256', '2011-04-07 11:31:50', '20.80', 71, 'CLIENT', 'Deposit Amount: 20.8', 1, 91, 1, 'ADMIN', 2, '20.00'),
(534, 'Case Post Fee', '257', '2011-04-07 11:36:00', '8.00', 1, 'ADMIN', 'Case Post Fee: 8', 1, 0, 71, 'CLIENT', 2, '7.68'),
(535, 'Case Post Fee', '257', '2011-04-07 11:36:00', '-8.00', 71, 'CLIENT', 'Case Post Fee: 8', 1, 0, 1, 'ADMIN', 2, '-7.68'),
(536, 'LAWYER_SUBSCRIPTION', '107', '2011-04-07 12:13:16', '-5.60', 104, 'LAWYER', 'Subscription Taken: Premium', 1, 0, 1, 'ADMIN', 0, '0.00'),
(537, 'LAWYER_SUBSCRIPTION', '107', '2011-04-07 12:13:16', '5.60', 1, 'ADMIN', 'Subscription Taken: Premium', 1, 0, 104, 'LAWYER', 0, '0.00'),
(538, 'LAWYER_SUBSCRIPTION', '108', '2011-04-07 12:14:09', '-5.60', 104, 'LAWYER', 'Subscription Taken: Premium', 1, 0, 1, 'ADMIN', 0, '0.00'),
(539, 'LAWYER_SUBSCRIPTION', '108', '2011-04-07 12:14:09', '5.60', 1, 'ADMIN', 'Subscription Taken: Premium', 1, 0, 104, 'LAWYER', 0, '0.00'),
(540, 'LAWYER_SUBSCRIPTION', '109', '2011-04-07 12:14:29', '-11.18', 104, 'LAWYER', 'Subscription Taken: Silver', 1, 0, 1, 'ADMIN', 0, '0.00'),
(541, 'LAWYER_SUBSCRIPTION', '109', '2011-04-07 12:14:29', '11.18', 1, 'ADMIN', 'Subscription Taken: Silver', 1, 0, 104, 'LAWYER', 0, '0.00'),
(542, 'LAWYER_SUBSCRIPTION', '110', '2011-04-07 12:20:31', '-5.60', 104, 'LAWYER', 'Subscription Taken: Premium', 1, 0, 1, 'ADMIN', 0, '0.00'),
(543, 'LAWYER_SUBSCRIPTION', '110', '2011-04-07 12:20:31', '5.60', 1, 'ADMIN', 'Subscription Taken: Premium', 1, 0, 104, 'LAWYER', 0, '0.00'),
(544, 'LAWYER_BIDFEE_DEPOSI', '0', '2011-04-07 12:49:23', '-30.00', 104, 'BIDFEE', 'Bid Fee Deposited: 30.00', 1, 0, 1, 'ADMIN', 0, '0.00'),
(545, 'LAWYER_BIDFEE_DEPOSI', '0', '2011-04-07 12:49:23', '30.00', 1, 'ADMIN', 'Bid Fee Deposited: 30.00', 1, 0, 104, 'BIDFEE', 0, '0.00'),
(546, 'LAWYER_SUBSCRIPTION', '111', '2011-04-07 18:13:46', '-5.60', 62, 'LAWYER', 'Subscription Taken: Premium', 1, 0, 1, 'ADMIN', 0, '0.00'),
(547, 'LAWYER_SUBSCRIPTION', '111', '2011-04-07 18:13:46', '5.60', 1, 'ADMIN', 'Subscription Taken: Premium', 1, 0, 62, 'LAWYER', 0, '0.00'),
(548, 'LAWYER_SUBSCRIPTION', '112', '2011-04-07 18:16:31', '-5.60', 62, 'LAWYER', 'Subscription Taken: Premium', 1, 0, 1, 'ADMIN', 0, '0.00'),
(549, 'LAWYER_SUBSCRIPTION', '112', '2011-04-07 18:16:31', '5.60', 1, 'ADMIN', 'Subscription Taken: Premium', 1, 0, 62, 'LAWYER', 0, '0.00'),
(550, 'Client_Deposit', '258', '2011-04-08 11:41:39', '-630.00', 2, 'PAYMENT', 'Deposit Amount: 630', 1, 93, 1, 'ADMIN', 2, '-600.00'),
(551, 'Client_Deposit', '258', '2011-04-08 11:41:39', '630.00', 1, 'ADMIN', 'Deposit Amount: 630', 1, 93, 2, 'PAYMENT', 2, '600.00'),
(552, 'Client_Deposit', '258', '2011-04-08 11:41:39', '-630.00', 1, 'ADMIN', 'Deposit Amount: 630', 1, 93, 71, 'CLIENT', 2, '-600.00'),
(553, 'Client_Deposit', '258', '2011-04-08 11:41:39', '630.00', 71, 'CLIENT', 'Deposit Amount: 630', 1, 93, 1, 'ADMIN', 2, '600.00'),
(554, 'Escrow', '259', '2011-04-08 12:06:03', '-117.60', 71, 'CLIENT', 'Escorw Amount: 117.6', 1, 0, 1, 'ADMIN', 2, '-112.00'),
(555, 'Escrow', '259', '2011-04-08 12:06:03', '117.60', 1, 'ADMIN', 'Escorw Amount: 117.6', 1, 0, 71, 'CLIENT', 2, '112.00'),
(556, 'Release Request', '0', '2011-04-08 12:16:01', '117.60', 104, 'LAWYER', 'Release Request Amount: 117.60', 1, 0, 1, 'ADMIN', 2, '112.00'),
(557, 'Release Request', '0', '2011-04-08 12:16:01', '-117.60', 1, 'ADMIN', 'Release Request Amount: 117.60', 1, 0, 104, 'LAWYER', 2, '-112.00'),
(558, 'Release Request', '0', '2011-04-08 12:52:05', '1.18', 62, 'LAWYER', 'Release Request Amount: 1.18', 1, 0, 1, 'ADMIN', 2, '1.12'),
(559, 'Release Request', '0', '2011-04-08 12:52:05', '-1.18', 1, 'ADMIN', 'Release Request Amount: 1.18', 1, 0, 62, 'LAWYER', 2, '-1.12'),
(560, 'Escrow', '260', '2011-04-08 12:53:21', '-117.60', 71, 'CLIENT', 'Escorw Amount: 117.6', 1, 0, 1, 'ADMIN', 2, '-112.00'),
(561, 'Escrow', '260', '2011-04-08 12:53:22', '117.60', 1, 'ADMIN', 'Escorw Amount: 117.6', 1, 0, 71, 'CLIENT', 2, '112.00'),
(562, 'MILESTONE_PAYMENT', '0', '2011-04-08 15:38:06', '1.13', 62, 'LAWYER', 'Milestone Payment: 1.13', 1, 0, 1, 'ADMIN', 1, '1.13'),
(563, 'MILESTONE_PAYMENT', '0', '2011-04-08 15:38:07', '-1.13', 1, 'ADMIN', 'Milestone Payment: 1.13', 1, 0, 62, 'LAWYER', 1, '-1.13'),
(564, 'Client_Deposit', '261', '2011-04-13 15:30:55', '-104.00', 2, 'PAYMENT', 'Deposit Amount: 104', 1, 94, 1, 'ADMIN', 2, '-100.00'),
(565, 'Client_Deposit', '261', '2011-04-13 15:30:55', '104.00', 1, 'ADMIN', 'Deposit Amount: 104', 1, 94, 2, 'PAYMENT', 2, '100.00'),
(566, 'Client_Deposit', '261', '2011-04-13 15:30:55', '-104.00', 1, 'ADMIN', 'Deposit Amount: 104', 1, 94, 69, 'CLIENT', 2, '-100.00'),
(567, 'Client_Deposit', '261', '2011-04-13 15:30:55', '104.00', 69, 'CLIENT', 'Deposit Amount: 104', 1, 94, 1, 'ADMIN', 2, '100.00'),
(568, 'Case Post Fee', '262', '2011-04-13 16:03:37', '8.00', 1, 'ADMIN', 'Case Post Fee: 8', 1, 0, 69, 'CLIENT', 2, '7.68'),
(569, 'Case Post Fee', '262', '2011-04-13 16:03:37', '-8.00', 69, 'CLIENT', 'Case Post Fee: 8', 1, 0, 1, 'ADMIN', 2, '-7.68'),
(570, 'Return Case Post Fee', '0', '2011-04-13 16:58:23', '-8.00', 1, 'ADMIN', 'Return Case Post Fee: 8', 1, 0, 69, 'CLIENT', 1, '-8.00'),
(571, 'Return Case Post Fee', '0', '2011-04-13 16:58:23', '8.00', 69, 'CLIENT', 'Return Case Post Fee: 8', 1, 0, 1, 'ADMIN', 1, '8.00'),
(572, 'LAWYER_BIDFEE_DEPOSI', '0', '2011-04-13 16:58:23', '-30.00', 102, 'BIDFEE', 'Bid Fee Deposited: 30.00', 1, 0, 1, 'ADMIN', 0, '0.00'),
(573, 'LAWYER_BIDFEE_DEPOSI', '0', '2011-04-13 16:58:23', '30.00', 1, 'ADMIN', 'Bid Fee Deposited: 30.00', 1, 0, 102, 'BIDFEE', 0, '0.00'),
(574, 'Escrow', '263', '2011-04-13 17:06:52', '-208.00', 69, 'CLIENT', 'Escorw Amount: 208', 1, 0, 1, 'ADMIN', 2, '-200.00'),
(575, 'Escrow', '263', '2011-04-13 17:06:53', '208.00', 1, 'ADMIN', 'Escorw Amount: 208', 1, 0, 69, 'CLIENT', 2, '200.00'),
(576, 'Release Request', '0', '2011-04-13 17:21:03', '58.24', 102, 'LAWYER', 'Release Request Amount: 58.24', 1, 0, 1, 'ADMIN', 2, '56.00'),
(577, 'Release Request', '0', '2011-04-13 17:21:03', '-58.24', 1, 'ADMIN', 'Release Request Amount: 58.24', 1, 0, 102, 'LAWYER', 2, '-56.00'),
(578, 'Escrow', '264', '2011-04-13 18:26:38', '-208.00', 69, 'CLIENT', 'Escorw Amount: 208', 1, 0, 1, 'ADMIN', 2, '-200.00'),
(579, 'Escrow', '264', '2011-04-13 18:26:39', '208.00', 1, 'ADMIN', 'Escorw Amount: 208', 1, 0, 69, 'CLIENT', 2, '200.00'),
(580, 'Case Post Fee', '265', '2011-04-13 18:39:02', '8.00', 1, 'ADMIN', 'Case Post Fee: 8', 1, 0, 68, 'CLIENT', 2, '7.68'),
(581, 'Case Post Fee', '265', '2011-04-13 18:39:02', '-8.00', 68, 'CLIENT', 'Case Post Fee: 8', 1, 0, 1, 'ADMIN', 2, '-7.68'),
(582, 'Return Case Post Fee', '0', '2011-04-13 18:42:10', '-8.00', 1, 'ADMIN', 'Return Case Post Fee: 8', 1, 0, 68, 'CLIENT', 1, '-8.00'),
(583, 'Return Case Post Fee', '0', '2011-04-13 18:42:10', '8.00', 68, 'CLIENT', 'Return Case Post Fee: 8', 1, 0, 1, 'ADMIN', 1, '8.00'),
(584, 'LAWYER_BIDFEE_DEPOSI', '0', '2011-04-13 18:42:10', '-30.00', 99, 'BIDFEE', 'Bid Fee Deposited: 30.00', 1, 0, 1, 'ADMIN', 0, '0.00'),
(585, 'LAWYER_BIDFEE_DEPOSI', '0', '2011-04-13 18:42:10', '30.00', 1, 'ADMIN', 'Bid Fee Deposited: 30.00', 1, 0, 99, 'BIDFEE', 0, '0.00'),
(586, 'Client_Deposit', '266', '2011-04-13 19:08:08', '-208.00', 2, 'PAYMENT', 'Deposit Amount: 208', 1, 97, 1, 'ADMIN', 2, '-200.00'),
(587, 'Client_Deposit', '266', '2011-04-13 19:08:08', '208.00', 1, 'ADMIN', 'Deposit Amount: 208', 1, 97, 2, 'PAYMENT', 2, '200.00'),
(588, 'Client_Deposit', '266', '2011-04-13 19:08:08', '-208.00', 1, 'ADMIN', 'Deposit Amount: 208', 1, 97, 68, 'CLIENT', 2, '-200.00'),
(589, 'Client_Deposit', '266', '2011-04-13 19:08:08', '208.00', 68, 'CLIENT', 'Deposit Amount: 208', 1, 97, 1, 'ADMIN', 2, '200.00'),
(590, 'Escrow', '267', '2011-04-13 19:27:41', '-520.00', 68, 'CLIENT', 'Escorw Amount: 520', 1, 0, 1, 'ADMIN', 2, '-500.00'),
(591, 'Escrow', '267', '2011-04-13 19:27:41', '520.00', 1, 'ADMIN', 'Escorw Amount: 520', 1, 0, 68, 'CLIENT', 2, '500.00'),
(592, 'Escrow', '268', '2011-04-14 02:55:32', '-181.18', 71, 'CLIENT', 'Escorw Amount: 181.1784', 1, 0, 1, 'ADMIN', 2, '-174.21'),
(593, 'Escrow', '268', '2011-04-14 02:55:32', '181.18', 1, 'ADMIN', 'Escorw Amount: 181.1784', 1, 0, 71, 'CLIENT', 2, '174.21'),
(594, 'Release Request', '0', '2011-04-14 02:57:17', '117.60', 104, 'LAWYER', 'Release Request Amount: 117.60', 1, 0, 1, 'ADMIN', 2, '112.00'),
(595, 'Release Request', '0', '2011-04-14 02:57:17', '-117.60', 1, 'ADMIN', 'Release Request Amount: 117.60', 1, 0, 104, 'LAWYER', 2, '-112.00'),
(596, 'Release Request', '0', '2011-04-14 11:52:43', '174.72', 104, 'LAWYER', 'Release Request Amount: 174.72', 1, 0, 1, 'ADMIN', 2, '168.00'),
(597, 'Release Request', '0', '2011-04-14 11:52:43', '-174.72', 1, 'ADMIN', 'Release Request Amount: 174.72', 1, 0, 104, 'LAWYER', 2, '-168.00'),
(598, 'Case Post Fee', '269', '2011-04-14 19:05:05', '8.00', 1, 'ADMIN', 'Case Post Fee: 8', 1, 0, 69, 'CLIENT', 2, '7.76'),
(599, 'Case Post Fee', '269', '2011-04-14 19:05:05', '-8.00', 69, 'CLIENT', 'Case Post Fee: 8', 1, 0, 1, 'ADMIN', 2, '-7.76'),
(600, 'Return Case Post Fee', '0', '2011-04-14 19:51:05', '-8.00', 1, 'ADMIN', 'Return Case Post Fee: 8', 1, 0, 69, 'CLIENT', 1, '-8.00'),
(601, 'Return Case Post Fee', '0', '2011-04-14 19:51:05', '8.00', 69, 'CLIENT', 'Return Case Post Fee: 8', 1, 0, 1, 'ADMIN', 1, '8.00'),
(602, 'LAWYER_BIDFEE_DEPOSI', '0', '2011-04-14 19:51:06', '-30.00', 102, 'BIDFEE', 'Bid Fee Deposited: 30.00', 1, 0, 1, 'ADMIN', 0, '0.00'),
(603, 'LAWYER_BIDFEE_DEPOSI', '0', '2011-04-14 19:51:06', '30.00', 1, 'ADMIN', 'Bid Fee Deposited: 30.00', 1, 0, 102, 'BIDFEE', 0, '0.00'),
(604, 'Escrow', '270', '2011-04-14 20:11:15', '-12.48', 69, 'CLIENT', 'Escorw Amount: 12.48', 1, 0, 1, 'ADMIN', 2, '-12.00'),
(605, 'Escrow', '270', '2011-04-14 20:11:15', '12.48', 1, 'ADMIN', 'Escorw Amount: 12.48', 1, 0, 69, 'CLIENT', 2, '12.00'),
(606, 'Release Request', '0', '2011-04-14 20:45:32', '11.65', 102, 'LAWYER', 'Release Request Amount: 11.65', 1, 0, 1, 'ADMIN', 2, '11.20'),
(607, 'Release Request', '0', '2011-04-14 20:45:32', '-11.65', 1, 'ADMIN', 'Release Request Amount: 11.65', 1, 0, 102, 'LAWYER', 2, '-11.20'),
(608, 'Client_Deposit', '271', '2011-04-16 11:36:37', '-31.20', 2, 'PAYMENT', 'Deposit Amount: 31.2', 1, 98, 1, 'ADMIN', 2, '-30.00'),
(609, 'Client_Deposit', '271', '2011-04-16 11:36:37', '31.20', 1, 'ADMIN', 'Deposit Amount: 31.2', 1, 98, 2, 'PAYMENT', 2, '30.00'),
(610, 'Client_Deposit', '271', '2011-04-16 11:36:37', '-31.20', 1, 'ADMIN', 'Deposit Amount: 31.2', 1, 98, 69, 'CLIENT', 2, '-30.00'),
(611, 'Client_Deposit', '271', '2011-04-16 11:36:37', '31.20', 69, 'CLIENT', 'Deposit Amount: 31.2', 1, 98, 1, 'ADMIN', 2, '30.00'),
(612, 'Escrow', '119', '2011-04-16 11:50:47', '-31.00', 69, 'CLIENT', 'Escorw Amount: 31,20', 1, 0, 1, 'ADMIN', 2, '-30.00'),
(613, 'Escrow', '119', '2011-04-16 11:50:47', '31.00', 1, 'ADMIN', 'Escorw Amount: 31,20', 1, 0, 69, 'CLIENT', 2, '30.00'),
(614, 'MILESTONE_PAYMENT', '0', '2011-04-16 12:11:21', '23.30', 102, 'LAWYER', 'Milestone Payment: 23.30', 1, 0, 1, 'ADMIN', 2, '22.40'),
(615, 'MILESTONE_PAYMENT', '0', '2011-04-16 12:11:21', '-23.30', 1, 'ADMIN', 'Milestone Payment: 23.30', 1, 0, 102, 'LAWYER', 2, '-22.40'),
(616, 'Escrow', '272', '2011-04-16 12:36:17', '-4.16', 69, 'CLIENT', 'Escorw Amount: 4.16', 1, 0, 1, 'ADMIN', 2, '-4.00'),
(617, 'Escrow', '272', '2011-04-16 12:36:17', '4.16', 1, 'ADMIN', 'Escorw Amount: 4.16', 1, 0, 69, 'CLIENT', 2, '4.00'),
(618, 'Release Request', '0', '2011-04-16 12:45:33', '11.65', 102, 'LAWYER', 'Release Request Amount: 11.65', 1, 0, 1, 'ADMIN', 2, '11.20'),
(619, 'Release Request', '0', '2011-04-16 12:45:33', '-11.65', 1, 'ADMIN', 'Release Request Amount: 11.65', 1, 0, 102, 'LAWYER', 2, '-11.20'),
(620, 'LAWYER_SUBSCRIPTION', '113', '2011-04-19 12:29:16', '-5.65', 95, 'LAWYER', 'Subscription Taken: Premium', 1, 0, 1, 'ADMIN', 0, '0.00'),
(621, 'LAWYER_SUBSCRIPTION', '113', '2011-04-19 12:29:16', '5.65', 1, 'ADMIN', 'Subscription Taken: Premium', 1, 0, 95, 'LAWYER', 0, '0.00'),
(622, 'LAWYER_SUBSCRIPTION', '114', '2011-04-19 12:49:56', '-5.60', 95, 'LAWYER', 'Subscription Taken: Premium', 1, 0, 1, 'ADMIN', 0, '0.00'),
(623, 'LAWYER_SUBSCRIPTION', '114', '2011-04-19 12:49:56', '5.60', 1, 'ADMIN', 'Subscription Taken: Premium', 1, 0, 95, 'LAWYER', 0, '0.00'),
(624, 'LAWYER_SUBSCRIPTION', '116', '2011-04-19 13:06:14', '-5.60', 95, 'LAWYER', 'Subscription Taken: Premium', 1, 0, 1, 'ADMIN', 0, '0.00'),
(625, 'LAWYER_SUBSCRIPTION', '116', '2011-04-19 13:06:14', '5.60', 1, 'ADMIN', 'Subscription Taken: Premium', 1, 0, 95, 'LAWYER', 0, '0.00'),
(626, 'Case Post Fee', '273', '2011-04-21 14:48:46', '8.00', 1, 'ADMIN', 'Case Post Fee: 8', 1, 0, 69, 'CLIENT', 2, '7.60'),
(627, 'Case Post Fee', '273', '2011-04-21 14:48:46', '-8.00', 69, 'CLIENT', 'Case Post Fee: 8', 1, 0, 1, 'ADMIN', 2, '-7.60'),
(628, 'Return Case Post Fee', '0', '2011-04-21 14:53:53', '-8.00', 1, 'ADMIN', 'Return Case Post Fee: 8', 1, 0, 69, 'CLIENT', 1, '-8.00'),
(629, 'Return Case Post Fee', '0', '2011-04-21 14:53:53', '8.00', 69, 'CLIENT', 'Return Case Post Fee: 8', 1, 0, 1, 'ADMIN', 1, '8.00'),
(630, 'LAWYER_BIDFEE_DEPOSI', '0', '2011-04-21 14:53:53', '-30.00', 102, 'BIDFEE', 'Bid Fee Deposited: 30.00', 1, 0, 1, 'ADMIN', 0, '0.00'),
(631, 'LAWYER_BIDFEE_DEPOSI', '0', '2011-04-21 14:53:53', '30.00', 1, 'ADMIN', 'Bid Fee Deposited: 30.00', 1, 0, 102, 'BIDFEE', 0, '0.00'),
(632, 'Escrow', '274', '2011-04-21 14:55:00', '-10.60', 69, 'CLIENT', 'Escorw Amount: 10.60', 1, 0, 1, 'ADMIN', 2, '-10.00'),
(633, 'Escrow', '274', '2011-04-21 14:55:01', '10.60', 1, 'ADMIN', 'Escorw Amount: 10.60', 1, 0, 69, 'CLIENT', 2, '10.00'),
(634, 'LAWYER_BIDFEE_DEPOSI', '0', '2011-04-21 14:56:57', '-30.00', 102, 'BIDFEE', 'Bid Fee Deposited: 30.00', 1, 0, 1, 'ADMIN', 0, '0.00'),
(635, 'LAWYER_BIDFEE_DEPOSI', '0', '2011-04-21 14:56:57', '30.00', 1, 'ADMIN', 'Bid Fee Deposited: 30.00', 1, 0, 102, 'BIDFEE', 0, '0.00'),
(636, 'Release Request', '0', '2011-04-21 15:07:35', '9.50', 102, 'LAWYER', 'Release Request Amount: 9.50', 1, 0, 1, 'ADMIN', 2, '8.96'),
(637, 'Release Request', '0', '2011-04-21 15:07:35', '-9.50', 1, 'ADMIN', 'Release Request Amount: 9.50', 1, 0, 102, 'LAWYER', 2, '-8.96'),
(638, 'Client_Deposit', '275', '2011-04-23 09:00:54', '-315.00', 2, 'PAYMENT', 'Deposit Amount: 315', 1, 99, 1, 'ADMIN', 2, '-300.00'),
(639, 'Client_Deposit', '275', '2011-04-23 09:00:54', '315.00', 1, 'ADMIN', 'Deposit Amount: 315', 1, 99, 2, 'PAYMENT', 2, '300.00'),
(640, 'Client_Deposit', '275', '2011-04-23 09:00:54', '-315.00', 1, 'ADMIN', 'Deposit Amount: 315', 1, 99, 73, 'CLIENT', 2, '-300.00'),
(641, 'Client_Deposit', '275', '2011-04-23 09:00:54', '315.00', 73, 'CLIENT', 'Deposit Amount: 315', 1, 99, 1, 'ADMIN', 2, '300.00'),
(642, 'Case Post Fee', '276', '2011-04-23 09:15:30', '8.00', 1, 'ADMIN', 'Case Post Fee: 8', 1, 0, 73, 'CLIENT', 2, '7.60'),
(643, 'Case Post Fee', '276', '2011-04-23 09:15:30', '-8.00', 73, 'CLIENT', 'Case Post Fee: 8', 1, 0, 1, 'ADMIN', 2, '-7.60'),
(644, 'Case Post Fee', '277', '2011-04-23 09:39:21', '8.00', 1, 'ADMIN', 'Case Post Fee: 8', 1, 0, 73, 'CLIENT', 2, '7.60'),
(645, 'Case Post Fee', '277', '2011-04-23 09:39:21', '-8.00', 73, 'CLIENT', 'Case Post Fee: 8', 1, 0, 1, 'ADMIN', 2, '-7.60'),
(646, 'Case Post Fee', '278', '2011-04-23 10:06:31', '8.00', 1, 'ADMIN', 'Case Post Fee: 8', 1, 0, 73, 'CLIENT', 2, '7.60'),
(647, 'Case Post Fee', '278', '2011-04-23 10:06:31', '-8.00', 73, 'CLIENT', 'Case Post Fee: 8', 1, 0, 1, 'ADMIN', 2, '-7.60'),
(648, 'Return Case Post Fee', '0', '2011-04-24 02:12:09', '-8.00', 1, 'ADMIN', 'Return Case Post Fee: 8', 1, 0, 73, 'CLIENT', 1, '-8.00'),
(649, 'Return Case Post Fee', '0', '2011-04-24 02:12:09', '8.00', 73, 'CLIENT', 'Return Case Post Fee: 8', 1, 0, 1, 'ADMIN', 1, '8.00'),
(650, 'LAWYER_BIDFEE_DEPOSI', '0', '2011-04-24 02:12:09', '-10.00', 104, 'BIDFEE', 'Bid Fee Deposited: 10.00', 1, 0, 1, 'ADMIN', 0, '0.00'),
(651, 'LAWYER_BIDFEE_DEPOSI', '0', '2011-04-24 02:12:09', '10.00', 1, 'ADMIN', 'Bid Fee Deposited: 10.00', 1, 0, 104, 'BIDFEE', 0, '0.00'),
(652, 'Return Case Post Fee', '0', '2011-04-24 02:54:35', '-8.00', 1, 'ADMIN', 'Return Case Post Fee: 8', 1, 0, 73, 'CLIENT', 1, '-8.00'),
(653, 'Return Case Post Fee', '0', '2011-04-24 02:54:35', '8.00', 73, 'CLIENT', 'Return Case Post Fee: 8', 1, 0, 1, 'ADMIN', 1, '8.00'),
(654, 'LAWYER_BIDFEE_DEPOSI', '0', '2011-04-24 02:54:35', '-30.00', 104, 'BIDFEE', 'Bid Fee Deposited: 30.00', 1, 0, 1, 'ADMIN', 0, '0.00'),
(655, 'LAWYER_BIDFEE_DEPOSI', '0', '2011-04-24 02:54:35', '30.00', 1, 'ADMIN', 'Bid Fee Deposited: 30.00', 1, 0, 104, 'BIDFEE', 0, '0.00'),
(656, 'Escrow', '279', '2011-04-24 03:11:13', '-262.50', 73, 'CLIENT', 'Escorw Amount: 262.50', 1, 0, 1, 'ADMIN', 2, '-250.00'),
(657, 'Escrow', '279', '2011-04-24 03:11:13', '262.50', 1, 'ADMIN', 'Escorw Amount: 262.50', 1, 0, 73, 'CLIENT', 2, '250.00'),
(658, 'Release Request', '0', '2011-04-24 03:13:12', '262.50', 104, 'LAWYER', 'Release Request Amount: 262.50', 1, 0, 1, 'ADMIN', 2, '250.00'),
(659, 'Release Request', '0', '2011-04-24 03:13:12', '-262.50', 1, 'ADMIN', 'Release Request Amount: 262.50', 1, 0, 104, 'LAWYER', 2, '-250.00'),
(660, 'Case Post Fee', '280', '2011-05-02 15:28:08', '8.00', 1, 'ADMIN', 'Case Post Fee: 8', 1, 0, 15, 'CLIENT', 2, '7.60'),
(661, 'Case Post Fee', '280', '2011-05-02 15:28:08', '-8.00', 15, 'CLIENT', 'Case Post Fee: 8', 1, 0, 1, 'ADMIN', 2, '-7.60'),
(662, 'Case Post Fee', '281', '2011-05-03 15:42:02', '8.00', 1, 'ADMIN', 'Case Post Fee: 8', 1, 0, 15, 'CLIENT', 2, '7.60'),
(663, 'Case Post Fee', '281', '2011-05-03 15:42:02', '-8.00', 15, 'CLIENT', 'Case Post Fee: 8', 1, 0, 1, 'ADMIN', 2, '-7.60'),
(664, 'Case Post Fee', '282', '2011-05-03 15:46:31', '8.00', 1, 'ADMIN', 'Case Post Fee: 8', 1, 0, 15, 'CLIENT', 2, '7.60'),
(665, 'Case Post Fee', '282', '2011-05-03 15:46:31', '-8.00', 15, 'CLIENT', 'Case Post Fee: 8', 1, 0, 1, 'ADMIN', 2, '-7.60'),
(666, 'Case Post Fee', '283', '2011-05-03 17:03:22', '8.00', 1, 'ADMIN', 'Case Post Fee: 8', 1, 0, 15, 'CLIENT', 2, '7.60'),
(667, 'Case Post Fee', '283', '2011-05-03 17:03:22', '-8.00', 15, 'CLIENT', 'Case Post Fee: 8', 1, 0, 1, 'ADMIN', 2, '-7.60'),
(668, 'Case Post Fee', '284', '2011-05-03 17:05:21', '8.00', 1, 'ADMIN', 'Case Post Fee: 8', 1, 0, 15, 'CLIENT', 2, '7.60'),
(669, 'Case Post Fee', '284', '2011-05-03 17:05:21', '-8.00', 15, 'CLIENT', 'Case Post Fee: 8', 1, 0, 1, 'ADMIN', 2, '-7.60');

-- --------------------------------------------------------

--
-- Table structure for table `lm_bidfee_tbl`
--

CREATE TABLE IF NOT EXISTS `lm_bidfee_tbl` (
  `BidFeeId` int(11) NOT NULL AUTO_INCREMENT,
  `ChargeAmountUSD` decimal(10,2) NOT NULL DEFAULT '0.00',
  `BidType` varchar(255) COLLATE utf8_unicode_ci NOT NULL,
  PRIMARY KEY (`BidFeeId`)
) ENGINE=MyISAM  DEFAULT CHARSET=utf8 COLLATE=utf8_unicode_ci AUTO_INCREMENT=4 ;

--
-- Dumping data for table `lm_bidfee_tbl`
--

INSERT INTO `lm_bidfee_tbl` (`BidFeeId`, `ChargeAmountUSD`, `BidType`) VALUES
(1, '30.00', 'FlatFree'),
(2, '30.00', 'Contingent'),
(3, '10.00', 'Hourly Rate');

-- --------------------------------------------------------

--
-- Table structure for table `lm_bid_tbl`
--

CREATE TABLE IF NOT EXISTS `lm_bid_tbl` (
  `BidId` int(11) NOT NULL AUTO_INCREMENT,
  `BidCaseId` int(11) NOT NULL DEFAULT '0',
  `BidLawyerId` int(11) NOT NULL DEFAULT '0',
  `BidType` varchar(255) NOT NULL DEFAULT '',
  `BidAmount` int(11) DEFAULT NULL,
  `BidPercent` int(11) DEFAULT '0',
  `BidHours` int(11) NOT NULL DEFAULT '0',
  `BidStartDays` int(11) NOT NULL DEFAULT '0',
  `BidDetails` varchar(255) DEFAULT NULL,
  `BidNotification` varchar(255) NOT NULL DEFAULT '',
  `BidStatus` int(11) NOT NULL DEFAULT '1',
  `BidRead` enum('N','Y') NOT NULL DEFAULT 'N',
  `BidDate` timestamp NOT NULL DEFAULT CURRENT_TIMESTAMP,
  `CurrencyId` int(11) NOT NULL DEFAULT '0',
  `BidUSD` decimal(10,2) NOT NULL DEFAULT '0.00',
  PRIMARY KEY (`BidId`)
) ENGINE=MyISAM  DEFAULT CHARSET=latin1 AUTO_INCREMENT=96 ;

--
-- Dumping data for table `lm_bid_tbl`
--

INSERT INTO `lm_bid_tbl` (`BidId`, `BidCaseId`, `BidLawyerId`, `BidType`, `BidAmount`, `BidPercent`, `BidHours`, `BidStartDays`, `BidDetails`, `BidNotification`, `BidStatus`, `BidRead`, `BidDate`, `CurrencyId`, `BidUSD`) VALUES
(26, 3, 63, '1,3,', 768, 0, 0, 8, 'acbsd<br/>abcdsehjk<p>hdjiuieb<br/>', 'Y', 1, 'Y', '2009-11-25 23:36:15', 0, '0.00'),
(35, 41, 73, '1,', 435, 0, 0, 12, 'Highly promoted, permanent web directory that sorts listings by bid amount, offering complete control over placement. The top 10 listings are shown on the homepage and top 20 on the top links page.', 'Y', 1, 'Y', '2010-05-21 23:44:45', 0, '0.00'),
(30, 26, 44, '1,', 234, 0, 0, 32, 'rg rgfd yjyu yuu', 'Y', 1, 'Y', '2009-12-09 03:11:43', 0, '0.00'),
(31, 22, 62, '1,', 150, 0, 0, 56, 'test test test<br/>test  test<br/>test', 'Y', 1, 'Y', '2009-12-09 04:11:58', 0, '0.00'),
(29, 30, 44, '1,', 40, 0, 0, 56, 'dsfcds dsfds dgfdghf hjhj <br/>kjkjh oijiuh frd<br/>', 'Y', 1, 'Y', '2009-12-09 03:09:24', 0, '0.00'),
(32, 17, 63, '1,', 500, 0, 0, 33, '4fgdg fdhgfh gfjgh', 'Y', 1, 'Y', '2009-12-09 05:03:40', 0, '0.00'),
(18, 4, 44, '1,', 23, 0, 0, 34, 'dsfdsgdf', 'Y', 1, 'Y', '2009-11-21 22:30:54', 0, '0.00'),
(19, 30, 63, '1,2,', 200, 2, 0, 5, 'test1\r\ntest2\r\ntest3', 'Y', 1, 'Y', '2009-11-23 22:22:00', 0, '0.00'),
(20, 27, 62, '1,3,', 67, 0, 0, 34, 'dsfdsg dsfgdsgd sdfgdgfhjgjh <br/>kjnpoopij ipooiu <br/>jlkmladsad   smnfdskfn', 'Y', 1, 'Y', '2009-11-24 06:19:26', 0, '0.00'),
(21, 30, 62, '1,2,', 200, 2, 0, 5, 'test1\r\ntest2\r\ntest3', 'Y', 1, 'Y', '2009-11-24 06:20:14', 0, '0.00'),
(28, 31, 62, '1,', 234, 0, 0, 56, 'rgfd hgfh  tygtr', 'Y', 1, 'Y', '2009-12-09 02:14:03', 0, '0.00'),
(22, 23, 62, '1,', 3456, 0, 0, 56, 'fdgfh dskfjhdsgj dskgjdf sjgfsdh<br/>klfdsjoitpreo kdjvhdfbgvjdfbg<br/>ewjrwoeiur487358 394857093468405 ;;..//kejfkejhfbdjbfhjdhbg<br/>jsdfhdsjghdkgn<p><br/>kfjghdf dfjfdg<p>fdgjkdfj', 'Y', 1, 'Y', '2009-11-24 06:22:16', 0, '0.00'),
(23, 29, 63, '1,', 876, 0, 0, 3, 'test test test test test test test<p>test test test test test<br/>test test test<br/>test test', 'Y', 1, 'Y', '2009-11-24 06:24:26', 0, '0.00'),
(24, 30, 58, '1,2,', 200, 2, 0, 5, 'test1\r\ntest2\r\ntest3', 'Y', 1, 'Y', '2009-11-24 06:25:55', 0, '0.00'),
(27, 19, 63, '1,', 454, 0, 0, 6, 'gfhg thgfh<br/>gfhgfh', 'Y', 1, 'Y', '2009-12-01 01:16:00', 0, '0.00'),
(25, 29, 58, '2,', 0, 2, 0, 5, 'eiuryie ertje kgjh rekjgkjgh jdhgbdfj dhbfdjbg<br/>dfgljgkdfjg dfgjbdfjgb fdgjdfkjg<br/>fdgkjdfg fdgbfdkj<p><br/>fdgdkfjgkdjgkd dfkjgdfkjghrh<br/>dfgjdflkgjdfkn', 'Y', 1, 'Y', '2009-11-24 06:26:46', 0, '0.00'),
(36, 43, 62, '1,', 50, 0, 0, 2, 'some details', 'Y', 1, 'Y', '2011-01-06 14:46:17', 0, '0.00'),
(40, 57, 62, '1,', 100, 0, 0, 2, 'I can write it in 2 days', 'Y', 1, 'Y', '2011-01-13 13:34:54', 0, '0.00'),
(41, 58, 62, '1,', 200, 20, 0, 2, '  I am ready to start.', 'Y', 1, 'Y', '2011-01-20 17:39:07', 0, '0.00'),
(42, 35, 62, '1,', 200, 20, 0, 15, 'dasds', 'Y', 1, 'Y', '2011-01-21 17:06:00', 0, '0.00'),
(43, 74, 81, '1,', 500, 10, 0, 2, 'test', 'Y', 1, 'Y', '2011-01-25 19:07:47', 0, '0.00'),
(44, 74, 80, '1,', 450, 20, 0, 15, 'test sd sda sd sad dsga gsda gs gs agasdg asdg a', 'Y', 1, 'Y', '2011-01-25 19:10:36', 0, '0.00'),
(45, 75, 62, '1,', 15, 0, 0, 15, 'test description on case bidding.', 'Y', 1, 'Y', '2011-01-27 18:05:52', 0, '0.00'),
(46, 70, 62, '1,', 100, 0, 0, 30, '  test msg on bidding', 'N', 2, 'Y', '2011-01-27 18:35:51', 0, '0.00'),
(47, 68, 62, '1,', 145, 0, 0, 30, 'test details', 'Y', 1, 'Y', '2011-01-28 11:11:50', 0, '0.00'),
(48, 83, 87, '1,', 300, 0, 0, 1, 'I can write a letter in one day and send it to the employer', 'Y', 1, 'Y', '2011-02-05 15:33:09', 0, '0.00'),
(49, 85, 87, '1,', 20, 0, 0, 5, 'I have done similar work for several sites', 'Y', 1, 'Y', '2011-02-08 08:55:45', 0, '0.00'),
(50, 84, 81, '1,', 700, 10, 0, 25, 'work fine ', 'Y', 1, 'Y', '2011-02-09 17:46:23', 0, '0.00'),
(51, 86, 85, '1,', 600, 0, 0, 1, 'sgfg d hfghfggjghjg', 'N', 1, 'Y', '2011-02-09 19:41:30', 0, '0.00'),
(52, 86, 88, '1,', 500, 0, 0, 2, 'sfgd dgh fdhg g', 'N', 1, 'Y', '2011-02-09 19:49:19', 0, '0.00'),
(53, 35, 88, '1,', 11, 4, 0, 10, 'zdffg d gjgLorem ipsum dolor sit amet, consectetuer adipiscing elit. Phasellus varius. Mauris vitae lectus consequat magna luctus sagittis. Mauris et odio. Sed orci. Praesent lorem mi, tempus in, scelerisque a, mattis ut, dui. Cras nisi felis, dignissim v', 'Y', 1, 'Y', '2011-02-11 14:40:36', 0, '0.00'),
(54, 88, 85, '1,', 80, 10, 0, 20, 'abcd', 'Y', 1, 'Y', '2011-02-11 14:42:09', 0, '0.00'),
(55, 89, 85, '1,', 4500, 10, 0, 30, 'Test Case', 'Y', 1, 'Y', '2011-02-15 16:23:22', 0, '0.00'),
(56, 79, 89, '1,', 900, 20, 0, 20, '  I will solve the issue within 20 business days.', 'Y', 1, 'Y', '2011-02-16 15:54:01', 0, '0.00'),
(57, 92, 94, '1,', 700, 0, 0, 30, ' test', 'Y', 1, 'Y', '2011-02-17 17:30:19', 0, '0.00'),
(58, 94, 62, '1,', 450, 0, 0, 30, 'this is test details', 'Y', 1, 'Y', '2011-02-18 15:27:12', 0, '0.00'),
(59, 95, 95, '1,', 1500, 0, 0, 30, 'It is a test bid', 'Y', 1, 'Y', '2011-02-18 20:07:43', 0, '0.00'),
(60, 97, 95, '1,', 10, 0, 0, 20, 'test test...', 'Y', 1, 'Y', '2011-02-19 17:05:20', 0, '0.00'),
(61, 98, 95, '1,', 10, 0, 0, 10, 'test test......', 'Y', 1, 'Y', '2011-02-19 18:55:29', 0, '0.00'),
(62, 99, 98, '1,', 100, 0, 0, 1, 'I can write Terms and Agreement for your website.', 'Y', 1, 'Y', '2011-02-22 15:40:34', 0, '0.00'),
(63, 101, 98, '3,', 220, 0, 0, 1, 'Hi, I am experienced litigation lawyer', 'Y', 1, 'Y', '2011-02-24 06:13:51', 0, '0.00'),
(64, 102, 95, '1,', 700, 0, 0, 6, 'I am expert in cyber law ', 'Y', 1, 'Y', '2011-02-28 16:04:13', 0, '0.00'),
(65, 96, 62, '1,', 9, 0, 0, 30, 'test test.........', 'Y', 1, 'Y', '2011-02-28 17:11:53', 0, '0.00'),
(66, 102, 99, '1,', 710, 0, 0, 8, 'I will try my best to solve the issue.', 'Y', 1, 'Y', '2011-02-28 17:18:54', 0, '0.00'),
(67, 93, 62, '1,', 90, 0, 0, 30, 'test test..........', 'Y', 1, 'Y', '2011-02-28 17:52:03', 0, '0.00'),
(68, 103, 99, '1,', 490, 0, 0, 50, 'This is a test details for Extortion in work place.', 'Y', 1, 'Y', '2011-03-01 16:16:01', 0, '0.00'),
(69, 100, 98, '1,', 400, 0, 0, 1, 'very experienced', 'Y', 1, 'N', '2011-03-01 22:54:15', 0, '0.00'),
(70, 105, 98, '3,', 120, 0, 0, 1, 'I am going to need 4-6 Hours depending on the complicity of your case', 'Y', 1, 'Y', '2011-03-05 00:40:30', 0, '0.00'),
(71, 90, 62, '1,', 100, 0, 0, 30, 'test details for bid.', 'Y', 1, 'N', '2011-03-05 14:57:11', 0, '0.00'),
(72, 107, 62, '1,', 90, 0, 0, 60, 'test test..........', 'Y', 1, 'Y', '2011-03-10 19:26:47', 2, '92.70'),
(73, 109, 62, '1,', 10, 0, 0, 30, 'test test test test test test test test test test test test test test test test test test test test test test test test test test test test test test test test test test test test test test test test test test test', 'Y', 1, 'Y', '2011-03-14 18:05:42', 1, '10.00'),
(74, 110, 101, '1,', 300, 0, 0, 60, 'This is a test bid for A test case to check currency.', 'Y', 1, 'Y', '2011-03-17 13:01:50', 0, '303.00'),
(75, 111, 101, '1,', 90, 0, 0, 30, 'test test...', 'Y', 1, 'Y', '2011-03-17 14:44:56', 2, '90.90'),
(76, 114, 99, '1,', 700, 0, 0, 6, 'I am the best lawyer out in the town...', 'Y', 1, 'Y', '2011-03-23 20:13:05', 2, '714.00'),
(77, 115, 101, '1,', 200, 0, 0, 60, 'This is a test details to bid on this case TrialCaseRD.', 'Y', 1, 'Y', '2011-03-24 17:07:52', 2, '204.00'),
(78, 112, 101, '1,', 100, 0, 0, 30, 'test test...', 'Y', 1, 'N', '2011-03-24 17:46:32', 2, '102.00'),
(79, 106, 62, '1', 200, 0, 0, 30, 'test test...', 'Y', 1, 'N', '2011-03-28 19:48:58', 2, '206.00'),
(80, 116, 62, '1', 100, 0, 0, 60, 'test test...', 'Y', 1, 'N', '2011-03-28 20:02:57', 1, '100.00'),
(81, 117, 99, '1', 1000, 0, 0, 20, 'I can solve the case successfully since I am master on cyber crime division.', 'Y', 1, 'Y', '2011-03-29 20:15:17', 2, '1020.00'),
(82, 118, 62, '1', 500, 0, 0, 60, 'test test...', 'Y', 1, 'Y', '2011-03-31 13:27:45', 2, '515.00'),
(83, 119, 102, '1', 500, 0, 0, 60, 'This is for a test bidding...', 'Y', 1, 'Y', '2011-03-31 17:45:27', 2, '515.00'),
(84, 121, 104, '1', 400, 0, 0, 1, 'I have done many Terms and conditions pages for different sites.', 'Y', 1, 'Y', '2011-04-07 12:22:43', 2, '416.00'),
(85, 122, 102, '1', 500, 0, 0, 60, 'This is a proposal to fight the case. Thanks for your invitation.', 'Y', 1, 'Y', '2011-04-13 16:48:38', 2, '520.00'),
(86, 123, 99, '1', 1000, 0, 0, 60, 'This is a test case', 'Y', 1, 'Y', '2011-04-13 18:40:28', 2, '1040.00'),
(87, 124, 102, '1', 100, 0, 0, 30, 'Hi this bid is due to on your invitation.', 'Y', 1, 'Y', '2011-04-14 19:10:03', 2, '104.00'),
(88, 113, 102, '1', 100, 0, 0, 30, 'This is a test bid.', 'Y', 1, 'N', '2011-04-19 13:43:38', 2, '104.00'),
(89, 100, 95, '1', 500, 0, 0, 30, 'This a test bid.', 'Y', 1, 'N', '2011-04-19 14:28:49', 0, '520.00'),
(90, 125, 102, '1', 10, 0, 0, 30, 'This is a test bid details.', 'Y', 1, 'Y', '2011-04-21 14:52:45', 2, '10.60'),
(91, 127, 104, '3', 250, 0, 0, 1, 'I specialize in Shareholders agreements', 'Y', 1, 'Y', '2011-04-24 01:43:05', 2, '262.50'),
(92, 126, 104, '1', 250, 0, 0, 1, 'I am specialized in writing agreements', 'Y', 1, 'Y', '2011-04-24 02:51:15', 2, '262.50'),
(93, 130, 62, '3', 90, 0, 10, 60, 'This is a test bid.', 'Y', 1, 'Y', '2011-05-03 17:01:46', 2, '94.50'),
(94, 131, 62, '2', 180, 90, 0, 60, 'This is a test bid', 'Y', 1, 'Y', '2011-05-03 17:04:30', 2, '189.00'),
(95, 132, 62, '1', 98, 0, 0, 60, 'This is a test bid', 'Y', 1, 'Y', '2011-05-03 17:06:26', 2, '102.90');

-- --------------------------------------------------------

--
-- Table structure for table `lm_blogcategory_tbl`
--

CREATE TABLE IF NOT EXISTS `lm_blogcategory_tbl` (
  `BlogCategoryId` int(11) NOT NULL AUTO_INCREMENT,
  `BlogCategory` varchar(255) COLLATE utf8_unicode_ci NOT NULL,
  PRIMARY KEY (`BlogCategoryId`)
) ENGINE=MyISAM  DEFAULT CHARSET=utf8 COLLATE=utf8_unicode_ci AUTO_INCREMENT=9 ;

--
-- Dumping data for table `lm_blogcategory_tbl`
--

INSERT INTO `lm_blogcategory_tbl` (`BlogCategoryId`, `BlogCategory`) VALUES
(1, 'Home'),
(2, 'Compitition'),
(3, 'Freelancer Facts'),
(4, 'Free Lawyer Tips'),
(5, 'General Announcements'),
(6, 'New Featires'),
(7, 'Press Announcement'),
(8, 'Site Tutorial');

-- --------------------------------------------------------

--
-- Table structure for table `lm_blogcomment_tbl`
--

CREATE TABLE IF NOT EXISTS `lm_blogcomment_tbl` (
  `CommentId` int(11) NOT NULL AUTO_INCREMENT,
  `CommentBlogId` int(11) NOT NULL DEFAULT '0',
  `CommentEmailid` varchar(255) NOT NULL DEFAULT '',
  `CommentText` varchar(255) NOT NULL DEFAULT '',
  `CommentPostDate` datetime NOT NULL DEFAULT '0000-00-00 00:00:00',
  `CommentIp` varchar(255) NOT NULL DEFAULT '',
  `CommentStatus` int(11) NOT NULL DEFAULT '1',
  `CommentDate` timestamp NOT NULL DEFAULT CURRENT_TIMESTAMP,
  PRIMARY KEY (`CommentId`)
) ENGINE=MyISAM  DEFAULT CHARSET=latin1 AUTO_INCREMENT=73 ;

--
-- Dumping data for table `lm_blogcomment_tbl`
--

INSERT INTO `lm_blogcomment_tbl` (`CommentId`, `CommentBlogId`, `CommentEmailid`, `CommentText`, `CommentPostDate`, `CommentIp`, `CommentStatus`, `CommentDate`) VALUES
(1, 15, 'user2@sritechnocrat.com', 'kdjgdf dfgkjdfn fk', '2009-12-21 13:15:51', '122.161.127.150', 1, '2009-12-22 00:45:51'),
(2, 14, 'user3@sritechnocrat.com', 'kdjgh dfgjkhdfkjg fdkgljfdlhk fdhkjflhj<br/>fgklfjdhl fhkgl fhlkj gfhklhkl lkhjf<br/>ghlkj', '2009-12-21 13:17:04', '122.161.127.150', 1, '2009-12-22 00:47:04'),
(3, 13, 'user3@sritechocrat.com', 'fdgdfh fhfg fghfg <br/>fdghfh<br/>fhfgh<br/>ghgfjyjy<br/>ugujyt<br/>aseaw<br/>dsgfdg', '2009-12-21 13:19:20', '122.161.127.150', 1, '2009-12-22 00:49:20'),
(4, 14, 'user5@sritechocrat.com', 'dfjhd fdgjkdfhg fdgl;hkptr thop[t', '2009-12-21 13:29:56', '122.161.127.150', 1, '2009-12-22 00:59:56'),
(5, 16, 'user6@sritechnocrat.com', 'Now your netbook can clean the air while running internet explorer for a full 10 hours! Call now!', '2009-12-21 13:40:22', '122.161.127.150', 1, '2009-12-22 01:10:22'),
(6, 16, 'user5@sritechocrat.com', 'I thought this was a very interesting post thanks for writing it!<p>; )<p>Seriously though, it is interesting to see more of this kind of connection going on. I like the potential of mixing it up with various APIs to provide the various features usually f', '2009-12-21 13:47:31', '122.161.127.150', 1, '2009-12-22 01:17:31'),
(7, 16, 'user1@sritechnocrat.com', 'I certainly agree that the true goal of blogging should be intelligent conversation, but Im quite cynical about whether this is possible, unless the postings are pre-screened (and even then its problematic). Its just too easy for AnonymousGeek116 to have', '2009-12-21 13:51:38', '122.161.127.150', 1, '2009-12-22 01:21:38'),
(8, 15, 'user6@sritechnocrat.com', 'Having good content can only get you so far unless you also provide a good atmosphere to comment in. Just like you cant have a good debate in public if you have people constantly shouting, yelling or booing you, what good is it for people to take the time', '2009-12-21 13:53:27', '122.161.127.150', 1, '2009-12-22 01:23:27'),
(9, 15, 'user5@sritechnocrat.com', 'Yes we are pleased to read at least an answer Yet he should have explained more and perhaps be transparent in his payslip and bonuses?If Buiters writing is going to be mostly confined to Citi research papers from now on, I really would like to know what h', '2009-12-21 14:06:18', '122.161.127.150', 1, '2009-12-22 01:36:18'),
(10, 12, 'user2@sritechnocrat.com', 'Perhaps hell be making a few quid from his previous quo? Financial bloggers have been known to get some plum jobs here and there after putting in a few years of solid service.Did you read his posts religiously? In the aggregate, do they point to a central', '2009-12-21 14:08:14', '122.161.127.150', 1, '2009-12-22 01:38:14'),
(11, 12, 'user2@sritechnocrat.com', 'As much as I hated working for David Lerner, I have to somewhat defend the Apple Program.1. Yes it is a huge upfront fee but it does pay 8% yearly and all the Apple programs have paid between 7-8% starting in 98 or so.2.The properties are purchased for al', '2009-12-21 14:09:35', '122.161.127.150', 1, '2009-12-22 01:39:35'),
(12, 12, 'user5@sritechnocrat.com', 'Does vegetarianism do more harm to animals than eating meat?More than hunting deer or buffalo on the prairie, sure. But since his argument is that growing grain kills animals ecosystems, growing grain and then feeding it to cows is not going to do any les', '2009-12-21 14:10:27', '122.161.127.150', 1, '2009-12-22 01:40:27'),
(13, 11, 'user4@sritechnocrat.com', 'I think youre confusing amoral with immoral.Captialism is an amoral system because its based on letting buisnesses choose their own path to success (or failure), not dictating that path.', '2009-12-21 14:16:33', '122.161.127.150', 1, '2009-12-22 01:46:33'),
(14, 11, 'vin86singh@yahoo.com', 'AT&T and Fannie also played the whats good for us is good for America. In fact they took it further and played up the fear factor (AT&T used the cold war and Fannie used the 98 crisis and 01 tech bubble). Goldman is going down the same path and will end i', '2009-12-21 14:17:34', '122.161.127.150', 1, '2009-12-22 01:47:34'),
(15, 11, 'af.bg@gmail.com', 'We learn in the article that the Gods Work comment was a joke.I was hoping Blankfein was merely delusional about positive effects of Goldmans activities. That I can live with.That he is a raw cynic frankly is much worse.', '2009-12-21 14:18:55', '122.161.127.150', 1, '2009-12-22 01:48:55'),
(16, 11, 'user3@sritechocrat.com', 'Its important to be nuanced because Goldman is a mix of positive and harmful elements. There are a lot of useful things that Goldman does. Investment banking is certainly a meaningful business. Beyond that, trading can be very valuable in an economy becau', '2009-12-21 14:21:15', '122.161.127.150', 1, '2009-12-22 01:51:15'),
(17, 17, 'xenif911@yahoo.ca', 'I must say that it is a great idea to have blog for clients', '2009-12-24 12:12:37', '75.157.128.209', 1, '2009-12-24 23:42:37'),
(18, 30, 'sdfsd@fsd.com', 'fsdf', '2010-07-27 13:36:06', '122.177.64.229', 1, '2010-07-28 00:06:06'),
(19, 30, 'me@mysite.com', 'this is test post', '2010-07-27 13:59:16', '59.96.88.237', 1, '2010-07-28 00:29:16'),
(20, 37, 'Sudipweb07@gmail.com', 'Hello .. iTs nice', '2011-03-17 02:58:31', '122.160.37.52', 1, '2011-03-17 13:28:30'),
(21, 36, 'sudipweb07@gmail.com', 'good', '2011-03-23 05:29:26', '111.93.6.86', 1, '2011-03-23 15:59:26'),
(22, 34, 'rituparna.das@exactlly.com', 'This is the post to check blog', '2011-04-04 07:45:14', '111.93.6.86', 1, '2011-04-04 18:15:14'),
(23, 46, 'xfather@gmail.com', 'iQnj46 this is delisious!<br/>xfather123', '2011-05-25 04:04:57', '91.224.160.4', 1, '2011-05-25 14:34:57'),
(24, 43, 'dmitazsr@lrhhddxr.com', 'yNVUOP inqzlwos epymgnmt yqetueke', '2011-09-20 19:51:34', '93.174.93.148', 1, '2011-09-21 06:21:34'),
(25, 46, 'mvwjduij@ckaxdbnn.com', 'PUdmBV qhrykrjr dfihtlni migfzhvb', '2011-09-20 19:51:42', '93.174.93.148', 1, '2011-09-21 06:21:42'),
(26, 44, 'fywflhin@dzbpqzre.com', 'T4ojWK iczetpeh zlvzonpc ftukhuay', '2011-09-20 19:51:47', '93.174.93.148', 1, '2011-09-21 06:21:47'),
(27, 46, 'amuggopf@qeeukhee.com', 'qdtttqlp eormmgcx kjngsbib', '2011-10-20 07:15:16', '93.174.93.148', 1, '2011-10-20 17:45:16'),
(28, 43, 'brdxqbhz@mbncshhm.com', 'pjbbzchw daaczsjf niuolymz', '2011-10-20 07:15:16', '93.174.93.148', 1, '2011-10-20 17:45:16'),
(29, 44, 'pcdnqjdu@fgbwmvub.com', 'rgyvydst xgdqqtgs uihetbou', '2011-10-20 07:15:16', '93.174.93.148', 1, '2011-10-20 17:45:16'),
(30, 46, 'kturergv@sgsvfcuq.com', 'saqpucjq xzswdpuv vinggsan', '2011-10-20 08:24:20', '93.174.93.148', 1, '2011-10-20 18:54:20'),
(31, 44, 'geevpbcc@cujqmxva.com', 'gqlqmwct dujngsuv bldkocfh', '2011-10-20 08:24:20', '93.174.93.148', 1, '2011-10-20 18:54:20'),
(32, 43, 'netxbkqr@gedzasfn.com', 'ruagzlgx lagcuiqn pegyewgs', '2011-10-20 08:24:20', '93.174.93.148', 1, '2011-10-20 18:54:20'),
(33, 43, 'ccpmjbov@kimrxegj.com', 'ispgidpw cuyojxdr dymywoyw', '2011-10-20 09:39:13', '93.174.93.148', 1, '2011-10-20 20:09:13'),
(34, 46, 'fvjoiemg@zoghzgck.com', 'cwmedvub eddxqcei lekzzcdv', '2011-10-20 09:39:14', '93.174.93.148', 1, '2011-10-20 20:09:14'),
(35, 44, 'dmhwxfju@eddyeneq.com', 'pdoyieej dzneyebn rakflccg', '2011-10-20 09:39:14', '93.174.93.148', 1, '2011-10-20 20:09:14'),
(36, 43, 'vyldkwkr@efuswxxy.com', 'woliezij cfamhltt etzgjdty', '2011-10-20 10:48:47', '93.174.93.148', 1, '2011-10-20 21:18:47'),
(37, 46, 'rraolwtr@qdfskqav.com', 'wnsuqhga nyrnvrzk zsljgczo', '2011-10-20 10:48:47', '93.174.93.148', 1, '2011-10-20 21:18:47'),
(38, 44, 'mtbrxosb@xzvigcpk.com', 'abeilvre xhyvwkur skzoyvto', '2011-10-20 10:48:48', '93.174.93.148', 1, '2011-10-20 21:18:48'),
(39, 46, 'uljbjlgp@neiekxxo.com', 'jdtrivpi qfuizjse pvrmfjwl', '2011-10-20 12:00:23', '93.174.93.148', 1, '2011-10-20 22:30:23'),
(40, 43, 'fhhngbqj@efgpqrjz.com', 'hohdvkjl oazrrotu ruelzgnh', '2011-10-20 12:00:23', '93.174.93.148', 1, '2011-10-20 22:30:23'),
(41, 44, 'uobyxspb@ellswton.com', 'ojztannp cwpykotc glqhfsgn', '2011-10-20 12:00:23', '93.174.93.148', 1, '2011-10-20 22:30:23'),
(42, 46, 'xheutuej@pklscehg.com', 'dfvgmvov rwwmuxpd tgdrymef', '2011-10-21 15:32:22', '93.174.93.148', 1, '2011-10-22 02:02:22'),
(43, 43, 'qnvoozlw@jvuhlczd.com', 'dyiyeefp ffseqryk pgztxkfh', '2011-10-21 15:32:22', '93.174.93.148', 1, '2011-10-22 02:02:22'),
(44, 44, 'fireksfb@enikdkwx.com', 'hdrrivml unjocofg pqtfhotb', '2011-10-21 15:32:23', '93.174.93.148', 1, '2011-10-22 02:02:23'),
(45, 43, 'adxneczk@bjarapbs.com', 'lurenyia zxjcolpd ntmngtjs', '2011-10-21 16:42:00', '93.174.93.148', 1, '2011-10-22 03:12:00'),
(46, 44, 'dhjgblsg@qseejsov.com', 'esszbose mcmkbvrs osjjtprm', '2011-10-21 16:42:04', '93.174.93.148', 1, '2011-10-22 03:12:04'),
(47, 46, 'raqrlvjm@nczgokfk.com', 'mznucbgq gjsjwvaq qlouhdgr', '2011-10-21 16:42:04', '93.174.93.148', 1, '2011-10-22 03:12:05'),
(48, 43, 'slefjhqt@qhnluwts.com', 'npfhvchb ohjxilvz lzlflmqo', '2011-10-21 17:51:33', '93.174.93.148', 1, '2011-10-22 04:21:33'),
(49, 44, 'liytqudf@tpezraae.com', 'mlnxcwwa bgpnmyjx sjdwgwle', '2011-10-21 17:51:33', '93.174.93.148', 1, '2011-10-22 04:21:33'),
(50, 46, 'zjcjifhz@ejxxcbuf.com', 'wyuytqta vwqfsvrw urspezyg', '2011-10-21 17:51:33', '93.174.93.148', 1, '2011-10-22 04:21:33'),
(51, 43, 'dbrmxqkc@fkntajis.com', 'mhrzkxjx nkbnyuoa rkpnjygl', '2011-10-21 19:00:55', '93.174.93.148', 1, '2011-10-22 05:30:55'),
(52, 46, 'foecobbw@hjgqfnoi.com', 'iaweruxx tkwqfywp smiagflu', '2011-10-21 19:00:55', '93.174.93.148', 1, '2011-10-22 05:30:55'),
(53, 44, 'wpwopabn@ezvaeiur.com', 'wyljhmhu pxamdtbi tzalxjom', '2011-10-21 19:00:55', '93.174.93.148', 1, '2011-10-22 05:30:55'),
(54, 43, 'geyibijf@wsgcvvat.com', 'pzlhjkqs cxufawra yseaggov', '2011-10-21 20:10:36', '93.174.93.148', 1, '2011-10-22 06:40:36'),
(55, 46, 'bkejdjzs@pzxmrngs.com', 'lzsdqifo cwmbzdvb xagqbvsg', '2011-10-21 20:10:43', '93.174.93.148', 1, '2011-10-22 06:40:43'),
(56, 44, 'csugsxtd@xnilhuma.com', 'qykerkww wjavworb qbrzyiws', '2011-10-21 20:10:43', '93.174.93.148', 1, '2011-10-22 06:40:43'),
(57, 43, 'eijtrbqd@zekatbkh.com', 'uomzuygi sosihutw evlhsscm', '2011-10-23 00:20:28', '93.174.93.148', 1, '2011-10-23 10:50:28'),
(58, 43, 'cjzvfgsy@dkkkcuwk.com', 'kqwagjxf yfdkjgds pbtyllyq', '2011-10-23 01:31:59', '93.174.93.148', 1, '2011-10-23 12:01:59'),
(59, 46, 'ykzkcgxn@zipwxsjv.com', 'degulsfn nzgywvgt bgukjfvs', '2011-10-23 01:32:00', '93.174.93.148', 1, '2011-10-23 12:02:00'),
(60, 44, 'auhygays@pncqomma.com', 'kagpznut jeuztlmp mnfvelgu', '2011-10-23 01:32:00', '93.174.93.148', 1, '2011-10-23 12:02:00'),
(61, 44, 'ibetozrj@qhhemduc.com', 'layvmrrh umdxirsv olqgsccw', '2011-10-23 02:46:33', '93.174.93.148', 1, '2011-10-23 13:16:33'),
(62, 43, 'fwzddjte@qqaxblbj.com', 'yzbsboas ybtfjiwz jemkbtus', '2011-10-23 02:46:33', '93.174.93.148', 1, '2011-10-23 13:16:33'),
(63, 46, 'iupekvol@jlsvtwql.com', 'rdfkhkpw xffyilza wggabdin', '2011-10-23 02:46:33', '93.174.93.148', 1, '2011-10-23 13:16:33'),
(64, 43, 'unzlgnzf@fonznnyb.com', 'ncqdvozb wahxhols tkfqvots', '2011-10-23 03:56:04', '93.174.93.148', 1, '2011-10-23 14:26:04'),
(65, 46, 'xgkqglto@rutxdmvl.com', 'onwzbiok jlliqmbe rttvlygh', '2011-10-23 03:56:05', '93.174.93.148', 1, '2011-10-23 14:26:05'),
(66, 44, 'hymaqssq@tpvddirq.com', 'otftvhkz jvkymuil cvfshhpm', '2011-10-23 03:56:06', '93.174.93.148', 1, '2011-10-23 14:26:06'),
(67, 43, 'atmdfssc@zlxtfygn.com', 'kepnzqmp vgluhwmj daoiknfa', '2011-10-23 05:07:30', '93.174.93.148', 1, '2011-10-23 15:37:30'),
(68, 44, 'gjdleist@bievlmqu.com', 'zrmwkhzg epmwiwyg vynwntkj', '2011-10-23 05:07:30', '93.174.93.148', 1, '2011-10-23 15:37:30'),
(69, 46, 'ehitsnnb@mxmjnrfh.com', 'ngqkwkfn doadfpni zlcdfziw', '2011-10-23 05:07:30', '93.174.93.148', 1, '2011-10-23 15:37:30'),
(70, 44, 'lmzuefac@wwfpjgun.com', 'dyhxhqjy bxudbnit zdjxgvsb', '2011-11-01 10:35:33', '93.174.93.148', 1, '2011-11-01 21:05:33'),
(71, 46, 'qkjipogt@oaumdwkk.com', 'pgaflfml ylqidtum coomqube', '2011-11-01 10:35:33', '93.174.93.148', 1, '2011-11-01 21:05:33'),
(72, 43, 'baosgfqu@mclnzobe.com', 'ezvibpyh zlartomj tapwkcfy', '2011-11-01 10:35:33', '93.174.93.148', 1, '2011-11-01 21:05:33');

-- --------------------------------------------------------

--
-- Table structure for table `lm_blog_tbl`
--

CREATE TABLE IF NOT EXISTS `lm_blog_tbl` (
  `BlogId` int(11) NOT NULL AUTO_INCREMENT,
  `BlogClientId` int(11) DEFAULT '0',
  `BlogLawyerId` int(11) DEFAULT '0',
  `BlogTitle` varchar(255) NOT NULL DEFAULT '',
  `BlogShortDesc` longtext,
  `BlogDetail` longtext NOT NULL,
  `BlogStatus` int(11) NOT NULL DEFAULT '1',
  `BlogDate` timestamp NOT NULL DEFAULT CURRENT_TIMESTAMP,
  `FileType` varchar(10) NOT NULL,
  `FileName` varchar(255) NOT NULL,
  `EncFileName` varchar(255) NOT NULL,
  `BlogCategoryId` int(11) NOT NULL DEFAULT '0',
  PRIMARY KEY (`BlogId`)
) ENGINE=MyISAM  DEFAULT CHARSET=latin1 AUTO_INCREMENT=47 ;

--
-- Dumping data for table `lm_blog_tbl`
--

INSERT INTO `lm_blog_tbl` (`BlogId`, `BlogClientId`, `BlogLawyerId`, `BlogTitle`, `BlogShortDesc`, `BlogDetail`, `BlogStatus`, `BlogDate`, `FileType`, `FileName`, `EncFileName`, `BlogCategoryId`) VALUES
(1, 15, 0, 'More Information about Malware Details', NULL, 'A month ago we announced the release of a new Webmaster Tools feature that helps webmasters identify malicious content that has been surreptitiously added to their sites. Weve been working on improving the quality of the feature since it launched, and yes', 1, '2009-12-10 05:07:09', '', '', '', 0),
(5, 14, 0, ' How a school photographers special offer was symptomatic of the content industrys problems', NULL, 'This week a photographer was at my childrens school taking pictures. Inside the package that was sent home for our purchasing choice was the following Special offer:<p>Have all the [six printed and framed] photographs for 25 and we will email the images (max 3) copyright free for just 35 extra<p>Incredulously, my wife asked: 3 emailed images cost 10 more than 6 printed ones. How does that make sense?<p>The more I thought about the Special offer the more I saw how symptomatic it was of content-based industries. Here are just 4 issues it brings up:', 1, '2009-12-10 21:48:58', '', '', '', 0),
(6, 0, 62, 'Dont overvalue your content', NULL, 'qwerty', 1, '2009-12-10 22:09:01', '', '', '', 0),
(3, 0, 63, 'Deleted & Error Pages: Dark Corners of Your Website Where Malware May Be Lurking', NULL, 'When a page is deleted from a site, the web server returns an error code (usually 404: Not Found) when requests to the deleted URLs are made. In addition to the error code in the HTTP header, the web server may send a custom error page or Not Found page, usually intended to help users find what they are looking for. If your site is infected, its error page can contain arbitrary HTML that exposes your visitors to malware. You can search our Webmaster Forum for information about how others are dealing with similar problems. The recently-launched malware samples feature in Google Webmaster Tools could also come in handy.<br/>', 1, '2009-12-10 06:41:51', '', '', '', 0),
(8, 0, 62, 'ghbg fghgfj ghjgh', NULL, 'dkljfgldf dflgklf;k h fh,<p>ghfh<p>rygftrgh<br/>fdgfh<p><p>fdhgfgh', 1, '2009-12-10 22:29:17', '', '', '', 0),
(9, 0, 62, 'dsfd rgr', NULL, 'The mention of copyright in the photographers special offer is a bad choice of words, for a number of reasons. Firstly, after some conversation with photographers on Twitter, I realised he was actually trying to say you can send this to as many friends as you want but he using his own language, not ours as a consumer. Is about his rights, not our benefits. Sound familiar?', 1, '2009-12-10 22:54:45', '', '', '', 0),
(10, 0, 62, 'fbfghgf ghgf j', NULL, 'Like newspapers who charge more for accessing one article online than they do for a whole bundle of articles in print, this photographer thinks his content is worth so much that he can charge almost 50% more for it in its pure form.<p>But without the glossy paper and the framing, a school photo loses much of its symbolic charm for parents. Particularly when it is produced in the factory-line-like settings that characterise school photography (and, likewise, much journalism). He forgets that he is not selling an image, but a package.<br/>', 1, '2009-12-10 22:55:01', '', '', '', 0),
(11, 0, 44, 'Pricing is everything', NULL, 'qwertyuiopasdfghjklzxcvbnm', 1, '2009-12-10 23:04:40', '', '', '', 0),
(12, 0, 44, '9878976', NULL, 'QWERTYUIOPASDFGHJKLZXCVBNM', 1, '2009-12-10 23:05:01', '', '', '', 0),
(13, 0, 44, '654HGJHGgfgfg', NULL, '~`!@#$%^&*()--+=|[]{}:;?/><,.', 1, '2009-12-10 23:05:37', '', '', '', 0),
(14, 0, 44, 'gfhfg', NULL, '.vmf gbgf gngf<br/>;<br/>;-039403 =\\-=0=-0prop <br/>reo<p><p>rtopierpoti', 1, '2009-12-10 23:06:41', '', '', '', 0),
(15, 21, 0, 'Official PCLinuxOS Store Open', NULL, 'Just in time for the holidays! Get your favorite PCLinuxOS swag for yourself, your family or your favorite PCLinuxOS friend. Coffee mugs, T-shirts, mouse pads , caps and much more now available through our official PCLinuxOS Cafe ', 1, '2009-12-10 23:41:26', '', '', '', 0),
(16, 0, 63, 'Intels next-gen Pine Trail Atom processors officially announced', NULL, 'Get ready for the next generation of netbooks and nettops: Intel just officially announced the Pine Trail Atom N450, D410, and D510, along with the NM10 Express chipset, and we should see over 80 machines with the 45-nanometer chips at CES 2010. Nothing too surprising about the 1.66GHz chips themselves, which integrate the memory controller and Intel graphics directly onto the CPU die: the N450 is targeted at netbooks, while the single-core D410 and dual-core D510 are designed for nettops, and each chip should use about 20 percent less power than its predecessor. That was borne out in our review of the N450-based ASUS Eee PC 1005PE, which got 10 hours of battery life in regular use, but unfortunately we didnt experience any performance improvements over the familiar N270 and N280. That jibes with other reports weve heard, but well wait to test some more machines before we break out the frowny face permanently -- for now, check out the full press release below.<br/>', 1, '2009-12-22 01:09:35', '', '', '', 0),
(17, 14, 0, 'New blog', NULL, 'Add latest blogs. Lets have something exiting for all lawyers and clients. we ll be able to write a blog and if others like it they will recomend or hide that blog by clicking or giving stars 1-5<br/>', 1, '2009-12-24 23:37:05', '', '', '', 0),
(19, 15, 0, 'testing blog', 'gud blog..keep blogging for this topic', '<p>qwedawdfwe dsfdsgfdg dsfgdg</p><br/><p>dfdgdf</p><br/><p>dfgdfg</p><br/><p>fdhgfhf</p><br/><p>&nbsp;</p>', 1, '2010-02-11 22:36:57', '', '', '', 0),
(20, 0, 63, 'lawyer blog', 'The tussle between the Shiv Sena and cops over the release of My Name Is Khan is likely to result in Rs 40-45 cr losses.', '<p>IIMs are not producing the kind of students required by the industry. The kind of people industry today requires are those who have the competence to work under ambiguity and have the agility to cope with different dynamic situations, said Rajeev Bhadauria, president, Human Resources, Reliance ADAG.</p><br/><p>He added, Dynamism should be the primary input today in all models of education that we propose to teach. So, our curriculum must make people dynamic.</p><br/><p>He was speaking at Connexion a PGPX (Post Graduate Programme for Executives) conclave organised at IIM-A here.</p>', 1, '2010-02-11 22:45:30', '', '', '', 0),
(21, 0, 63, ' Hidden drugs in roses Cocaine in V-Day roses', 'A couple of days before Valentines Day, a consignment of cocaine was found hidden among 20,000 roses at the Amsterdam airport. ', '<p class="&quot;first&quot;" style="">A week before Valentines Day, a consignment of cocaine was found hidden among 20,000 roses from Latin America at Amsterdam airport, Dutch authorities said on Wednesday.</p><br/><p>The roses, a popular Feb. 14 Valentines Day gift, arrived last Sunday on a flight from Bogota, Colombia, which stopped over in Puerto Rico, the public prosecutors office said in a statement. The drug was found in cellophane packets hidden in boxes containing the roses.</p>', 1, '2010-02-11 23:35:51', '', '', '', 0),
(22, 15, 0, ' Mumbai to Melbourne', 'Mumbai is a long way from Melbourne but analysing the politics of the Shiv Sena is instructive to what is happening in Australia. ', '<p class="first" style="margin-top: 0pt;">That a significant number of Indian students have been assaulted and on occasion killed in Australia over recent months is an indisputable fact. But does this necessarily mean, as a large section of the media and the government of India seem to believe, that these incidents are driven by racism? Or is it simply generic urban crime as claimed by the Australians?</p><br/><p>By digging into their respective corners, both sides of the debate, particularly the Indian side, are missing a crucial analytical point that relates to the challenge of a new kind of migration from India to Australia.</p>', 1, '2010-02-11 23:37:37', '', '', '', 0),
(23, 0, 63, 'Hindu wins battle for funeral pyre in Britain', 'A devout Hindu was overjoyed after winning a court fight that will now allow open-air cremation in Britain.hi', '<p class="first" style="margin-top: 0pt;">A devout Hindu declared himself overjoyed on Wednesday after winning a court fight to be allowed to be cremated in Britain on an open-air funeral pyre.</p><br/><p>Spiritual healer Davender Ghai, 71, was granted his last wish by the Court of Appeal which ruled the controversial ceremony could be carried out without a change</p><br/><p>&nbsp;</p><br/>&nbsp;<br/><p>&nbsp;</p>', 1, '2010-02-11 23:42:41', '', '', '', 0),
(24, 15, 0, 'fsdfdsgfdfgdfg', 'Indias most eligible bachelor may not be single and available for long. This Valentines week, take a look at Rahuls love match.', '<p>Ghai believes that a pyre is essential to "a good death" and for the release of his spirit into the afterlife.</p><br/><p>&nbsp;</p><br/><p>He wants a permit for an open-air cremation site in a remote part of Northumberland in northern England.</p><br/><p>&nbsp;</p><br/><p>Ghai was originally refused permission by the local authority in Newcastle and lost a legal challenge to that decision at the High Court last</p><br/><p>&nbsp;</p>', 1, '2010-02-11 23:44:01', '', '', '', 0),
(25, 23, 0, 'New Lawaar Blog', 'Lets see if it works', '<p>It works&nbsp; yeee</p><br/><p>&nbsp;</p>', 1, '2010-02-18 00:39:53', '', '', '', 0),
(26, 32, 0, 'Jalsa', 'So as I try to come on early this late afternoon, I am overwhelmed by the amount of excitement that gets generated by the twitter brigade.', '<p>So as I try to come on early this late afternoon, I am overwhelmed by the amount of excitement that gets generated by the twitter brigade. Goodness !! It is a different world altogether. Millions and millions of us reaching out, talking, informing, connecting in an endless ocean of cybernous ! But look at it dispassionately and you will find the incredible effort humans make to get together, to know, to hold, to give, to receive. The cyber space has done a marvel. may it continue to flourish and prosper and may it develop new avenues for all of us to come together on similar platforms, to dwell and think alike, to consider alike &nbsp;the consequences that we miss through separation and barriers and boundaries. Barriers of difference, barriers of hate and anger, barriers of different beliefs and hence alienation.</p><br/><p>&nbsp;</p><br/><p>Many wonder why I connect on the different mediums. There are many now in my pocket, virtually. The Blog, the MoBlog, Bachchan Bol,Twitter and soon perhaps the visual through Google if it all works out. They say I wear myself too thin. Many accuse me of taking on any and every opportunity that is offered to me. That it is harmful and destructive to be in such situation. That the management of my life and career is faulty.</p><br/><p>&nbsp;</p><br/><p>I accept all their suggestions, their wisdom and their concern. I am certain they say it out of deep love and affection and of a sincerity that can only be looked upon as a benefit. But every individual is an island, alone, isolated and disconnected from the mainland. Their survival is based and guided by what they individually and singularly design for themselves. One that remains under their control and guidance. They know best what is right and what is wrong. Where repair needs to be done and where not. That is the ultimate truth.</p><br/><p>&nbsp;</p><br/><p>I will acknowledge and accept from others only if they vouch to be in the shoes that I wear. In the distances that I walk in them, through rough and ride. In the face-offs that I experience, the rebukes and the challenges. And finally in the outcomes that my effort made or did not.</p><br/><p>&nbsp;</p>', 1, '2010-05-21 23:07:50', '', '', '', 0),
(27, 0, 73, 'Lost on Translation Island', 'The pilot announces that the engine has a snag and they have to make an emergency landing. The passengers - a small group of lucky-draw winners whose prize was a trip to videsh, and a young steward named Anand (Manoj Kumar) - disembark and wander about what could be a jungle, an island, a desert or possibly all three at once.', '<p>The pilot announces that the engine has a snag and they have to make an emergency landing. The passengers - a small group of lucky-draw winners whose prize was a trip to <span style="font-style: italic;">"videsh"</span>, and a young steward named Anand (Manoj Kumar) - disembark and wander about what could be a jungle, an island, a desert or possibly all three at once. Then the plane takes off, leaving them stranded (but thoughtfully unloading their luggage before going).</p><br/><p>So the wrathful tourists converge on the steward, who seems a natural candidate for co-conspirator in this turn of events. Manoj Kumar is facing the camera, brooding handsomely, contemplating <a title="The Best of Manoj Kumar -- Jai Arjun Singh" href="http://jaiarjun.blogspot.com/2007/11/best-of-manoj-kumar.html">a long future playing martyred characters</a> in patriotic films. Why not get in some practice? He looks down, covers half his face and says in a broken tone that somehow manages to be understated and overwrought at the same time: <span style="font-style: italic;">"Mera iss mein koi haath nahin. Main kuch nahin jaanta!"</span> ("I had no hand in this. I know nothing!") Laurence Olivier, preparing to play Iago at the Old Vic, would have had a jealous tantrum if he had witnessed this scene.</p>', 1, '2010-05-22 00:23:53', '', '', '', 0),
(28, 0, 73, 'No corruption in IPL3', 'Outgoing International Cricket Council Anti-Corruption chief Paul Condon said on Thursday he had no evidence to suggest there had been any corruption in the third edition of the Indian Premier League.', '<p>IPL three from a clean cricket point of view seems to have been a very clean event, Condon told a news conference at Lords. There were rumours and vague allegations about match-fixing in IPL three.</p><br/><p>No one has come forward from within the Indian board or the IPL or franchises or journalists, players or team managers, anyone with any specific allegations about match-fixing in the IPL. All there has been is a generic rumour."</p>', 1, '2010-05-22 00:29:45', '', '', '', 0),
(29, 0, 63, 'dsfr', 'lihg;sfv', '<p>vsfvk[]</p><br/><p>&nbsp;</p>', 1, '2010-06-03 22:50:11', '', '', '', 0),
(30, 0, 63, 'Justice Around the World', 'Lucas leads crusade for justice in Canada with immigration debate', '<p>Senate resigns over immigration reform issue</p>', 1, '2010-06-03 22:51:00', '', '', '', 0),
(31, 15, 0, 'testchkblg', 'test test test test test test test test test test test test test test test ', '<p>testtesttesttesttesttesttesttesttesttesttesttesttesttesttesttesttest</p>', 1, '2011-02-16 18:20:35', 'pdf', 'eSELECTplus_HPP_IG.pdf', '0.93438300 1297860634eSELECTplus_HPP_IG.pdf', 0),
(33, 15, 0, 'testchkblg2', 'test test test test test test test test test test test test test test test test test test test test test test test test test test test test test test test test test test test test test test test test test test test test test test test test test test test test test test test test test test test test test test test test test test test test test test test test test test test test test test test test test test test test test test test test test test test test test test test test test test test test test test test test test test test test test test test test test test test test test', '<p>testtesttesttesttesttesttesttesttesttesttesttesttesttest</p>\r\n<p>&nbsp;</p>\r\n&nbsp;\r\n<p>&nbsp;</p>', 1, '2011-02-16 19:58:28', 'video', '14440018.flv', '0.21229700 130011257414440018.flv', 0),
(34, 58, 0, 'test', 'test', '<p>test</p>', 1, '2011-02-16 20:05:52', '', '', '', 0),
(35, 0, 62, 'test blog by sharon', 'test test.....', '<p>To test the blog...</p>\r\n<p>&nbsp;</p>', 1, '2011-03-04 13:23:38', 'pdf', 'eSELECTplus_HPP_IG.pdf', '0.88599500 1299225396eSELECTplus_HPP_IG.pdf', 0),
(36, 15, 0, 'checkBlog', 'test short description...', '<p>test description test description test description test description test description test description test description test description test description test description test description test description test description test description test description test description test description</p>\r\n<p>&nbsp;</p>', 1, '2011-03-14 12:52:16', 'doc', 'Test   document.docx', '0.00274600 1300087693Test   document.docx', 0),
(37, 15, 0, 'ChkImage', 'test short description test short description test short description test short description test short description test short description test short description test short description test short description test short description test short description test short description test short description test short description test short description test short description test short description test short description test short description test short description test short description test short description test short description test short description test short description test short description test short description test short description test short description test short description test short description test short description test short description test short description test short description test short description test short description test short description test short description test short description test short description test short description test short description test short description test short description test short description test short description test short description', '<p>test description..........</p>\r\n<p>&nbsp;</p>\r\n&nbsp;\r\n<p>&nbsp;</p>\r\n&nbsp;   &nbsp;\r\n<p>&nbsp;</p>\r\n&nbsp;   &nbsp;   &nbsp;\r\n<p>&nbsp;</p>\r\n&nbsp;   &nbsp;   &nbsp;   &nbsp;\r\n<p>&nbsp;</p>', 1, '2011-03-14 13:08:51', 'image', 'calculator.png', '0.46329000 1300110796calculator.png', 0),
(39, 0, 62, 'Cricket World Cup 2011', 'India win Australia at quartar final.', '<p>India win Australia at quartar final.</p>\r\n<p>India win Australia at quartar final.</p>\r\n<p>India win Australia at quartar final.</p>\r\n<p>India win Australia at quartar final.</p>\r\n<p>India win Australia at quartar final.</p>\r\n<p>India win Australia at quartar final.</p>\r\n<p>India win Australia at quartar final.</p>', 1, '2011-03-25 13:05:17', 'image', 'calculator.png', '0.46283100 1301039643calculator.png', 5),
(40, 15, 0, 'World Cup', 'Watch Cricket World Cup 2011', '<p>Watch Cricket World Cup 2011.Watch Cricket World Cup 2011.Watch Cricket World Cup 2011.Watch Cricket World Cup 2011.Watch Cricket World Cup 2011.Watch Cricket World Cup 2011.Watch Cricket World Cup 2011.Watch Cricket World Cup 2011.Watch Cricket World Cup 2011.Watch Cricket World Cup 2011.Watch Cricket World Cup 2011.Watch Cricket World Cup 2011.Watch Cricket World Cup 2011.</p>', 1, '2011-03-25 13:21:36', 'image', 'calculator.png', '0.74654100 1301039496calculator.png', 2),
(41, 15, 0, 'World Cup Final 2011', 'World Cup Final 2011\r\n\r\nIndia vs. Sri Lanka', '<p>This is the world cup final match between India and Sri Lanka</p>\r\n<p>&nbsp;</p>\r\n&nbsp;\r\n<p>&nbsp;</p>', 1, '2011-04-01 18:56:55', 'image', 'news.jpg', '0.21983400 1301664415news.jpg', 2),
(42, 15, 0, 'testchking 1', 'test\r\n\r\ntest\r\n\r\ntest', '<p>test test test testtest testtest testtest testtest testtest testtest testtest testtest test</p>\r\n<p>&nbsp;</p>\r\n<p>&nbsp;</p>\r\n<p>test test</p>', 1, '2011-04-01 19:52:36', 'image', 'twitter_icon.png', '0.43390600 1301667756twitter_icon.png', 1),
(43, 15, 0, 'testchking 2', 'Japanese authorities on Monday called off a tsunami advisory after a 6.5-magnitude earthquake off the country''s northeast coast produced little more than ripples.rnrnHowever, the Japan Meteorological Agency urged coastal residents to remain prepared to evacuate because of a continued threat of aftershocks that could spawn tsunamis.', '<p>Japanese authorities on Monday called off a tsunami advisory after a 6.5-magnitude earthquake off the country''s northeast coast produced little more than ripples.<br /><br />However, the Japan Meteorological Agency urged coastal residents to remain prepared to evacuate because of a continued threat of aftershocks that could spawn tsunamis.</p>', 1, '2011-04-01 19:56:07', '', '', '', 2),
(44, 68, 0, 'New blog about Tsunami', 'Japanese authorities on Monday called off a tsunami advisory after a 6.5-magnitude earthquake off the country''s northeast coast produced little more than ripples.\r\n\r\nHowever, the Japan Meteorological Agency urged coastal residents to remain prepared to evacuate because of a continued threat of aftershocks that could spawn tsunamis.', '<p>Japanese authorities on Monday called off a tsunami advisory after a  6.5-magnitude earthquake off the country''s northeast coast produced  little more than ripples.</p>\r\n<p>However, the Japan Meteorological Agency  urged coastal residents to remain prepared to evacuate because of a  continued threat of aftershocks that could spawn tsunamis.</p>', 1, '2011-04-01 19:57:12', 'image', 'Japan-Tsunami-Plan-To-Co-Host.jpg', '0.00007400 1301668032Japan-Tsunami-Plan-To-Co-Host.jpg', 7),
(45, 75, 0, 'asdfgasdfasdf', 'sdfasdfasd asdf asd asdf asdf asdf', '<p><em><strong>&nbsp;asdf asdf asdf asdf asdf asdf asdf asdf asdf asdf asdfd</strong></em></p>', 1, '2011-05-03 14:39:00', 'image', 'viewvoteF.gif', '0.15244200 1304413738viewvoteF.gif', 0),
(46, 0, 110, 'asdfasdf', 'asdgasdfg', '<p>sdfgasdgfasg</p>', 1, '2011-05-04 13:40:58', 'image', 'if-full_head.gif', '0.59059400 1304496657if-full_head.gif', 0);

-- --------------------------------------------------------

--
-- Table structure for table `lm_caseaddinfo_tbl`
--

CREATE TABLE IF NOT EXISTS `lm_caseaddinfo_tbl` (
  `CaseAddInfoId` int(11) NOT NULL AUTO_INCREMENT,
  `CaseAddInfoCaseId` int(11) NOT NULL DEFAULT '0',
  `CaseAddInfoClientId` int(11) NOT NULL DEFAULT '0',
  `CaseAddInfoInformation` longtext NOT NULL,
  `CaseAddInfoDate` timestamp NOT NULL DEFAULT CURRENT_TIMESTAMP,
  PRIMARY KEY (`CaseAddInfoId`)
) ENGINE=MyISAM  DEFAULT CHARSET=latin1 AUTO_INCREMENT=18 ;

--
-- Dumping data for table `lm_caseaddinfo_tbl`
--

INSERT INTO `lm_caseaddinfo_tbl` (`CaseAddInfoId`, `CaseAddInfoCaseId`, `CaseAddInfoClientId`, `CaseAddInfoInformation`, `CaseAddInfoDate`) VALUES
(6, 3, 15, 'djkfhd fgjdfkgjhf fgjkfkhgf<p>dffgkljg fdgndkgj<br/>fghf', '2009-11-24 02:11:55'),
(5, 3, 15, 'djkfhd fgjdfkgjhf fgjkfkhgf<p>dffgkljg fdgndkgj<br/>fghf', '2009-11-24 02:08:14'),
(7, 6, 14, 'hello..how r u??<br/>hellllloooooooooo<br/>helllllllooooooooooooooo', '2009-11-24 03:36:36'),
(8, 22, 14, 'test1 test test<br/>test test test<br/>test test test test', '2009-11-24 03:37:19'),
(9, 22, 14, 'fdjkgjg gdfgfhgfh<br/>fgfdhfghgfhgfhgfhgfhgfhgfhgf<br/>dfgdfgfrjroitjroijrnf<br/>fdgjfdjg fdgjfdkjgdfj efjergfjdorgj', '2009-11-24 03:37:42'),
(10, 71, 15, 'I need a lawyer who has experience in drowing engine electronics systems ', '2011-01-22 10:13:21'),
(11, 70, 15, 'test data', '2011-01-22 19:30:01'),
(12, 68, 15, 'add additional information', '2011-01-22 19:31:09'),
(13, 70, 15, 'test data for testRD10 test data for testRD10 test data for testRD10 test data for testRD10 test data for testRD10 test data for testRD10 test data for testRD10 test data for testRD10 test data for testRD10 test data for testRD10 test data for testRD10 test data for testRD10 test data for testRD10 test data for testRD10 test data for testRD10 test data for testRD10 test data for testRD10 test data for testRD10 test data for testRD10 test data for testRD10 test data for testRD10 test data for testRD10 ', '2011-01-24 11:28:45'),
(14, 72, 15, 'test data test data test data test data test data test data test data test data test data test data test data test data test data test data test data test data test data test data test data test data test data test data test data test data test data test data test data test data test data test data test data test data test data test data test data test data test data test data test data test data test data test data ', '2011-01-24 18:08:26'),
(15, 78, 15, 'This is the additional info', '2011-02-03 10:53:38'),
(16, 78, 15, 'This is an additional information.', '2011-02-04 14:32:28'),
(17, 78, 15, 'This is an additional information.', '2011-02-04 14:33:10');

-- --------------------------------------------------------

--
-- Table structure for table `lm_caseawarded_tbl`
--

CREATE TABLE IF NOT EXISTS `lm_caseawarded_tbl` (
  `CaseAwardedId` int(11) NOT NULL AUTO_INCREMENT,
  `CaseAwardedCaseId` int(11) NOT NULL DEFAULT '0',
  `CaseAwardedLawyerId` int(11) NOT NULL DEFAULT '0',
  `CaseAwardedAccepted` int(11) NOT NULL DEFAULT '0',
  `CaseAwardedTime` timestamp NOT NULL DEFAULT CURRENT_TIMESTAMP,
  PRIMARY KEY (`CaseAwardedId`)
) ENGINE=MyISAM  DEFAULT CHARSET=latin1 AUTO_INCREMENT=62 ;

--
-- Dumping data for table `lm_caseawarded_tbl`
--

INSERT INTO `lm_caseawarded_tbl` (`CaseAwardedId`, `CaseAwardedCaseId`, `CaseAwardedLawyerId`, `CaseAwardedAccepted`, `CaseAwardedTime`) VALUES
(20, 26, 44, 0, '2009-12-09 03:12:37'),
(19, 31, 62, 1, '2009-12-09 02:15:13'),
(18, 19, 63, 1, '2009-12-08 22:33:46'),
(17, 30, 63, 1, '2009-11-25 23:34:57'),
(12, 4, 44, 1, '2009-11-21 22:33:11'),
(13, 23, 62, 1, '2009-11-24 06:33:16'),
(14, 27, 62, 1, '2009-11-24 06:34:37'),
(15, 29, 63, 1, '2009-11-24 06:35:30'),
(21, 22, 62, 1, '2009-12-09 04:14:22'),
(22, 17, 63, 1, '2009-12-09 05:06:17'),
(23, 41, 73, 1, '2010-05-21 23:58:02'),
(24, 43, 62, 1, '2011-01-06 14:55:55'),
(25, 56, 62, 1, '2011-01-11 13:36:51'),
(26, 57, 62, 1, '2011-01-13 13:43:18'),
(27, 74, 81, 1, '2011-01-25 20:29:21'),
(29, 85, 87, 1, '2011-02-08 10:55:15'),
(30, 84, 81, 1, '2011-02-09 17:46:52'),
(31, 86, 85, 1, '2011-02-09 19:51:46'),
(32, 88, 85, 1, '2011-02-11 15:44:35'),
(33, 89, 85, 1, '2011-02-15 17:33:22'),
(34, 92, 94, 1, '2011-02-17 17:39:20'),
(35, 94, 62, 1, '2011-02-18 16:44:15'),
(36, 95, 95, 1, '2011-02-18 20:19:25'),
(37, 97, 95, 1, '2011-02-19 17:06:18'),
(38, 98, 95, 1, '2011-02-19 18:56:20'),
(39, 99, 98, 1, '2011-02-22 15:44:12'),
(40, 101, 98, 1, '2011-02-24 07:38:40'),
(41, 102, 99, 1, '2011-02-28 17:26:15'),
(42, 103, 99, 1, '2011-03-01 16:31:25'),
(43, 105, 98, 1, '2011-03-05 00:53:18'),
(44, 107, 62, 1, '2011-03-10 19:42:41'),
(45, 109, 62, 1, '2011-03-14 18:06:34'),
(46, 111, 101, 1, '2011-03-17 14:46:11'),
(47, 114, 99, 1, '2011-03-23 20:20:29'),
(48, 112, 101, 1, '2011-03-24 18:33:30'),
(49, 115, 101, 1, '2011-03-24 19:11:03'),
(50, 106, 62, 1, '2011-03-28 19:49:52'),
(51, 116, 62, 1, '2011-03-28 20:03:26'),
(52, 117, 99, 1, '2011-03-29 20:25:02'),
(53, 118, 62, 1, '2011-03-31 13:33:01'),
(54, 119, 102, 1, '2011-03-31 17:46:35'),
(55, 121, 104, 1, '2011-04-07 12:41:23'),
(56, 122, 102, 1, '2011-04-13 16:50:19'),
(57, 123, 99, 1, '2011-04-13 18:41:39'),
(58, 124, 102, 1, '2011-04-14 19:50:31'),
(59, 125, 102, 1, '2011-04-21 14:53:28'),
(60, 127, 104, 1, '2011-04-24 02:08:31'),
(61, 126, 104, 1, '2011-04-24 02:52:30');

-- --------------------------------------------------------

--
-- Table structure for table `lm_caseclosed_tbl`
--

CREATE TABLE IF NOT EXISTS `lm_caseclosed_tbl` (
  `id` bigint(20) NOT NULL AUTO_INCREMENT,
  `caseId` bigint(20) NOT NULL,
  `ClientReason` text NOT NULL,
  `LawyerReason` text NOT NULL,
  `LayerApproval` enum('Y','N') NOT NULL,
  `AdminApproval` enum('Y','N') NOT NULL,
  `ClosedRequestDate` timestamp NOT NULL DEFAULT CURRENT_TIMESTAMP,
  `LawyerResponseDate` datetime NOT NULL,
  `CloseDate` datetime NOT NULL,
  PRIMARY KEY (`id`)
) ENGINE=MyISAM  DEFAULT CHARSET=latin1 AUTO_INCREMENT=7 ;

--
-- Dumping data for table `lm_caseclosed_tbl`
--

INSERT INTO `lm_caseclosed_tbl` (`id`, `caseId`, `ClientReason`, `LawyerReason`, `LayerApproval`, `AdminApproval`, `ClosedRequestDate`, `LawyerResponseDate`, `CloseDate`) VALUES
(1, 86, 'I want to closed this case... Please agree with me........', 'i agree', 'Y', '', '2011-02-15 12:11:01', '2011-02-15 00:43:17', '0000-00-00 00:00:00'),
(2, 17, 'Due to insufficient fund I want to close this case.', 'Yes we can close it as we cannot proceed further due to nonpayment.', 'Y', 'Y', '2011-03-02 12:28:27', '2011-03-02 01:33:07', '2011-03-02 07:21:41'),
(3, 56, 'Test reason to close the case.', 'Agree to close the case.', 'Y', 'Y', '2011-03-07 19:25:53', '2011-03-07 08:13:54', '2011-03-07 08:20:16'),
(4, 121, 'Case is completed', '', '', '', '2011-04-18 10:35:14', '0000-00-00 00:00:00', '0000-00-00 00:00:00'),
(5, 125, 'The work is over.', 'Yes the work is over.', 'Y', 'Y', '2011-04-21 15:23:56', '2011-04-21 04:55:17', '2011-04-21 04:57:08'),
(6, 126, 'completed', 'done', 'Y', '', '2011-04-24 03:13:53', '2011-04-23 16:44:40', '0000-00-00 00:00:00');

-- --------------------------------------------------------

--
-- Table structure for table `lm_caseexpertise_tbl`
--

CREATE TABLE IF NOT EXISTS `lm_caseexpertise_tbl` (
  `CaseExpertiseId` int(11) NOT NULL AUTO_INCREMENT,
  `CaseId` int(11) NOT NULL,
  `ExpertiseId` int(11) NOT NULL,
  PRIMARY KEY (`CaseExpertiseId`)
) ENGINE=MyISAM  DEFAULT CHARSET=utf8 COLLATE=utf8_unicode_ci AUTO_INCREMENT=16 ;

--
-- Dumping data for table `lm_caseexpertise_tbl`
--

INSERT INTO `lm_caseexpertise_tbl` (`CaseExpertiseId`, `CaseId`, `ExpertiseId`) VALUES
(1, 52, 25),
(2, 52, 25),
(3, 52, 28),
(4, 54, 25),
(5, 59, 27),
(6, 60, 27),
(7, 61, 27),
(8, 62, 27),
(9, 63, 27),
(10, 65, 27),
(11, 66, 27),
(12, 67, 27),
(13, 68, 27),
(14, 69, 27),
(15, 70, 27);

-- --------------------------------------------------------

--
-- Table structure for table `lm_casemail_tbl`
--

CREATE TABLE IF NOT EXISTS `lm_casemail_tbl` (
  `CaseMailId` int(11) NOT NULL AUTO_INCREMENT,
  `PostedCaseId` int(11) NOT NULL,
  `MailToLawyerId` int(11) NOT NULL,
  PRIMARY KEY (`CaseMailId`)
) ENGINE=MyISAM  DEFAULT CHARSET=latin1 AUTO_INCREMENT=7 ;

--
-- Dumping data for table `lm_casemail_tbl`
--

INSERT INTO `lm_casemail_tbl` (`CaseMailId`, `PostedCaseId`, `MailToLawyerId`) VALUES
(1, 77, 44),
(2, 77, 44),
(3, 78, 44),
(4, 78, 62),
(5, 78, 44),
(6, 78, 62);

-- --------------------------------------------------------

--
-- Table structure for table `lm_casemilestonedetail_tbl`
--

CREATE TABLE IF NOT EXISTS `lm_casemilestonedetail_tbl` (
  `MilestoneDetailId` int(11) NOT NULL AUTO_INCREMENT,
  `MilestoneId` int(11) NOT NULL DEFAULT '0',
  `Name` varchar(100) DEFAULT NULL,
  `Description` text,
  `StartDate` date DEFAULT NULL,
  `EndDate` date DEFAULT NULL,
  `Amount` decimal(10,2) NOT NULL DEFAULT '0.00',
  `CompletionDate` date DEFAULT NULL,
  `DateCreated` timestamp NULL DEFAULT CURRENT_TIMESTAMP,
  `ClientAccepted` int(1) NOT NULL DEFAULT '0',
  `LawyerAccepted` int(1) NOT NULL DEFAULT '0',
  `CurrencyId` int(11) NOT NULL DEFAULT '0',
  `AmountUSD` decimal(10,2) NOT NULL DEFAULT '0.00',
  PRIMARY KEY (`MilestoneDetailId`)
) ENGINE=MyISAM  DEFAULT CHARSET=latin1 AUTO_INCREMENT=146 ;

--
-- Dumping data for table `lm_casemilestonedetail_tbl`
--

INSERT INTO `lm_casemilestonedetail_tbl` (`MilestoneDetailId`, `MilestoneId`, `Name`, `Description`, `StartDate`, `EndDate`, `Amount`, `CompletionDate`, `DateCreated`, `ClientAccepted`, `LawyerAccepted`, `CurrencyId`, `AmountUSD`) VALUES
(11, 4, 'Test Milestone', 'test test', '2011-01-15', '2011-01-20', '40.00', NULL, '2011-01-11 12:03:05', 1, 1, 0, '0.00'),
(12, 5, 'testMS1', 'test data', '2011-01-11', '2011-01-18', '1.00', NULL, '2011-01-11 12:11:48', 1, 1, 0, '0.00'),
(13, 5, 'testMS1', 'test data', '2011-01-11', '2011-01-18', '3.00', NULL, '2011-01-11 12:41:25', 1, 1, 0, '0.00'),
(14, 6, 'TC2-MS1', 'test test', '2011-01-11', '2011-01-18', '1.00', NULL, '2011-01-11 15:13:29', 0, 1, 0, '0.00'),
(15, 7, 'MS1', 'test test', '2011-01-12', '2011-01-18', '1.00', NULL, '2011-01-11 15:39:35', 1, 0, 0, '0.00'),
(16, 8, 'Introduction letter', 'This is introduction of our firm to the employer', '2011-01-13', '2011-01-14', '50.00', NULL, '2011-01-13 13:51:30', 0, 1, 0, '0.00'),
(17, 9, 'First Milestone', 'first milestone', '2011-01-15', '2011-01-31', '10.00', NULL, '2011-01-22 13:31:42', 0, 1, 0, '0.00'),
(18, 10, 'M1', 'All documentation should be finished', '2011-01-28', '2011-02-08', '200.00', NULL, '2011-01-27 15:51:32', 1, 1, 0, '0.00'),
(19, 11, 'M2', 'Case needed to be settled.', '2011-02-16', '2011-02-28', '300.00', NULL, '2011-01-27 16:48:09', 1, 0, 0, '0.00'),
(20, 12, 'Test', 'test', '2011-01-01', '2011-01-31', '12.00', NULL, '2011-01-27 16:55:21', 1, 0, 0, '0.00'),
(21, 10, 'My Milestone', 'test', '2011-01-31', '2011-02-28', '100.00', NULL, '2011-01-27 17:46:19', 1, 0, 0, '0.00'),
(22, 13, 'new milestone', 'new milestone desc', '2011-01-28', '2011-01-31', '111.00', NULL, '2011-01-27 18:37:58', 1, 0, 0, '0.00'),
(26, 13, 'new milestone11', 'new milestone desc', '2011-01-28', '2011-01-31', '111.00', NULL, '2011-01-27 20:07:06', 0, 1, 0, '0.00'),
(25, 13, 'new milestone1', 'new milestone desc', '2011-01-28', '2011-01-31', '111.00', NULL, '2011-01-27 20:02:19', 0, 1, 0, '0.00'),
(27, 13, 'new milestone11', 'new milestone desc', '2011-01-28', '2011-01-31', '111.00', NULL, '2011-01-27 20:07:33', 0, 1, 0, '0.00'),
(28, 13, 'new milestone11', 'new milestone desc', '2011-01-28', '2011-01-31', '111.00', NULL, '2011-01-27 20:09:10', 0, 1, 0, '0.00'),
(29, 13, 'new milestone11', 'new milestone desc', '2011-01-28', '2011-01-31', '111.00', NULL, '2011-01-27 20:10:22', 0, 1, 0, '0.00'),
(30, 13, 'new milestone11_1', 'new milestone desc', '2011-01-28', '2011-01-31', '11.00', NULL, '2011-01-27 20:13:35', 1, 0, 0, '0.00'),
(31, 16, 'New Milestone', 'new milestone', '2011-01-01', '2011-01-31', '200.00', NULL, '2011-01-28 13:15:17', 1, 0, 0, '0.00'),
(32, 17, 'New Milestone saving', 'new milestone saving', '2011-01-01', '2011-01-31', '100.00', NULL, '2011-01-28 13:20:44', 1, 0, 0, '0.00'),
(33, 18, 'Lawyer Milestone', 'Lawyer Milestone', '2011-01-01', '2011-01-31', '10.00', NULL, '2011-01-28 13:28:42', 0, 1, 0, '0.00'),
(34, 17, 'New Milestone saving - updated', 'new milestone saving', '2011-01-01', '2011-01-31', '100.00', NULL, '2011-01-28 16:01:57', 1, 0, 0, '0.00'),
(35, 19, 'test MS2', 'test details', '2011-01-28', '2011-01-31', '10.00', NULL, '2011-01-28 16:17:40', 1, 1, 0, '0.00'),
(36, 20, 'First of five ', '20% of payment for immigration application', '2011-02-02', '2011-02-14', '50.00', NULL, '2011-02-03 10:46:58', 1, 0, 0, '0.00'),
(37, 21, '1 of 5 milestones', '20% deposit', '2011-02-02', '2011-02-03', '50.00', NULL, '2011-02-03 11:07:54', 1, 0, 0, '0.00'),
(38, 22, '2 of 5', '40% of payment', '2011-02-04', '2011-02-05', '50.00', NULL, '2011-02-03 11:11:16', 1, 0, 0, '0.00'),
(39, 23, '3 out of 5', '60% of payment', '2011-02-06', '2011-02-07', '50.00', NULL, '2011-02-03 11:19:35', 1, 0, 0, '0.00'),
(40, 24, 'test new MS', 'test test ', '2011-02-03', '2011-02-10', '20.00', NULL, '2011-02-03 19:44:33', 1, 0, 0, '0.00'),
(41, 25, 'test new MS1', 'test test', '2011-02-03', '2011-02-17', '10.00', NULL, '2011-02-03 19:49:31', 1, 0, 0, '0.00'),
(42, 26, 'test new MS1', 'test test', '2011-02-03', '2011-02-17', '10.00', NULL, '2011-02-03 20:06:45', 1, 0, 0, '0.00'),
(43, 27, 'test new MS1', 'test test', '2011-02-03', '2011-02-17', '10.00', NULL, '2011-02-03 20:07:07', 1, 0, 0, '0.00'),
(44, 28, 'test new MS1', 'test test', '2011-02-03', '2011-02-17', '10.00', NULL, '2011-02-03 20:21:10', 1, 0, 0, '0.00'),
(45, 29, 'test new MS1', 'test test', '2011-02-03', '2011-02-17', '10.00', NULL, '2011-02-03 20:21:20', 1, 0, 0, '0.00'),
(46, 30, 'test new MS2', 'test test', '2011-02-03', '2011-02-10', '15.00', NULL, '2011-02-03 20:22:31', 1, 0, 0, '0.00'),
(47, 31, 'test new MS2', 'test test', '2011-02-03', '2011-02-10', '15.00', NULL, '2011-02-03 20:23:12', 1, 0, 0, '0.00'),
(48, 32, 'test new MS2', 'test test', '2011-02-03', '2011-02-10', '15.00', NULL, '2011-02-03 20:24:29', 1, 0, 0, '0.00'),
(49, 33, 'test new MS2', 'test test', '2011-02-03', '2011-02-10', '15.00', NULL, '2011-02-03 20:25:08', 1, 0, 0, '0.00'),
(50, 34, 'test new MS2', 'test test', '2011-02-03', '2011-02-10', '15.00', NULL, '2011-02-03 20:26:52', 1, 0, 0, '0.00'),
(51, 35, 'test new MS2', 'test test', '2011-02-03', '2011-02-10', '15.00', NULL, '2011-02-03 20:27:47', 1, 0, 0, '0.00'),
(52, 36, 'test new MS2', 'test test', '2011-02-03', '2011-02-10', '15.00', NULL, '2011-02-03 20:28:48', 1, 0, 0, '0.00'),
(53, 37, 'test new MS2', 'test test', '2011-02-03', '2011-02-10', '15.00', NULL, '2011-02-03 20:29:33', 1, 0, 0, '0.00'),
(54, 38, 'test new MS2', 'test test', '2011-02-03', '2011-02-10', '15.00', NULL, '2011-02-03 20:34:01', 1, 0, 0, '0.00'),
(55, 39, 'test new MS2', 'test test', '2011-02-03', '2011-02-10', '15.00', NULL, '2011-02-03 20:35:50', 1, 0, 0, '0.00'),
(56, 40, 'test new MS2', 'test test', '2011-02-03', '2011-02-10', '15.00', NULL, '2011-02-03 20:39:24', 1, 0, 0, '0.00'),
(57, 41, 'test new MS3', 'test test', '2011-02-04', '2011-02-11', '10.00', NULL, '2011-02-04 11:17:22', 1, 0, 0, '0.00'),
(58, 42, 'test new MS3', 'test test', '2011-02-04', '2011-02-11', '10.00', NULL, '2011-02-04 11:44:51', 1, 0, 0, '0.00'),
(59, 43, 'test new MS3', 'test test', '2011-02-04', '2011-02-11', '10.00', NULL, '2011-02-04 11:48:44', 1, 0, 0, '0.00'),
(60, 44, 'test new MS3', 'test test', '2011-02-04', '2011-02-11', '10.00', NULL, '2011-02-04 11:55:46', 1, 0, 0, '0.00'),
(61, 45, 'test new MS3', 'test test', '2011-02-04', '2011-02-11', '10.00', NULL, '2011-02-04 15:08:46', 1, 0, 0, '0.00'),
(62, 46, 'test new MS3', 'test test', '2011-02-04', '2011-02-11', '10.00', NULL, '2011-02-04 15:13:14', 1, 0, 0, '0.00'),
(63, 47, 'test new MS3', 'test test', '2011-02-04', '2011-02-11', '10.00', NULL, '2011-02-04 15:13:49', 1, 0, 0, '0.00'),
(64, 48, 'test new MS3', 'test test', '2011-02-04', '2011-02-11', '10.00', NULL, '2011-02-04 15:16:36', 1, 0, 0, '0.00'),
(65, 49, 'test new MS6', 'test test', '2011-02-04', '2011-02-11', '10.00', NULL, '2011-02-04 15:46:52', 1, 0, 0, '0.00'),
(66, 50, '50%', 'terms', '2011-02-08', '2011-02-09', '10.00', NULL, '2011-02-08 11:28:20', 1, 0, 0, '0.00'),
(67, 51, '55%', 'conditions', '2011-02-10', '2011-02-11', '40.00', NULL, '2011-02-08 11:31:06', 1, 0, 0, '0.00'),
(68, 52, '75%', 'terms, conditions law', '2011-02-13', '2011-02-14', '30.00', NULL, '2011-02-08 11:31:57', 1, 0, 0, '0.00'),
(69, 53, 'Milestone1', 'Test milestone', '2011-02-01', '2011-02-28', '100.00', NULL, '2011-02-09 18:48:39', 1, 0, 0, '0.00'),
(70, 54, 'ml1', 'fg dfgdf', '2011-02-11', '2011-02-16', '1.00', NULL, '2011-02-10 16:24:02', 1, 0, 0, '0.00'),
(71, 55, 'm2', 'dsf fgd', '2011-02-18', '2011-02-21', '10.00', NULL, '2011-02-10 16:29:00', 1, 0, 0, '0.00'),
(72, 56, 'm2', 'dsf fgd', '2011-02-18', '2011-02-21', '10.00', NULL, '2011-02-10 16:29:21', 1, 0, 0, '0.00'),
(73, 57, 'Letter Writting', 'Letter writting and paper work', '2011-02-12', '2011-02-13', '20.00', NULL, '2011-02-11 15:46:55', 1, 1, 0, '0.00'),
(74, 58, 'Work', 'legal work', '2011-02-14', '2011-02-16', '50.00', NULL, '2011-02-11 15:56:54', 1, 1, 0, '0.00'),
(75, 59, 'Finish', 'Finish out the all paper work', '2011-02-17', '2011-02-19', '10.00', NULL, '2011-02-11 15:57:15', 1, 1, 0, '0.00'),
(76, 60, 'testMS3', 'test test', '2011-02-14', '2011-02-21', '20.00', NULL, '2011-02-14 15:23:23', 1, 0, 0, '0.00'),
(77, 61, 'new milestone', 'new milestone', '2011-02-15', '2011-02-28', '100.00', NULL, '2011-02-14 19:04:21', 1, 1, 0, '0.00'),
(78, 62, 'test', 'test', '2011-02-18', '2011-02-28', '500.00', NULL, '2011-02-17 17:41:38', 1, 1, 0, '0.00'),
(79, 63, 't5est', 'test', '2011-02-28', '2011-03-17', '200.00', NULL, '2011-02-17 17:44:15', 1, 1, 0, '0.00'),
(80, 64, 'testMS4', 'test milestone', '2011-02-17', '2011-02-24', '10.00', NULL, '2011-02-17 20:27:39', 1, 0, 0, '0.00'),
(81, 65, 'testMS5', 'test test', '2011-02-17', '2011-02-24', '1.00', NULL, '2011-02-17 20:40:06', 0, 2, 0, '0.00'),
(82, 66, 'testMS5', 'test test', '2011-02-17', '2011-02-24', '1.00', NULL, '2011-02-17 20:58:28', 0, 2, 0, '0.00'),
(83, 67, 'testMS5', 'test test', '2011-02-17', '2011-02-24', '1.00', NULL, '2011-02-17 21:00:04', 2, 1, 0, '0.00'),
(84, 68, 'testMS5', 'test test', '2011-02-17', '2011-02-24', '1.00', NULL, '2011-02-17 21:01:36', 2, 1, 0, '0.00'),
(85, 69, 'testMS5', 'test test', '2011-02-17', '2011-02-24', '1.00', NULL, '2011-02-17 21:02:48', 1, 1, 0, '0.00'),
(86, 70, 'testMS5', 'test test', '2011-02-17', '2011-02-24', '1.00', NULL, '2011-02-17 21:05:23', 1, 1, 0, '0.00'),
(87, 71, 'tstMS6', 'test test...', '2011-02-18', '2011-02-20', '1.00', NULL, '2011-02-18 13:51:33', 1, 0, 0, '0.00'),
(88, 72, 'ms1', 'test test...', '2011-02-18', '2011-02-25', '10.00', NULL, '2011-02-18 17:29:58', 1, 0, 0, '0.00'),
(89, 73, 'testMS1', 'test test....', '2011-02-18', '2011-02-25', '100.00', NULL, '2011-02-18 20:28:38', 1, 1, 0, '0.00'),
(90, 74, 'P8M2', 'second milestone.', '2011-02-28', '2011-03-30', '600.00', NULL, '2011-02-18 21:26:38', 1, 1, 0, '0.00'),
(91, 76, 'additional Hour', 'More time needed', '2011-02-24', '2011-02-25', '220.00', NULL, '2011-02-24 08:43:51', 2, 0, 0, '0.00'),
(92, 77, 'Ms1_24', 'test test...', '2011-02-24', '2011-02-26', '1.00', NULL, '2011-02-24 18:55:52', 1, 1, 0, '0.00'),
(93, 78, 'Ms2_24', 'test test...', '2011-02-24', '2011-02-26', '1.00', NULL, '2011-02-24 19:18:33', 2, 1, 0, '0.00'),
(94, 79, 'M-RLawyer', 'M-RLawyer', '2011-02-25', '2011-03-16', '200.00', NULL, '2011-02-25 20:23:23', 2, 0, 0, '0.00'),
(95, 80, 'cyber M1', 'cyber M1', '2011-03-01', '2011-02-15', '200.00', NULL, '2011-02-28 18:12:46', 1, 1, 0, '0.00'),
(96, 81, 'EX-milestone-1', 'EX-milestone-1', '2011-03-01', '2011-03-16', '300.00', NULL, '2011-03-01 16:34:33', 1, 1, 0, '0.00'),
(97, 82, 'EX-milestone-2', 'This is the second test milestone.', '2011-03-01', '2011-03-16', '100.00', NULL, '2011-03-01 16:43:54', 1, 1, 0, '0.00'),
(98, 85, 'Initial discussion', '1 hour modification of standard shareholders agreement', '2011-03-04', '2011-03-04', '120.00', NULL, '2011-03-05 01:18:34', 2, 1, 0, '0.00'),
(99, 86, 'Ms3_4.3.2011', 'test description...', '2011-03-05', '2011-03-12', '1.00', NULL, '2011-03-05 17:15:02', 2, 1, 0, '0.00'),
(100, 87, 'Ms3_7.3.2011', 'test test......', '2011-03-07', '2011-03-15', '10.00', NULL, '2011-03-07 14:28:37', 2, 1, 0, '0.00'),
(101, 88, 'Ms4_8.3.2011', 'test test...', '2011-03-08', '2011-03-24', '1.00', NULL, '2011-03-08 16:20:25', 1, 1, 0, '0.00'),
(102, 88, 'Ms4_8.3.2011', 'test test test...', '2011-03-08', '2011-03-24', '2.00', NULL, '2011-03-08 16:26:33', 1, 0, 0, '0.00'),
(103, 88, 'Ms4_8.3.2011', 'test test...', '2011-03-08', '2011-03-24', '1.00', NULL, '2011-03-08 16:33:04', 1, 1, 0, '0.00'),
(104, 89, 'MS1_CAD', 'test test...', '2011-03-15', '2011-03-30', '1.00', NULL, '2011-03-15 15:02:56', 1, 1, 2, '1.02'),
(105, 90, 'MS2_CAD', 'test description...', '2011-03-16', '2011-03-24', '1.12', NULL, '2011-03-15 15:24:01', 1, 1, 1, '1.12'),
(106, 91, 'MS3_CAD', 'test description...', '2011-03-15', '2011-03-24', '1.12', NULL, '2011-03-15 17:14:11', 1, 1, 2, '1.13'),
(107, 92, 'MS4_CAD', 'test description...', '2011-03-15', '2011-03-22', '1.12', NULL, '2011-03-15 17:34:49', 1, 1, 2, '1.13'),
(108, 93, 'MS1', 'test test...', '2011-03-17', '2011-03-24', '11.20', NULL, '2011-03-17 14:52:52', 1, 1, 1, '11.20'),
(109, 94, 'MS2', 'test test...', '2011-03-17', '2011-03-30', '11.20', NULL, '2011-03-17 14:56:21', 1, 1, 2, '11.31'),
(110, 95, 'MS3', 'test test...', '2011-03-18', '2011-03-30', '10.00', NULL, '2011-03-17 15:10:31', 1, 1, 2, '10.10'),
(111, 96, 'MS4', 'test test...', '2011-03-17', '2011-03-24', '22.40', NULL, '2011-03-17 18:44:10', 1, 1, 2, '22.62'),
(112, 97, 'MS1', 'Description for milestone MS1', '2011-03-24', '2011-03-30', '11.20', NULL, '2011-03-24 20:06:07', 1, 1, 2, '11.54'),
(113, 98, 'MS2', 'This is a test description for MS2', '2011-03-24', '2011-03-31', '5.60', NULL, '2011-03-24 20:34:29', 1, 1, 2, '5.77'),
(114, 99, 'MS3', 'Test description...', '2011-03-24', '2011-03-31', '5.00', NULL, '2011-03-24 20:46:02', 1, 1, 2, '5.15'),
(115, 100, 'MS1', 'test description for MS1', '2011-03-31', '2011-04-12', '112.00', NULL, '2011-03-31 17:51:50', 1, 1, 2, '115.36'),
(116, 101, 'MS2', 'test description for MS2', '2011-03-31', '2011-04-27', '1.03', NULL, '2011-03-31 18:04:30', 2, 1, 1, '1.03'),
(117, 102, 'MS3', 'test test...', '2011-03-31', '2011-04-21', '1.03', NULL, '2011-03-31 18:10:05', 2, 1, 1, '1.03'),
(118, 103, 'MS3', 'test test...', '2011-03-31', '2011-04-21', '1.03', NULL, '2011-03-31 18:11:52', 2, 1, 1, '1.03'),
(119, 104, 'MS3', 'test test...', '2011-03-31', '2011-04-21', '1.03', NULL, '2011-03-31 18:12:49', 2, 1, 1, '1.03'),
(120, 105, 'MS4', 'This a test description for milestone MS4', '2011-03-31', '2011-04-21', '111.90', NULL, '2011-03-31 18:20:14', 1, 1, 1, '111.90'),
(121, 106, 'MS5', 'test test...', '2011-03-31', '2011-04-27', '111.90', NULL, '2011-03-31 18:50:39', 1, 0, 1, '111.90'),
(122, 107, 'conceptualization of the case', 'conceptualization of the case conceptualization of the case.', '2011-03-31', '2011-04-27', '336.00', NULL, '2011-03-31 20:36:01', 1, 1, 2, '346.08'),
(123, 108, 'Get the criminal out ', 'Get the criminal out ', '2011-04-02', '2011-04-15', '112.00', NULL, '2011-04-01 16:54:39', 1, 1, 2, '115.36'),
(124, 109, 'Deposit', 'First deosit for starting the case', '2011-04-07', '2011-04-07', '112.00', NULL, '2011-04-08 11:28:03', 1, 1, 2, '117.60'),
(125, 110, '2nd', 'day 2', '2011-04-08', '2011-04-08', '112.00', NULL, '2011-04-08 12:18:55', 1, 1, 2, '117.60'),
(126, 111, 'MSFED', 'test test...', '2011-04-08', '2011-04-15', '1.12', NULL, '2011-04-08 12:48:41', 1, 1, 2, '1.18'),
(127, 112, 'MSFED1', 'test milestone', '2011-04-08', '2011-04-15', '1.13', NULL, '2011-04-08 15:16:51', 1, 1, 1, '1.13'),
(128, 113, 'MSFED2', 'MSFED2 description', '2011-04-08', '2011-04-15', '1.12', NULL, '2011-04-08 17:22:13', 1, 1, 2, '1.18'),
(129, 114, '3rd', '3rd milestone', '2011-04-09', '2011-04-16', '56.00', NULL, '2011-04-08 18:04:05', 1, 1, 2, '58.80'),
(130, 115, '4th M', '4th M', '2011-04-15', '2011-04-22', '33.60', NULL, '2011-04-08 18:21:36', 1, 1, 2, '35.28'),
(131, 116, '5th M', '5th M5th M5th M5th M', '2011-04-15', '2011-04-22', '11.20', NULL, '2011-04-11 16:15:46', 1, 1, 2, '11.76'),
(132, 117, 'MS5_CAD', 'this is a test milestone', '2011-04-11', '2011-04-27', '11.20', NULL, '2011-04-11 17:57:53', 1, 1, 2, '11.76'),
(133, 118, '6th M', '6th M', '2011-04-21', '2011-04-28', '11.20', NULL, '2011-04-12 19:06:13', 1, 1, 2, '11.65'),
(134, 119, 'MS1_F', 'This is a test ms.', '2011-04-14', '2011-04-21', '56.00', NULL, '2011-04-13 17:09:19', 1, 1, 2, '58.24'),
(135, 120, 'MS2_F', 'test test...', '2011-04-15', '2011-04-29', '10.00', NULL, '2011-04-13 17:13:18', 1, 1, 2, '10.40'),
(136, 121, 'MS3_F', 'test for insufficient fund', '2011-04-14', '2011-04-21', '224.00', NULL, '2011-04-13 17:27:10', 1, 1, 2, '232.96'),
(137, 122, 'MS1', 'test test...', '2011-04-14', '2011-04-22', '112.00', NULL, '2011-04-13 18:45:25', 1, 1, 2, '116.48'),
(138, 123, 'MS2', 'test ms', '2011-04-14', '2011-04-22', '50.00', NULL, '2011-04-13 18:46:22', 1, 1, 2, '52.00'),
(139, 124, '3rd', '3rd', '2011-04-13', '2011-04-13', '168.00', NULL, '2011-04-14 11:33:48', 1, 1, 2, '174.72'),
(140, 125, 'MS1', 'test milestone1', '2011-04-14', '2011-04-22', '11.20', NULL, '2011-04-14 20:09:01', 1, 1, 2, '11.65'),
(141, 126, 'MS2', 'test test...', '2011-04-15', '2011-04-21', '22.40', NULL, '2011-04-16 11:33:24', 1, 1, 2, '23.30'),
(142, 127, 'MS3', 'test ms...', '2011-04-16', '2011-04-18', '11.20', NULL, '2011-04-16 12:27:04', 1, 1, 2, '11.65'),
(143, 128, 'MS1', 'test test...', '2011-04-21', '2011-04-28', '8.96', NULL, '2011-04-21 14:56:27', 1, 1, 2, '9.50'),
(144, 129, '1 hour of introduction', 'introduction into the case', '2011-04-23', '2011-04-23', '224.00', NULL, '2011-04-24 02:28:47', 1, 2, 2, '235.20'),
(145, 130, 'one milestone', 'agreement delivered', '2011-04-23', '2011-04-23', '250.00', NULL, '2011-04-24 02:56:26', 1, 1, 2, '262.50');

-- --------------------------------------------------------

--
-- Table structure for table `lm_casemilestone_tbl`
--

CREATE TABLE IF NOT EXISTS `lm_casemilestone_tbl` (
  `MilestoneId` int(11) NOT NULL AUTO_INCREMENT,
  `CaseId` int(11) NOT NULL,
  `Status` int(1) NOT NULL DEFAULT '0',
  `MilestonePostedById` bigint(20) NOT NULL,
  `MilestonePostedBy` varchar(50) NOT NULL,
  `CreateDate` timestamp NOT NULL DEFAULT CURRENT_TIMESTAMP,
  `CurrentMilestoneVersion` int(11) NOT NULL DEFAULT '0',
  `isPaid` tinyint(4) NOT NULL DEFAULT '0',
  `isClientFeedback` tinyint(4) NOT NULL DEFAULT '0',
  `isLawyerFeedback` tinyint(4) NOT NULL DEFAULT '0',
  `isClosed` tinyint(4) NOT NULL DEFAULT '0',
  `isTax` tinyint(4) NOT NULL DEFAULT '0',
  PRIMARY KEY (`MilestoneId`)
) ENGINE=MyISAM  DEFAULT CHARSET=latin1 AUTO_INCREMENT=131 ;

--
-- Dumping data for table `lm_casemilestone_tbl`
--

INSERT INTO `lm_casemilestone_tbl` (`MilestoneId`, `CaseId`, `Status`, `MilestonePostedById`, `MilestonePostedBy`, `CreateDate`, `CurrentMilestoneVersion`, `isPaid`, `isClientFeedback`, `isLawyerFeedback`, `isClosed`, `isTax`) VALUES
(4, 31, 1, 0, '', '2011-01-11 12:03:05', 11, 1, 0, 0, 0, 0),
(5, 43, 1, 0, '', '2011-01-11 12:11:48', 13, 1, 1, 1, 0, 0),
(6, 56, 0, 0, '', '2011-01-11 15:13:29', 0, 0, 0, 0, 0, 0),
(7, 55, 0, 0, '', '2011-01-11 15:39:35', 0, 0, 0, 0, 0, 0),
(8, 57, 0, 0, '', '2011-01-13 13:51:30', 0, 0, 0, 0, 0, 0),
(9, 22, 0, 0, '', '2011-01-22 13:31:42', 0, 0, 0, 0, 0, 0),
(10, 74, 1, 0, '', '2011-01-27 15:51:32', 21, 0, 0, 0, 0, 0),
(11, 74, 1, 0, '', '2011-01-27 16:48:09', 19, 0, 0, 0, 0, 0),
(12, 17, 0, 0, '', '2011-01-27 16:55:21', 0, 0, 0, 0, 0, 0),
(13, 74, 1, 0, '', '2011-01-27 18:37:58', 30, 0, 0, 0, 0, 0),
(16, 74, 1, 45, '', '2011-01-28 13:15:17', 31, 0, 0, 0, 0, 0),
(17, 74, 1, 45, 'CLIENT', '2011-01-28 13:20:44', 34, 0, 0, 0, 0, 0),
(18, 74, 1, 81, 'LAWYEAR', '2011-01-28 13:28:42', 33, 0, 0, 0, 0, 0),
(19, 43, 1, 15, 'CLIENT', '2011-01-28 16:17:40', 35, 1, 0, 0, 0, 0),
(20, 17, 0, 15, 'CLIENT', '2011-02-03 10:46:58', 36, 0, 0, 0, 0, 0),
(21, 78, 0, 15, 'CLIENT', '2011-02-03 11:07:54', 37, 0, 0, 0, 0, 0),
(22, 78, 0, 15, 'CLIENT', '2011-02-03 11:11:16', 38, 0, 0, 0, 0, 0),
(23, 78, 0, 15, 'CLIENT', '2011-02-03 11:19:35', 39, 0, 0, 0, 0, 0),
(24, 17, 0, 15, 'CLIENT', '2011-02-03 19:44:33', 40, 0, 0, 0, 0, 0),
(25, 17, 0, 15, 'CLIENT', '2011-02-03 19:49:31', 41, 0, 0, 0, 0, 0),
(26, 17, 0, 15, 'CLIENT', '2011-02-03 20:06:45', 42, 0, 0, 0, 0, 0),
(27, 17, 0, 15, 'CLIENT', '2011-02-03 20:07:07', 43, 0, 0, 0, 0, 0),
(28, 17, 0, 15, 'CLIENT', '2011-02-03 20:21:10', 44, 0, 0, 0, 0, 0),
(29, 17, 0, 15, 'CLIENT', '2011-02-03 20:21:20', 45, 0, 0, 0, 0, 0),
(30, 17, 0, 15, 'CLIENT', '2011-02-03 20:22:31', 46, 0, 0, 0, 0, 0),
(31, 17, 0, 15, 'CLIENT', '2011-02-03 20:23:12', 47, 0, 0, 0, 0, 0),
(32, 17, 0, 15, 'CLIENT', '2011-02-03 20:24:29', 48, 0, 0, 0, 0, 0),
(33, 17, 0, 15, 'CLIENT', '2011-02-03 20:25:08', 49, 0, 0, 0, 0, 0),
(34, 17, 0, 15, 'CLIENT', '2011-02-03 20:26:52', 50, 0, 0, 0, 0, 0),
(35, 17, 0, 15, 'CLIENT', '2011-02-03 20:27:47', 51, 0, 0, 0, 0, 0),
(36, 17, 0, 15, 'CLIENT', '2011-02-03 20:28:48', 52, 0, 0, 0, 0, 0),
(37, 17, 0, 15, 'CLIENT', '2011-02-03 20:29:33', 53, 0, 0, 0, 0, 0),
(38, 17, 0, 15, 'CLIENT', '2011-02-03 20:34:01', 54, 0, 0, 0, 0, 0),
(39, 17, 0, 15, 'CLIENT', '2011-02-03 20:35:50', 55, 0, 0, 0, 0, 0),
(40, 17, 0, 15, 'CLIENT', '2011-02-03 20:39:24', 56, 0, 0, 0, 0, 0),
(41, 17, 0, 15, 'CLIENT', '2011-02-04 11:16:49', 57, 0, 0, 0, 0, 0),
(42, 17, 0, 15, 'CLIENT', '2011-02-04 11:44:51', 58, 0, 0, 0, 0, 0),
(43, 17, 0, 15, 'CLIENT', '2011-02-04 11:48:44', 59, 0, 0, 0, 0, 0),
(44, 17, 0, 15, 'CLIENT', '2011-02-04 11:55:46', 60, 0, 0, 0, 0, 0),
(45, 17, 0, 15, 'CLIENT', '2011-02-04 15:08:46', 61, 0, 0, 0, 0, 0),
(46, 17, 0, 15, 'CLIENT', '2011-02-04 15:13:14', 62, 0, 0, 0, 0, 0),
(47, 17, 0, 15, 'CLIENT', '2011-02-04 15:13:49', 63, 0, 0, 0, 0, 0),
(48, 17, 0, 15, 'CLIENT', '2011-02-04 15:16:36', 64, 0, 0, 0, 0, 0),
(49, 17, 0, 15, 'CLIENT', '2011-02-04 15:46:52', 65, 0, 0, 0, 0, 0),
(50, 85, 1, 53, 'CLIENT', '2011-02-08 11:28:20', 66, 0, 0, 0, 0, 0),
(51, 85, 1, 53, 'CLIENT', '2011-02-08 11:31:06', 67, 0, 0, 0, 0, 0),
(52, 85, 0, 53, 'CLIENT', '2011-02-08 11:31:57', 68, 0, 0, 0, 0, 0),
(53, 84, 0, 45, 'CLIENT', '2011-02-09 18:48:39', 69, 0, 0, 0, 0, 0),
(54, 86, 0, 54, 'CLIENT', '2011-02-10 16:24:02', 70, 0, 0, 0, 0, 0),
(55, 86, 0, 54, 'CLIENT', '2011-02-10 16:29:00', 71, 0, 0, 0, 0, 0),
(56, 86, 0, 54, 'CLIENT', '2011-02-10 16:29:21', 72, 0, 0, 0, 0, 0),
(57, 88, 1, 49, 'CLIENT', '2011-02-11 15:46:55', 73, 0, 0, 0, 0, 0),
(58, 88, 0, 49, 'CLIENT', '2011-02-11 15:56:54', 74, 0, 0, 0, 0, 0),
(59, 88, 0, 49, 'CLIENT', '2011-02-11 15:57:15', 75, 0, 0, 0, 0, 0),
(60, 43, 0, 15, 'CLIENT', '2011-02-14 15:23:23', 76, 0, 0, 0, 0, 0),
(61, 84, 1, 45, 'CLIENT', '2011-02-14 19:04:21', 77, 0, 0, 0, 0, 0),
(62, 92, 0, 94, 'LAWYEAR', '2011-02-17 17:41:38', 78, 0, 0, 0, 0, 0),
(63, 92, 0, 94, 'LAWYEAR', '2011-02-17 17:44:15', 79, 0, 0, 0, 0, 0),
(64, 43, 0, 15, 'CLIENT', '2011-02-17 20:27:39', 80, 0, 0, 0, 0, 0),
(65, 43, 2, 62, 'LAWYEAR', '2011-02-17 20:40:06', 81, 0, 0, 0, 0, 0),
(66, 43, 2, 62, 'LAWYEAR', '2011-02-17 20:58:28', 82, 0, 0, 0, 0, 0),
(67, 43, 2, 62, 'LAWYEAR', '2011-02-17 21:00:04', 83, 0, 0, 0, 0, 0),
(68, 43, 2, 62, 'LAWYEAR', '2011-02-17 21:01:36', 84, 0, 0, 0, 0, 0),
(69, 43, 0, 62, 'LAWYEAR', '2011-02-17 21:02:48', 85, 0, 0, 0, 0, 0),
(70, 43, 0, 62, 'LAWYEAR', '2011-02-17 21:05:23', 86, 0, 0, 0, 0, 0),
(71, 43, 0, 15, 'CLIENT', '2011-02-18 13:51:33', 87, 0, 0, 0, 0, 0),
(72, 94, 0, 15, 'CLIENT', '2011-02-18 17:29:58', 88, 0, 0, 0, 0, 0),
(73, 95, 1, 95, 'LAWYEAR', '2011-02-18 20:28:38', 89, 1, 1, 0, 0, 0),
(74, 95, 1, 60, 'CLIENT', '2011-02-18 21:26:38', 90, 1, 0, 0, 0, 0),
(75, 101, 0, 98, 'LAWYEAR', '2011-02-24 08:08:55', 0, 0, 0, 0, 0, 0),
(76, 101, 2, 62, 'CLIENT', '2011-02-24 08:43:51', 91, 0, 0, 0, 0, 0),
(77, 57, 0, 62, 'LAWYEAR', '2011-02-24 18:55:52', 92, 0, 0, 0, 0, 0),
(78, 57, 2, 62, 'LAWYEAR', '2011-02-24 19:18:33', 93, 0, 0, 0, 0, 0),
(79, 95, 2, 60, 'CLIENT', '2011-02-25 20:23:23', 94, 0, 0, 0, 0, 0),
(80, 102, 0, 99, 'LAWYEAR', '2011-02-28 18:12:46', 95, 0, 0, 0, 0, 0),
(81, 103, 1, 62, 'CLIENT', '2011-03-01 16:34:33', 96, 1, 1, 1, 0, 0),
(82, 103, 0, 99, 'LAWYEAR', '2011-03-01 16:43:54', 97, 0, 0, 0, 0, 0),
(83, 105, 0, 98, 'LAWYEAR', '2011-03-05 01:03:07', 0, 0, 0, 0, 0, 0),
(84, 105, 0, 98, 'LAWYEAR', '2011-03-05 01:13:58', 0, 0, 0, 0, 0, 0),
(85, 105, 2, 98, 'LAWYEAR', '2011-03-05 01:18:34', 98, 0, 0, 0, 0, 0),
(86, 57, 2, 62, 'LAWYEAR', '2011-03-05 17:15:01', 99, 0, 0, 0, 0, 0),
(87, 57, 2, 62, 'LAWYEAR', '2011-03-07 14:28:37', 100, 0, 0, 0, 0, 0),
(90, 107, 1, 62, 'LAWYEAR', '2011-03-15 15:24:01', 105, 1, 0, 1, 0, 0),
(89, 107, 0, 15, 'CLIENT', '2011-03-15 15:02:56', 104, 0, 0, 0, 0, 0),
(91, 107, 0, 15, 'CLIENT', '2011-03-15 17:14:11', 106, 0, 0, 0, 0, 1),
(92, 107, 1, 62, 'LAWYEAR', '2011-03-15 17:34:49', 107, 1, 1, 1, 0, 1),
(93, 111, 1, 101, 'LAWYEAR', '2011-03-17 14:52:52', 108, 1, 0, 0, 0, 1),
(94, 111, 0, 67, 'CLIENT', '2011-03-17 14:56:21', 109, 0, 0, 0, 0, 1),
(95, 111, 0, 67, 'CLIENT', '2011-03-17 15:10:31', 110, 0, 0, 0, 0, 0),
(96, 111, 0, 67, 'CLIENT', '2011-03-17 18:44:10', 111, 0, 0, 0, 0, 1),
(97, 115, 1, 67, 'CLIENT', '2011-03-24 20:06:07', 112, 1, 1, 1, 0, 1),
(98, 115, 1, 101, 'LAWYEAR', '2011-03-24 20:34:29', 113, 1, 0, 0, 0, 1),
(99, 115, 0, 67, 'CLIENT', '2011-03-24 20:46:02', 114, 0, 0, 0, 0, 0),
(100, 119, 1, 69, 'CLIENT', '2011-03-31 17:51:50', 115, 1, 1, 1, 0, 1),
(101, 119, 2, 102, 'LAWYEAR', '2011-03-31 18:04:30', 116, 0, 0, 0, 0, 1),
(102, 119, 2, 102, 'LAWYEAR', '2011-03-31 18:10:05', 117, 0, 0, 0, 0, 1),
(103, 119, 2, 102, 'LAWYEAR', '2011-03-31 18:11:52', 118, 0, 0, 0, 0, 1),
(104, 119, 2, 102, 'LAWYEAR', '2011-03-31 18:12:49', 119, 0, 0, 0, 0, 1),
(105, 119, 0, 102, 'LAWYEAR', '2011-03-31 18:20:14', 120, 0, 0, 0, 0, 1),
(106, 119, 0, 69, 'CLIENT', '2011-03-31 18:50:39', 121, 0, 0, 0, 0, 1),
(107, 117, 1, 68, 'CLIENT', '2011-03-31 20:36:01', 122, 1, 1, 1, 0, 1),
(108, 117, 1, 99, 'LAWYEAR', '2011-04-01 16:54:39', 123, 0, 0, 0, 0, 1),
(109, 121, 1, 104, 'LAWYEAR', '2011-04-08 11:28:03', 124, 1, 1, 1, 0, 1),
(110, 121, 1, 71, 'CLIENT', '2011-04-08 12:18:55', 125, 1, 1, 1, 0, 1),
(111, 118, 1, 15, 'CLIENT', '2011-04-08 12:48:41', 126, 1, 1, 1, 0, 1),
(112, 118, 1, 62, 'LAWYEAR', '2011-04-08 15:16:51', 127, 1, 1, 1, 0, 1),
(113, 118, 0, 15, 'CLIENT', '2011-04-08 17:22:13', 128, 0, 0, 0, 1, 1),
(114, 117, 0, 68, 'CLIENT', '2011-04-08 18:04:05', 129, 0, 0, 0, 0, 1),
(115, 117, 0, 68, 'CLIENT', '2011-04-08 18:21:36', 130, 0, 0, 0, 0, 1),
(116, 117, 0, 68, 'CLIENT', '2011-04-11 16:15:46', 131, 0, 0, 0, 0, 1),
(117, 107, 0, 15, 'CLIENT', '2011-04-11 17:57:53', 132, 0, 0, 0, 0, 1),
(118, 117, 0, 68, 'CLIENT', '2011-04-12 19:06:13', 133, 0, 0, 0, 0, 1),
(119, 122, 1, 69, 'CLIENT', '2011-04-13 17:09:19', 134, 1, 1, 1, 0, 1),
(120, 122, 0, 102, 'LAWYEAR', '2011-04-13 17:13:18', 135, 0, 0, 0, 0, 0),
(121, 122, 0, 69, 'CLIENT', '2011-04-13 17:27:10', 136, 0, 0, 0, 0, 1),
(122, 123, 0, 68, 'CLIENT', '2011-04-13 18:45:25', 137, 0, 0, 0, 0, 1),
(123, 123, 0, 68, 'CLIENT', '2011-04-13 18:46:22', 138, 0, 0, 0, 0, 0),
(124, 121, 1, 71, 'CLIENT', '2011-04-14 11:33:48', 139, 1, 1, 1, 0, 1),
(125, 124, 1, 69, 'CLIENT', '2011-04-14 20:09:01', 140, 1, 1, 1, 0, 1),
(126, 124, 1, 69, 'CLIENT', '2011-04-16 11:33:24', 141, 1, 0, 0, 0, 1),
(127, 124, 1, 69, 'CLIENT', '2011-04-16 12:27:04', 142, 1, 0, 0, 0, 1),
(128, 125, 1, 69, 'CLIENT', '2011-04-21 14:56:27', 143, 1, 1, 1, 0, 1),
(129, 127, 2, 73, 'CLIENT', '2011-04-24 02:28:47', 144, 0, 0, 0, 0, 1),
(130, 126, 1, 104, 'LAWYEAR', '2011-04-24 02:56:26', 145, 1, 0, 0, 0, 0);

-- --------------------------------------------------------

--
-- Table structure for table `lm_casestatus_tbl`
--

CREATE TABLE IF NOT EXISTS `lm_casestatus_tbl` (
  `StatusId` int(11) NOT NULL AUTO_INCREMENT,
  `StatusName` varchar(255) NOT NULL DEFAULT '',
  `StatusValue` int(11) NOT NULL DEFAULT '0',
  PRIMARY KEY (`StatusId`)
) ENGINE=MyISAM  DEFAULT CHARSET=latin1 AUTO_INCREMENT=8 ;

--
-- Dumping data for table `lm_casestatus_tbl`
--

INSERT INTO `lm_casestatus_tbl` (`StatusId`, `StatusName`, `StatusValue`) VALUES
(1, 'Deleted', 0),
(2, 'Open', 1),
(3, 'Choose', 2),
(4, 'Awarded', 3),
(5, 'Completed', 4),
(6, 'Deleted', 5),
(7, 'Closed', 6);

-- --------------------------------------------------------

--
-- Table structure for table `lm_case_tbl`
--

CREATE TABLE IF NOT EXISTS `lm_case_tbl` (
  `CaseId` int(11) NOT NULL AUTO_INCREMENT,
  `CaseClientId` int(11) NOT NULL DEFAULT '0',
  `CaseTitle` varchar(255) NOT NULL DEFAULT '',
  `CaseAreaLaw` varchar(255) DEFAULT NULL,
  `CaseCity` varchar(255) NOT NULL DEFAULT '',
  `CaseState` varchar(255) NOT NULL DEFAULT '',
  `CaseZip` int(11) NOT NULL DEFAULT '0',
  `CaseDescription` longtext,
  `CasePreferredLocation` varchar(255) DEFAULT NULL,
  `CaseFile` varchar(255) DEFAULT NULL,
  `CaseType` int(11) NOT NULL DEFAULT '0',
  `CasePrivateUser` longtext,
  `CaseBudget` int(11) NOT NULL DEFAULT '0',
  `CaseMinBudget` int(11) DEFAULT '0',
  `CaseMaxBudget` int(11) DEFAULT '0',
  `CaseDays` int(11) NOT NULL DEFAULT '0',
  `CaseBidStart` datetime NOT NULL DEFAULT '0000-00-00 00:00:00',
  `CaseBidClose` datetime NOT NULL DEFAULT '0000-00-00 00:00:00',
  `CaseFeature` int(11) NOT NULL DEFAULT '0',
  `CaseNonPublic` int(11) NOT NULL DEFAULT '0',
  `CaseFulltime` int(11) NOT NULL DEFAULT '0',
  `LawyerCategoryId` varchar(255) DEFAULT NULL,
  `CaseStatus` int(11) NOT NULL DEFAULT '1',
  `CaseDate` timestamp NOT NULL DEFAULT CURRENT_TIMESTAMP,
  `CurrencyId` int(11) NOT NULL DEFAULT '0',
  `CaseBudgetUSD` decimal(10,2) NOT NULL DEFAULT '0.00',
  `BidType` varchar(255) NOT NULL DEFAULT '0',
  PRIMARY KEY (`CaseId`)
) ENGINE=MyISAM  DEFAULT CHARSET=latin1 AUTO_INCREMENT=133 ;

--
-- Dumping data for table `lm_case_tbl`
--

INSERT INTO `lm_case_tbl` (`CaseId`, `CaseClientId`, `CaseTitle`, `CaseAreaLaw`, `CaseCity`, `CaseState`, `CaseZip`, `CaseDescription`, `CasePreferredLocation`, `CaseFile`, `CaseType`, `CasePrivateUser`, `CaseBudget`, `CaseMinBudget`, `CaseMaxBudget`, `CaseDays`, `CaseBidStart`, `CaseBidClose`, `CaseFeature`, `CaseNonPublic`, `CaseFulltime`, `LawyerCategoryId`, `CaseStatus`, `CaseDate`, `CurrencyId`, `CaseBudgetUSD`, `BidType`) VALUES
(1, 14, 'fggee', ',4,5,', 'Lucknow', 'UP', 12345, 'sdfsdgdfg', '', '', 1, 'dgdfgbfd', 0, 0, 0, 7, '2009-11-02 19:50:18', '2009-11-08 19:50:18', 1, 0, 0, '', 5, '2009-11-03 07:20:18', 0, '0.00', ''),
(3, 15, 'Jkl', '1,5,,', 'Lucknow', 'Uttar pradesh', 22601, 'dsfdgdfgdf', '', '', 1, 'fdgfhfghjfgj', 0, 0, 0, 10, '2009-11-03 12:24:01', '2009-11-13 12:24:01', 1, 0, 0, '', 1, '2009-11-03 23:54:01', 0, '0.00', ''),
(4, 15, 'killbill', ',1,12,13,', 'Lucknow', 'Uttar Pradesh', 23456, 'fgfhgfhjgfjgf', '', '', 2, 'rtryrty', 0, 100, 325, 0, '0000-00-00 00:00:00', '2009-12-01 00:00:00', 0, 0, 0, '', 4, '2009-11-03 23:55:15', 0, '0.00', ''),
(5, 14, '$2,400,000 in damages to 86 owners $25K-$30K per Owner', ',18,', 'N. Seattle', 'Washington', 98203, '', '', '', 1, '', 0, 0, 0, 23, '2009-11-03 15:58:22', '2009-12-05 15:58:22', 0, 0, 0, '', 5, '2009-11-04 03:28:22', 0, '0.00', ''),
(6, 14, 'forgery and criminal conspiracy', ',5,', 'alleghany county', 'Pennsylvania', 15102, 'Was delayed in a macy dept. store and caught with a credit card and I was detained to the jail for 2 days.  I live in the district of columbia.  $300.00 was the damages on a credit card.  District court of alleghany.  #SR0000448-09', '', '', 1, '', 0, 500, 2500, 20, '2009-11-03 16:00:34', '2009-11-23 16:00:34', 0, 0, 0, '', 1, '2009-11-04 03:30:34', 0, '0.00', ''),
(7, 14, 'ghng', '', 'alleghany county', 'dfgfdgfsd', 12345, '', '', '4901450_09_56---Flowers--Keukenhof--Holland-The-Netherlands_web.jpg', 1, '', 0, 32, 765, 51, '2009-11-03 16:14:39', '2009-12-24 16:14:39', 0, 0, 0, '', 1, '2009-11-04 03:44:39', 0, '0.00', ''),
(8, 14, 'Upcoming Custody Hearing', ',2,', 'Clackamas', 'Oregon', 97038, 'I have Sole Cutody of my daughter. We both went to court kinda he started the custody papers and did not show up to court the day of the hearing. Now his lawyer just sent me papers three weeks before our court date. So now I am trying to find a lawyer.', '', '3602008_kung_fu_panda_002.jpg', 1, '', 0, 67, 934, 15, '2009-11-03 16:18:12', '2009-11-18 16:18:12', 1, 0, 0, '', 1, '2009-11-04 03:48:12', 0, '0.00', ''),
(9, 14, 'Gacria vs. Castro', ',2,', 'Elizabeth', 'New Jersey', 7202, 'I currently have Joint Custody with my sons mother and she is requesting to move out of state.  I have several reason as to why this is not a good option for my son and am considering returning to court for full custody at this point in time.  The case would be in Mercer County.  I am interested in questioning her mental health due to extremely rash choices on her part leading up to this point in time.  Im under the impression that she is currently living in a hotel with my son and unemployed.', '', '780Send_Email_from_a_PHP_Script_Using_SMTP_Authentication.pdf', 1, '', 0, 0, 0, 40, '2009-11-03 16:24:57', '2009-12-13 16:24:57', 0, 0, 0, '', 1, '2009-11-04 03:54:57', 0, '0.00', ''),
(10, 14, 'Civl rights violations', ',15,', 'boston', 'Massachusetts', 2109, 'This is a very high profile case. It has been in the newspapers, on radio talk show. My son was lured to a park, shot twice, once in the back, beaten with the rifle that killed him and kicked while he lay helpless. We have proof of a coverup by the DA, AG, State police of Vermont which are now threatening and blackmailing us into silence. We need someone that can bring it to news outlets and fight for our rights against the corrupt officials. We need someone that will vogorously fight for justice for our son and protect us when we bring this out in the open.', '', '201Create Xml_Vinay 3 Aug 2009.zip', 1, '', 0, 2345, 7658, 12, '2009-11-03 16:27:10', '2009-11-15 16:27:10', 0, 0, 0, '', 1, '2009-11-04 03:57:10', 0, '0.00', ''),
(11, 14, 'appeals', ' ,5,', 'indianapolis', 'Indiana', 46024, 'my son has been charged with crimes on the record they pulled his right to a fair non guilty plea. the report is not true statements. he has been sentenced and i know he should not be going to prison.', '', '921Short Url 7 Aug 2009.doc', 1, '', 0, 0, 0, 25, '2009-11-03 17:45:11', '2009-11-28 17:45:11', 0, 0, 0, '', 1, '2009-11-04 05:15:11', 0, '0.00', ''),
(12, 15, 'dgfdhgfhjgf', ',1,', 'sdfdg', '2', 34567, 'dsfdfgdf', '', '', 1, '', 0, 34, 679, 10, '2009-11-10 17:02:00', '2009-11-20 17:02:00', 0, 0, 0, '', 1, '2009-11-11 04:32:00', 0, '0.00', ''),
(14, 15, 'kfdkhg', ',2,3,', 'dxvgchfg', '1', 12345, 'fdgbfhfg', '', '686download.zip', 1, '', 0, 0, 0, 0, '0000-00-00 00:00:00', '0000-00-00 00:00:00', 0, 0, 0, '', 1, '2009-11-11 05:11:02', 0, '0.00', ''),
(16, 15, 'dfgdfhgf', ',2,3,', 'fdhfgjghjkg', '1', 23456, 'fgbhfghjdgj', '', '743ajax_code.zip', 1, '', 0, 0, 0, 60, '2009-11-10 18:17:29', '2010-01-09 18:17:29', 0, 0, 0, '', 1, '2009-11-11 05:47:29', 0, '0.00', ''),
(17, 15, 'kjdfhjrh', ',2,3,', 'rabc', '1', 12345, 'dfgf', '', '21file_download_script.zip', 1, '', 0, 112, 1000, 45, '2009-11-10 18:18:56', '2009-12-25 18:18:56', 0, 0, 0, '', 6, '2009-11-11 05:48:56', 0, '0.00', ''),
(18, 15, 'rfhtyt', ',14,15,', 'abcd', '1', 12345, 'fgfhfgj', '', '650ajax_code.zip', 1, '', 0, 76, 900, 18, '2009-11-10 18:23:04', '2009-11-28 18:23:04', 0, 0, 0, '', 1, '2009-11-11 05:53:04', 0, '0.00', ''),
(19, 15, 'djflsdkjflj', ',2,5,', 'abcgfh', '1', 12345, 'fdgfh', '', '298ajax_code.zip', 1, '', 0, 35, 876, 29, '2009-11-10 18:44:58', '2009-12-09 18:44:58', 0, 0, 0, '', 4, '2009-11-11 06:14:58', 0, '0.00', ''),
(20, 21, 'vehicle chalan', ',23,24,25,', 'lucknow', '2', 21555, 'test description', '', '619Legalemarket 10 Nov 2009.doc', 1, 'none', 0, 0, 0, 0, '0000-00-00 00:00:00', '0000-00-00 00:00:00', 0, 0, 0, '', 3, '2009-11-11 06:24:17', 0, '0.00', ''),
(21, 15, 'Jkl', ',5,', 'Lucknow', 'Uttar pradesh', 22601, 'dsfdgdfgdf', '', '', 1, 'fdgfhfghjfgj', 0, 0, 0, 5, '2009-11-17 11:26:32', '2009-11-22 11:26:32', 0, 0, 0, '', 1, '2009-11-17 22:56:32', 0, '0.00', ''),
(22, 14, 'tenant/landlord', ',13,', '', '', 0, 'House I rent is in foreclosure.  Landlord is telling me I need to pay current months rent.  hearing with the court is dec 3rd 2009 in which judge will decide on judgement to sell??  not sure whats up here.  I am unwilling to pay rent to a landlord who is obviously letting this property go back to the bank.  what should I do?', '', '', 0, NULL, 0, 0, 234, 4, '2009-11-18 16:56:33', '2009-12-22 16:56:33', 1, 0, 1, '', 3, '2009-11-19 04:26:33', 0, '0.00', ''),
(23, 21, 'wrongful termination', ',8,', '', '', 0, 'i was   emplooyeed with  bp for over nine  years, and a  new dist.  manager ,   came in   and termiinated  me,  saying,  my  store is  ten  thousand,short, and  after that  ,  the owner,said,  in  front of all the mmanagers  , that  he  will wavie,the  shortage of the  store  im  ruunning.  and four months  later,  i   was  termiinated, and later fouunded, out that  the dist.  manager  gave my job to a young lady  ,for a  sexual favor, and  she  told   after  she   gotten  my  position on the  dist. mgr. and he  was  terminated.  is  there a  laywer williing  to   take this case  and   get   paid  when  i  do.', '', '', 0, NULL, 0, 0, 6789, 25, '2009-11-18 17:01:12', '2009-12-13 17:01:12', 1, 1, 0, '', 3, '2009-11-19 04:31:12', 0, '0.00', ''),
(24, 21, 'FRAUD CHECK RECIEVED.. NEED HELP...', ',5,', '', '', 0, 'I recieved a check in the mail, though it was legit, cashed it. A few days later we recieve a call from bank saying it was no good. Said to come in make arrangments, well a few days later after arrangments made, they told us the saginaw township detectives wanted to handle situation. The check was for $4,950 Honestly I THOUGH IT WAS LEGIT or I never would have cashed it and spent the money. My wife works part time, and I am a college student at the Univeristy of Phoenix and need help. They contacted us yesterday to come in for a interview today, we called to make sure detective was their he was not, left message for him to call us and come in, I am not quite sure what to do, go in and plead my case? or not and face the charges? I feel as if I am the victom in this situation. PLEASE HELP! WE CANNOT afford to GO TO JAIL or get FELONIES, I am going for CRIMINAL JUSTICE and my wife is going for NURSING. We also have 2 small childern we need to be around for...', '', '', 0, NULL, 0, 2, 567, 4, '2009-11-18 17:44:47', '2009-11-22 17:44:47', 0, 0, 1, '', 3, '2009-11-19 05:14:47', 0, '0.00', ''),
(25, 22, 'i want to get custody of my child', ',2,', '', '', 0, 'In aug of 06 my ex & I separated when he left the house he took our daughter & has had physical custody of her ever since. At first custody wasnt an issue she lived with him but I could see her when ever & as long as I wanted. In sept of 07 I had to move from NC to WA because I had no where to stay anymore. Since I moved custody has been a major issue & hes only allowed me to see her once since then which was in April of 08. Everytime im suppose to be able to have her at the last minute he backs out & says I cant have her & his fiance is now the primary caretaker of him because hes gone out of the house for up to 3 days at a time & is now trying to do contracting overseas which will have him out of the house for a yr & hes leaving our daughter with his fiance. I just want to establish some kind of custody of my daughter. Id like to be the primary but since shes been with him for so long I know thats a long shot. Ill be happy with anything I just want to be able to see her. I feel like hes trying to keep me out of our daughters life he already has her calling his fiance mom & last time I saw her she wouldnt even call me mom.', '', '819file_download_script.zip', 0, NULL, 345, 56, 3456, 3, '2009-11-19 15:54:26', '2009-11-22 15:54:26', 0, 1, 0, '', 1, '2009-11-20 03:24:26', 0, '0.00', ''),
(26, 22, 'Custody,Divorce Case', ',2,9,', '', '', 0, 'My wife and I have been seperated for 2yrs.  We have a 4yr old daughter.  My daughter had been residing her mother and my sister in an apartment that i was paying for in Gilbert.  I have been residing in my townhome.tOn Aug 28th there was an issue at my wifes apartment.  My sister witnessed my daughter run out of her moms bedroom into her arms.  She claimed that her mom was trying to hurt her.  I was called over to the apartment.  I had words with my wife, informing her that i would have to get cps involved to investigate matters of abuse that have been being alleged for quite some time. ', '', '', 0, NULL, 6789, 0, 234, 5, '2009-11-19 16:30:34', '2009-12-24 16:30:34', 1, 0, 1, '', 3, '2009-11-20 04:00:34', 0, '0.00', ''),
(27, 22, 'Terms of Service', ',15,', '', '', 0, 'My wife and I have been seperated for 2yrs.  We have a 4yr old daughter.  My daughter had been residing her mother and my sister in an apartment that i was paying for in Gilbert.  I have been residing in my townhome. <p>On Aug 28th there was an issue at my wifes apartment.  My sister witnessed my daughter run out of her moms bedroom into her arms.  She claimed that her mom was trying to hurt her.  I was called over to the apartment.  I had words with my wife, informing her that i would have to get cps involved to investigate matters of abuse that have been being alleged for quite some time. <p>I took my daughter for the weekend, to the disapproval of her mom.  My daughter had expressed that she did not want to go home and that she was afraid of her mom.  On the 31st of August, my wife was not home and so I dropped my daughter off with my sister who resided with my wife in the apartment.  That was the last time I saw my daughter.<p>I later learned that she was in domestic violence shelters claiming emotional abuse. <p>On 9/16/09 i filed for divorce, Temporary order papers, as well as an Emergency Petition.  I was given a hearing scheduled for 9/23/09 and was advised to try to find my wife to get her served for that date.  My wife was hiding in D.V shelters and her where abouts were unknown so when i went to court 9/23/09  she was not there.<p>', '', '', 0, NULL, 0, 0, 1456, 7, '2009-11-19 16:43:29', '2009-11-26 16:43:29', 1, 0, 0, '', 3, '2009-11-20 04:13:29', 0, '0.00', ''),
(28, 22, 'Wilhite vs Luo Marble', ',3,11,14,15,', '', '', 0, 'A home owner contractor sueing marble sub-contractor and its bond insurance. SF court.The marble co. (INCORPERATED)needs a lawyer with construction litigation exp. to represent ASAP.', '', '463Lawyer Account.JPG', 0, NULL, 45, 45, 456, 3, '2009-11-19 16:45:17', '2009-11-22 16:45:17', 1, 0, 1, '', 1, '2009-11-20 04:15:17', 0, '0.00', ''),
(29, 23, 'disability appeal', '', '', '', 0, 'Current attorney, Binder & Binder has received (Oct.2009) received the final deciswion of the Appeals and I have been denied. I am advised my only recourse at this point is to go to U.S. District Court and file civil action.<p>Can this be done on contingency? I have 30 days to receive my medical records from Binder.  Should I ask for my entire file or just medical?', '', '', 0, NULL, 22, 0, 6578, 41, '2009-11-19 17:11:09', '2009-12-30 17:11:09', 1, 0, 1, '', 3, '2009-11-20 04:18:29', 0, '0.00', ''),
(30, 14, 'Help with exercising my rights', '2,,', '', '', 0, 'I have a current case in Domestic Relations Court Delaware County Pennsylvania. I need a modification ASAP! I have a hearing scheduled for January but I need one sooner. I was out of work for three months and my support is in arrears for about the same. I am being overcharged according to my income. Please respond at your earliest ', '', '', 0, NULL, 0, 30, 345, 23, '2009-11-26 18:24:23', '2009-12-19 18:24:23', 1, 1, 0, '', 3, '2009-11-20 04:20:53', 0, '0.00', ''),
(31, 23, 'TSU Desdparite Treatment', ',8,14,', '', '', 0, 'This is a wrongful termination.  University did not follow policy and procedure when terminiating me.  Case is developed.  Filed with EEOC, retracted before they found against me.  Have permission to sue state of Texas.', '', '326legalemarket design 10 Nov 2009.doc', 0, NULL, 567, 0, 3456, 3, '2009-11-19 16:52:00', '2009-12-26 16:52:00', 0, 1, 1, '', 3, '2009-11-20 04:22:00', 0, '0.00', ''),
(34, 15, 'dgdfg', ' ,2,4,', '', '', 0, 'dfgdfg gdfgdf<br/>fgfdhgfhgfj<br/>trytryt', 'Local', '', 0, NULL, 6578, 0, 0, 30, '2009-11-30 11:28:27', '2009-12-30 11:28:27', 1, 0, 0, '', 1, '2009-11-30 22:58:27', 0, '0.00', ''),
(35, 15, 'aaa', ' ,1,', '', '', 0, '', 'Local', '', 0, NULL, 45, 0, 0, 3, '2010-02-10 11:51:31', '2011-02-13 11:51:31', 1, 0, 0, '', 1, '2010-02-10 23:21:31', 0, '0.00', ''),
(36, 15, 'aaa', ' ,1,', '', '', 0, '', 'Local', '', 0, NULL, 45, 0, 0, 3, '2010-02-10 11:52:28', '2010-02-13 11:52:28', 1, 0, 0, '', 1, '2010-02-10 23:22:28', 0, '0.00', ''),
(37, 15, 'aaa', ' ,1,', '', '', 0, '', 'Local', '', 0, NULL, 45, 0, 0, 3, '2010-02-10 11:52:34', '2010-02-13 11:52:34', 1, 0, 0, '', 1, '2010-02-10 23:22:34', 0, '0.00', ''),
(38, 15, 'aaaa', ' ,12,13,', '', '', 0, '', 'International', '', 0, NULL, 345, 0, 0, 6, '2010-02-10 11:54:13', '2010-02-16 11:54:13', 0, 0, 0, '', 1, '2010-02-10 23:24:13', 0, '0.00', ''),
(39, 15, 'bbbb', ' ,2,3,', '', '', 0, '', 'Local', '', 0, NULL, 56, 0, 0, 4, '2010-02-10 11:56:34', '2010-02-14 11:56:34', 1, 0, 0, '', 1, '2010-02-10 23:26:34', 0, '0.00', ''),
(40, 15, 'gggg', ' ,3,', '', '', 0, '', 'International', '', 0, NULL, 34, 0, 0, 2, '2010-02-10 11:58:52', '2010-02-12 11:58:52', 0, 0, 0, '', 1, '2010-02-10 23:28:52', 0, '0.00', ''),
(41, 32, 'Hui v. Castaneda', ' ,1,3,9,', '', '', 0, 'While detained by immigration authorities, Francisco Castenada persistently sought treatment for a bleeding, suppurating lesion. Although a U. S. Public Health Service (PHS) physicians assistant and three outside specialists repeatedly advised that Castaneda urgently needed a biopsy, petitioners--a PHS physician and a commissioned PHS officer--denied the request. After Castaneda was released from custody, tests confirmed that he had metastatic cancer. He then filed this suit, raising medical negligence claims against the United States under the Federal Tort Claims Act (FTCA), 28 U. S. C. 1346, 2671-2680, and constitutional claims against petitioners under Bivens v. Six Unknown Fed. Narcotics Agents, 403 U. S. 388, 397. When Castaneda died, respondents, his representative and heir, were substituted as plaintiffs.', 'International', '', 0, NULL, 456, 0, 0, 20, '2010-05-21 12:34:10', '2010-06-10 12:34:10', 1, 1, 0, '', 3, '2010-05-21 23:04:10', 0, '0.00', ''),
(42, 15, 'Test Case', ' ,1,2,3,4,5,6,7,8,9,10,11,12,13,14,15,16,17,19,20,21,22,23,24,25,', '', '', 0, ' Test Case  Test Case  Test Case  Test Case  Test Case  Test Case  Test Case  Test Case  Test Case  Test Case  Test Case  Test Case  Test Case  Test Case  Test Case  Test Case  Test Case  Test Case  Test Case  Test Case  Test Case  Test Case  Test Case  Test Case  Test Case  Test Case  Test Case  Test Case  Test Case  Test Case  Test Case  Test Case  Test Case  Test Case  Test Case ', 'Both', '', 0, NULL, 3000, 0, 0, 60, '2010-08-06 10:22:21', '2010-10-05 10:22:21', 0, 0, 0, '', 1, '2010-08-06 20:52:21', 0, '0.00', ''),
(43, 15, 'Test Case', ' ,25,', '', '', 0, 'test case', 'Local', '337guttu.jpg', 0, NULL, 125, 0, 0, 10, '2011-01-06 00:51:27', '2011-01-16 00:51:27', 1, 0, 0, '1', 3, '2011-01-06 12:21:27', 0, '0.00', ''),
(44, 15, 'Test Case', ' ,25,', '', '', 0, 'test case', 'Local', '352guttu.jpg', 0, NULL, 125, 0, 0, 10, '2011-01-06 00:52:38', '2011-01-16 00:52:38', 1, 0, 0, '1', 1, '2011-01-06 12:22:38', 0, '0.00', ''),
(45, 15, 'Test Case', ' ,25,', '', '', 0, 'test case', 'Local', '267guttu.jpg', 0, NULL, 125, 0, 0, 10, '2011-01-06 00:52:52', '2011-01-16 00:52:52', 1, 0, 0, '1', 1, '2011-01-06 12:22:52', 0, '0.00', ''),
(46, 15, 'Test Case', ' ,25,', '', '', 0, 'test case', 'Local', '824guttu.jpg', 0, NULL, 150, 0, 0, 10, '2011-01-06 00:55:41', '2011-01-16 00:55:41', 1, 0, 0, '1', 1, '2011-01-06 12:25:41', 0, '0.00', ''),
(47, 15, 'Test Case', ' ,25,27,', '', '', 0, 'test', 'Local', '802guttu.jpg', 0, NULL, 125, 0, 0, 10, '2011-01-06 00:57:24', '2011-01-16 00:57:24', 1, 0, 0, '1', 1, '2011-01-06 12:27:24', 0, '0.00', ''),
(48, 15, 'Test Case', ' ,25,', '', '', 0, 'test', 'Local', '944guttu.jpg', 0, NULL, 125, 0, 0, 10, '2011-01-06 00:58:59', '2011-01-16 00:58:59', 1, 0, 0, '1', 1, '2011-01-06 12:28:59', 0, '0.00', ''),
(49, 15, 'Test Case', ' ,25,', '', '', 0, 'test', 'Local', '726guttu.jpg', 0, NULL, 125, 0, 0, 10, '2011-01-06 00:59:46', '2011-01-16 00:59:46', 1, 0, 0, '1', 1, '2011-01-06 12:29:46', 0, '0.00', ''),
(50, 15, 'Test Case', ' ,25,', '', '', 0, 'test', 'Local', '104guttu.jpg', 0, NULL, 200, 0, 0, 10, '2011-01-06 01:04:51', '2011-01-16 01:04:51', 1, 0, 0, '1', 1, '2011-01-06 12:34:51', 0, '0.00', ''),
(51, 15, 'Test Case1', ' ', '', '', 0, 'test', 'Local', '981guttu.jpg', 0, NULL, 125, 0, 0, 12, '2011-01-06 01:05:52', '2011-01-18 01:05:52', 1, 0, 0, '1', 1, '2011-01-06 12:35:52', 0, '0.00', ''),
(52, 15, 'Test Case2', ' ,27,', '', '', 0, 'test case 2', 'Local', '727guttu.jpg', 0, NULL, 500, 0, 0, 20, '2011-01-06 01:06:50', '2011-01-26 01:06:50', 1, 0, 0, '1', 1, '2011-01-06 12:36:50', 0, '0.00', ''),
(53, 15, 'Test Case2', ' ,27,', '', '', 0, 'test case 2', 'Local', '', 0, NULL, 500, 0, 0, 20, '2011-01-06 01:07:05', '2011-01-26 01:07:05', 1, 0, 0, '1', 1, '2011-01-06 12:37:05', 0, '0.00', ''),
(54, 15, 'Test Exactlly Case', ' ,25,', '', '', 0, 'This case for testing purpose', 'Local', '651guttu.jpg', 0, NULL, 500, 0, 0, 20, '2011-01-06 01:08:48', '2011-01-26 01:08:48', 1, 0, 0, '1', 1, '2011-01-06 12:38:48', 0, '0.00', ''),
(55, 15, 'test case123', ' ', '', '', 0, 'test data test data test data test data test data test data test data test data test data ', 'Both', '', 0, NULL, 1, 0, 0, 25, '2011-01-11 01:14:39', '2011-02-05 01:14:39', 0, 0, 0, '3', 1, '2011-01-11 12:44:39', 0, '0.00', ''),
(56, 15, 'testcase2', ' ', '', '', 0, 'test data', 'Both', '944Winter.jpg', 0, NULL, 2, 0, 0, 21, '2011-01-11 02:03:10', '2011-02-01 02:03:10', 0, 0, 0, '3', 6, '2011-01-11 13:33:10', 0, '0.00', ''),
(57, 15, 'Write a legal letter', ' ,27,', '', '', 0, 'I need to send a letter to my company because they refused to pay me', 'Local', '', 0, NULL, 1000, 0, 0, 30, '2011-01-13 01:38:23', '2011-02-12 01:38:23', 1, 1, 1, '3', 3, '2011-01-13 13:08:23', 0, '0.00', ''),
(58, 15, 'Exa case', ' ,25,', '', '', 0, 'I want a solution', 'International', '283ExactllyDigital-CorporatePresentation.pdf', 0, NULL, 500, 0, 0, 20, '2011-01-20 05:08:34', '2011-02-09 05:08:34', 0, 0, 1, '1', 1, '2011-01-20 16:38:34', 0, '0.00', ''),
(59, 15, 'test case 20', ' ', '', '', 0, 'test test test', 'Both', '553Water lilies.jpg', 0, NULL, 300, 0, 0, 60, '2011-01-20 09:17:54', '2011-03-21 09:17:54', 0, 0, 0, '3', 1, '2011-01-20 20:47:54', 0, '0.00', ''),
(60, 15, 'test case 21', ' ', '', '', 0, 'test test', 'Both', '884Winter.jpg', 0, NULL, 300, 0, 0, 60, '2011-01-21 00:27:21', '2011-03-22 00:27:21', 0, 0, 0, '3', 1, '2011-01-21 11:57:21', 0, '0.00', ''),
(61, 15, 'testRD1', ' ', '', '', 0, 'test test', 'Both', '834Water lilies.jpg', 0, NULL, 100, 0, 0, 15, '2011-01-21 00:34:49', '2011-02-05 00:34:49', 0, 0, 0, '3', 1, '2011-01-21 12:04:49', 0, '0.00', ''),
(62, 15, 'testRD2', ' ', '', '', 0, 'test test', 'Both', '616Sunset.jpg', 0, NULL, 150, 0, 0, 20, '2011-01-21 00:40:26', '2011-02-10 00:40:26', 0, 0, 0, '3', 1, '2011-01-21 12:10:26', 0, '0.00', ''),
(63, 15, 'testRD3', ' ', '', '', 0, 'fsgfgsdxscfvfasz', 'Both', '', 0, NULL, 100, 0, 0, 10, '2011-01-21 00:43:18', '2011-01-31 00:43:18', 0, 0, 0, '3', 1, '2011-01-21 12:13:18', 0, '0.00', ''),
(64, 15, 'testRD4', ' ', '', '', 0, 'bhgdgtserf', 'Both', '', 0, NULL, 100, 0, 0, 10, '2011-01-21 00:44:35', '2011-01-31 00:44:35', 0, 0, 0, '3', 1, '2011-01-21 12:14:35', 0, '0.00', ''),
(65, 15, 'testRD5', ' ', '', '', 0, 'test data', 'Both', '660Winter.jpg', 0, NULL, 150, 0, 0, 15, '2011-01-21 00:46:03', '2011-02-05 00:46:03', 0, 0, 0, '3', 1, '2011-01-21 12:16:03', 0, '0.00', ''),
(66, 15, 'testRD6', ' ', '', '', 0, 'test data', 'Both', '', 0, NULL, 100, 0, 0, 10, '2011-01-21 06:07:25', '2011-01-31 06:07:25', 0, 0, 0, '3', 1, '2011-01-21 17:37:25', 0, '0.00', ''),
(67, 15, 'testRD7', ' ', '', '', 0, 'test data', 'Both', '', 0, NULL, 100, 0, 0, 10, '2011-01-21 06:13:03', '2011-01-31 06:13:03', 0, 0, 0, '3', 1, '2011-01-21 17:43:03', 0, '0.00', ''),
(68, 15, 'testRD8', ' ', '', '', 0, 'test test', 'International', '', 0, NULL, 150, 0, 0, 15, '2011-01-21 06:18:24', '2011-02-05 06:18:24', 0, 0, 0, '3', 1, '2011-01-21 17:48:24', 0, '0.00', ''),
(69, 15, 'testRD9', ' ', '', '', 0, 'hgbfdjlsjfdklfjlknn', 'International', '', 0, NULL, 100, 0, 0, 15, '2011-01-21 06:24:40', '2011-02-05 06:24:40', 0, 0, 0, '3', 0, '2011-01-21 17:54:40', 0, '0.00', ''),
(70, 15, 'testRD10', ' ', '', '', 0, 'test data', 'Both', '', 0, NULL, 120, 0, 0, 20, '2011-01-21 06:51:51', '2011-02-10 06:51:51', 0, 0, 0, '3', 1, '2011-01-21 18:21:51', 0, '0.00', ''),
(71, 15, 'Patent application and trademark', ' ', '', '', 0, 'I need a lawyer who is experienced in electronics to help me with application for patent.', 'Local', '', 0, NULL, 500, 0, 0, 8, '2011-01-21 22:19:38', '2011-01-29 22:19:38', 0, 0, 0, '1', 1, '2011-01-22 09:49:38', 0, '0.00', ''),
(72, 15, 'testRD11', ' ', '', '', 0, 'test description test description test description test description test description test description test description test description test description test description test description test description test description test description test description test description test description test description test description test description test description test description ', 'International', '745Winter.jpg', 0, NULL, 100, 0, 0, 20, '2011-01-24 06:32:45', '2011-02-13 06:32:45', 0, 0, 0, '1,2', 1, '2011-01-24 15:49:54', 0, '0.00', ''),
(73, 46, 'RDcase1', ' ', '', '', 0, 'test test test test', 'International', '', 0, NULL, 125, 0, 0, 30, '2011-01-25 02:19:29', '2011-02-24 02:19:29', 0, 0, 0, '2,3', 1, '2011-01-25 13:49:29', 0, '0.00', ''),
(74, 45, 'I didnt get my home handed over though I paid in full.', ' ', '', '', 0, 'I didnt get my home handed over though I paid in full.I didnt get my home handed over though I paid in full.I didnt get my home handed over though I paid in full.I didnt get my home handed over though I paid in full.I didnt get my home handed over though I paid in full.I didnt get my home handed over though I paid in full.I didnt get my home handed over though I paid in full.I didnt get my home handed over though I paid in full.I didnt get my home handed over though I paid in full.I didnt get my home handed over though I paid in full.I didnt get my home handed over though I paid in full.I didnt get my home handed over though I paid in full.I didnt get my home handed over though I paid in full.I didnt get my home handed over though I paid in full.I didnt get my home handed over though I paid in full.', 'Local', '', 0, NULL, 500, 0, 0, 10, '2011-01-25 02:34:37', '2011-02-04 02:34:37', 1, 0, 0, '2,10,12', 4, '2011-01-25 14:04:37', 0, '0.00', ''),
(75, 15, 'ChkMail', ' ', '', '', 0, 'test case data test case data test case data test case data test case data test case data test case data test case data test case data test case data test case data test case data test case data test case data test case data test case data test case data test case data test case data ', 'International', '', 0, NULL, 20, 0, 0, 20, '2011-01-25 07:03:28', '2011-02-14 07:03:28', 0, 0, 0, '1', 1, '2011-01-25 18:33:28', 0, '0.00', ''),
(76, 46, 'ChkMail1', ' ', '', '', 0, 'test case data test case data test case data test case data test case data test case data test case data test case data test case data test case data test case data test case data test case data test case data test case data test case data test case data test case data test case data ', 'International', '', 0, NULL, 100, 0, 0, 10, '2011-01-25 07:06:13', '2011-02-04 07:06:13', 0, 0, 0, '1', 1, '2011-01-25 18:36:13', 0, '0.00', ''),
(77, 15, 'test2chk1', ' ', '', '', 0, 'This is a test case.', 'International', '355Blue hills.jpg', 0, NULL, 200, 0, 0, 60, '2011-01-31 01:07:59', '2011-04-01 01:07:59', 0, 0, 0, '1,2', 1, '2011-01-31 12:37:59', 0, '0.00', ''),
(78, 15, 'test2chk2', ' ', '', '', 0, 'test test test test test test test test test test test test test test test test test test test test test test test test test test test test test test test test test test test test test test ', 'International', '161Blue hills.jpg', 0, NULL, 200, 0, 0, 60, '2011-02-01 04:59:44', '2011-04-02 04:59:44', 0, 0, 0, '1,2,3', 1, '2011-02-01 16:29:44', 0, '0.00', ''),
(79, 45, 'People are not working though they are getting paid in time', ' ', '', '', 0, 'People are not working though they are getting paid in timePeople are not working though they are getting paid in timePeople are not working though they are getting paid in timePeople are not working though they are getting paid in timePeople are not working though they are getting paid in timePeople are not working though they are getting paid in timePeople are not working though they are getting paid in timePeople are not working though they are getting paid in timePeople are not working though they are getting paid in timePeople are not working though they are getting paid in time', 'Local', '863Registration_Form.pdf', 0, NULL, 1000, 0, 0, 20, '2011-02-01 09:22:03', '2011-02-21 09:22:03', 1, 0, 0, '2,3,7,10', 1, '2011-02-01 20:52:03', 0, '0.00', ''),
(80, 50, 'demanding letter', ' ', '', '', 0, 'Employer didnt pay tax', 'Local', '', 0, NULL, 540, 0, 0, 4, '2011-02-04 15:48:39', '2011-02-08 15:48:39', 1, 0, 0, '7', 1, '2011-02-05 03:18:39', 0, '0.00', ''),
(81, 46, 'case4testing', ' ', '', '', 0, 'test test test test test test test test test test test test \r\n\r\ntest test test test test test test test test test test test test test test test test test test test test ', 'International', '365Winter.jpg', 0, NULL, 200, 0, 0, 50, '2011-02-04 23:19:27', '2011-03-26 23:19:27', 0, 0, 1, '1,2,3', 1, '2011-02-05 10:49:28', 0, '0.00', ''),
(82, 46, 'testcase001', ' ', '', '', 0, 'test test', 'International', '244Winter.jpg', 0, NULL, 200, 0, 0, 40, '2011-02-05 00:03:46', '2011-03-17 00:03:46', 0, 0, 0, '1,2,3', 1, '2011-02-05 11:33:46', 0, '0.00', ''),
(83, 53, 'Demanding Letter #2', ' ', '', '', 0, 'Employer refused to pay tax for employees', 'Local', '233Apply Form.pdf', 0, NULL, 1000, 0, 0, 5, '2011-02-05 02:51:54', '2011-02-10 02:51:54', 1, 0, 0, '7', 5, '2011-02-05 14:20:10', 0, '0.00', ''),
(84, 45, 'New case - Jayanta Testing', ' ', '', '', 0, 'New case - Jayanta TestingNew case - Jayanta TestingNew case - Jayanta TestingNew case - Jayanta TestingNew case - Jayanta TestingNew case - Jayanta TestingNew case - Jayanta TestingNew case - Jayanta TestingNew case - Jayanta TestingNew case - Jayanta Testing', 'Local', '221Registration_Form.pdf', 0, NULL, 1000, 0, 0, 10, '2011-02-05 02:52:21', '2011-02-15 02:52:21', 0, 0, 0, '1,2', 3, '2011-02-05 14:22:21', 0, '0.00', ''),
(85, 53, 'Write terms and conditions for my website', ' ', '', '', 0, 'My website needs specific terms and conditions written by experienced lawyer to cover liability of the site', 'Local', '', 0, NULL, 100, 0, 0, 11, '2011-02-07 18:25:28', '2011-02-18 18:25:28', 0, 1, 0, '2,3', 3, '2011-02-08 05:55:28', 0, '0.00', ''),
(86, 54, 'Alok Create a Case', ' ', '', '', 0, 'Alok Create a Case Description', 'Local', '39104_02_2011_524_018.jpg', 0, NULL, 1000, 0, 0, 5, '2011-02-09 07:15:37', '2011-02-14 07:15:37', 0, 0, 0, '1,2,3,4,5,6,7,8,9,10,11,12', 3, '2011-02-09 18:45:37', 0, '0.00', ''),
(87, 15, 'tstcase1', ' ', '', '', 0, 'test test test test test test test test test test test test test test test test test', 'International', '209no_video.jpg', 0, NULL, 100, 0, 0, 30, '2011-02-10 04:15:52', '2011-03-12 04:15:52', 0, 0, 0, '1,2,3', 1, '2011-02-10 15:45:16', 0, '0.00', ''),
(88, 49, 'Pick Pocket', ' ', '', '', 0, 'Contrary to popular belief, Lorem Ipsum is not simply random text. It has roots in a piece of classical Latin literature from 45 BC, making it over 2000 years old. Richard McClintock, a Latin professor at Hampden-Sydney College in Virginia, looked up one of the more obscure Latin words, consectetur, from a Lorem Ipsum passage, and going through the cites of the word in classical literature, discovered the undoubtable source. Lorem Ipsum comes from sections 1.10.32 and 1.10.33 of "de Finibus Bonorum et Malorum" (The Extremes of Good and Evil) by Cicero, written in 45 BC. This book is a treatise on the theory of ethics, very popular during the Renaissance. The first line of Lorem Ipsum, "Lorem ipsum dolor sit amet..", comes from a line in section 1.10.32.\r\n\r\nThe standard chunk of Lorem Ipsum used since the 1500s is reproduced below for those interested. Sections 1.10.32 and 1.10.33 from "de Finibus Bonorum et Malorum" by Cicero are also reproduced in their exact original form, accompanied by English versions from the 1914 translation by H. Rackhamfdsgfdgfd', 'Local', '', 0, NULL, 100, 0, 0, 7, '2011-02-11 06:16:50', '2011-02-18 06:16:50', 1, 0, 0, '4', 3, '2011-02-11 13:09:55', 0, '0.00', ''),
(89, 49, 'Sudip - 377', ' ', '', '', 0, 'Sudip 377', 'Local', '', 0, NULL, 5000, 0, 0, 10, '2011-02-15 03:49:02', '2011-02-25 03:49:02', 1, 0, 0, '4', 3, '2011-02-15 15:19:02', 0, '0.00', ''),
(90, 15, 'test', ' ', '', '', 0, 'ddkkhkjk kjjhdshajkd', 'International', '', 0, NULL, 100, 0, 0, 20, '2011-02-15 04:28:51', '2011-03-07 04:28:51', 0, 0, 0, '12', 1, '2011-02-15 15:58:51', 0, '0.00', ''),
(91, 15, 'tstcase123', ' ', '', '', 0, 'test test', 'Local', '16Water lilies.jpg', 0, NULL, 100, 0, 0, 30, '2011-02-16 03:08:58', '2011-03-18 03:08:58', 0, 0, 0, '1,2', 1, '2011-02-16 14:38:58', 0, '0.00', ''),
(92, 59, 'Port scanning', ' ', '', '', 0, 'While I agree with the sentiment that port scanning should not be illegal, it is rarely wise to take legal advice from a T-shirt. Indeed, taking it from a software engineer and author is only slightly better. Speak to a competent lawyer within your jurisdiction for a better understanding of how the law applies to your particular situation. With that important disclaimer out of the way, Ill provide some general information that may prove helpful.', 'Local', '1934236_406235532342_722267342_4940613_6187447_n.jpg', 0, NULL, 700, 0, 0, 10, '2011-02-17 05:53:32', '2011-02-27 05:53:32', 0, 0, 0, '1,2,3,4,5,6,7,8,9,10,11,12', 3, '2011-02-17 17:23:32', 0, '0.00', ''),
(93, 15, 'test2case''s', ' ', '', '', 0, 'it is the text to check cases''', 'International', '375Water lilies.jpg', 0, NULL, 100, 0, 0, 30, '2011-02-17 06:23:41', '2011-03-19 06:23:41', 0, 0, 0, '1,2,3', 1, '2011-02-17 17:48:25', 0, '0.00', ''),
(94, 15, 'tstcase2', ' ', '', '', 0, 'test test...........', 'International', '414Blue hills.jpg', 0, NULL, 500, 0, 0, 30, '2011-02-18 03:09:39', '2011-03-20 03:09:39', 0, 0, 0, '1,2,3', 3, '2011-02-18 14:39:39', 0, '0.00', ''),
(95, 60, 'Murderdered a 101 year old man - lol', ' ', '', '', 0, 'Murderdered a 101 year old man - lolMurderdered a 101 year old man - lolMurderdered a 101 year old man - lolMurderdered a 101 year old man - lolMurderdered a 101 year old man - lolMurderdered a 101 year old man - lolMurderdered a 101 year old man - lolMurderdered a 101 year old man - lolMurderdered a 101 year old man - lolMurderdered a 101 year old man - lolMurderdered a 101 year old man - lolMurderdered a 101 year old man - lolMurderdered a 101 year old man - lol', 'Local', '256Registration_Form.pdf', 0, NULL, 2000, 0, 0, 10, '2011-02-18 07:14:45', '2011-02-28 07:14:45', 0, 0, 0, '4,10', 3, '2011-02-18 18:44:45', 0, '0.00', ''),
(96, 15, 'tst1', ' ', '', '', 0, 'test test...', 'International', '', 0, NULL, 10, 0, 0, 10, '2011-02-19 01:55:50', '2011-03-01 01:55:50', 0, 0, 0, '1,2,3', 1, '2011-02-19 13:25:51', 0, '0.00', ''),
(97, 15, 'tst2', ' ', '', '', 0, 'test test.....', 'Local', '', 0, NULL, 10, 0, 0, 10, '2011-02-19 02:01:23', '2011-03-01 02:01:23', 0, 0, 0, '1,2', 3, '2011-02-19 13:31:23', 0, '0.00', ''),
(98, 15, 'tst3', ' ', '', '', 0, 'test...', 'Local', '', 0, NULL, 10, 0, 0, 10, '2011-02-19 03:07:02', '2011-03-01 03:07:02', 0, 0, 0, '1,2', 4, '2011-02-19 14:37:02', 0, '0.00', ''),
(99, 62, 'Internet Terms and conditions', ' ', '', '', 0, 'I need terms and conditions on my website', 'Local', '757Apply Form.pdf', 0, NULL, 100, 0, 0, 5, '2011-02-22 03:21:44', '2011-02-27 03:21:44', 1, 0, 0, '7', 3, '2011-02-22 14:39:08', 0, '0.00', ''),
(100, 45, 'Case for basic human rights', ' ', '', '', 0, 'This is a case for basic human rights', 'Local', '141Water lilies.jpg', 0, NULL, 500, 0, 0, 60, '2011-02-23 03:54:57', '2011-04-24 03:54:57', 0, 0, 0, '1,2,3,4,5,6,7,8,9,10,11,12,13,14,15,16,17,18,19,20', 1, '2011-02-23 15:24:57', 0, '0.00', ''),
(101, 62, 'Partnership lawsuit', ' ', '', '', 0, 'My partner has taken control of my company and I need legal help to enforce our agreement wihich states that we share management responsibilities.', 'Local', '757Case Form.pdf', 0, NULL, 10000, 0, 0, 1, '2011-02-23 17:30:14', '2011-02-24 17:30:14', 0, 0, 1, '7', 3, '2011-02-24 05:00:14', 0, '0.00', ''),
(102, 62, 'Somebody tried to hack my bank account: cybercrime', ' ', '', '', 0, 'Somebody tried to hack my bank account: suspected cyber crime. Somebody tried to hack my bank account: suspected cyber crime.Somebody tried to hack my bank account: suspected cyber crime.Somebody tried to hack my bank account: suspected cyber crime.Somebody tried to hack my bank account: suspected cyber crime.', 'Local', '522DSC06571-s.jpg', 0, NULL, 750, 0, 0, 10, '2011-02-28 04:22:55', '2011-03-10 04:22:55', 0, 0, 0, '1,2,3,4,5,6,7,8,9,10,11,12,13,14,15,16,17,18,19,20,21,22,23,24,25,26,27,28,29,30,31,32,33,34,35,36,37,38,39,40,41,42,43,44', 3, '2011-02-28 15:52:55', 0, '0.00', ''),
(103, 62, 'Extortion in work place', ' ', '', '', 0, 'Extortion in work place Extortion in work place Extortion in work place Extortion in work place Extortion in work place Extortion in work place Extortion in work place Extortion in work place Extortion in work place Extortion in work place Extortion in work place Extortion in work place Extortion in work place Extortion in work place .', 'Local', '861Registration_Form.pdf', 0, NULL, 500, 0, 0, 10, '2011-03-01 04:33:58', '2011-03-11 04:33:58', 0, 0, 0, '1,2,3,4,5,6,7,8,9,10,11,12,13,14,15,16,17,18,19,20,21,22,23,24,25,26,27,28,29,30,31,32,33,34,35,36,37,38,39,40,41,42,43,44', 3, '2011-03-01 16:03:58', 0, '0.00', ''),
(104, 15, 'tstcase456', ' ', '', '', 0, 'test test.........', 'International', '', 0, NULL, 100, 0, 0, 10, '2011-03-03 06:13:02', '2011-03-13 06:13:02', 0, 0, 0, '1,2,3', 1, '2011-03-03 17:43:02', 0, '0.00', ''),
(105, 62, 'Company shareholders Agreement', ' ', '', '', 0, 'We are entering into partnership with several individuals and we need a proper agreement.', 'Local', '', 0, NULL, 2000, 0, 0, 3, '2011-03-03 21:21:40', '2011-03-06 21:21:40', 1, 1, 1, '7', 3, '2011-03-04 08:51:40', 0, '0.00', ''),
(106, 15, 'FirstCADcase1', ' ', '', '', 0, 'test test........', 'International', '988Winter.jpg', 0, NULL, 200, 0, 0, 30, '2011-03-09 05:42:40', '2011-04-08 05:42:40', 0, 0, 0, '1,2,3', 3, '2011-03-09 16:39:23', 2, '206.00', ''),
(107, 15, 'CADcase1', ' ', '', '', 0, 'test test.......', 'International', '852Winter.jpg', 0, NULL, 100, 0, 0, 30, '2011-03-09 05:47:26', '2011-04-08 05:47:26', 0, 0, 0, '1,2,3', 3, '2011-03-09 17:17:26', 2, '103.00', ''),
(108, 15, 'DED', ' ', '', '', 0, 'DEDED', 'Local', '95824.jpg', 0, NULL, 30, 0, 0, 5, '2011-03-31 05:11:58', '2011-04-05 05:11:58', 0, 0, 0, '1,2,3,5,6', 1, '2011-03-09 19:38:06', 1, '30.00', ''),
(109, 15, 'testcase1234', ' ', '', '', 0, 'test test test test test test test test test test test test test test test test test test test test test test test test test test test test test test test test test test test test test test test test test test test test', 'International', '333Water lilies.jpg', 0, NULL, 10, 0, 0, 30, '2011-03-14 07:11:42', '2011-04-13 07:11:42', 0, 0, 0, '1,2,3,4', 3, '2011-03-14 17:41:42', 1, '0.00', ''),
(110, 67, 'A test case to check currency', ' ', '', '', 0, 'This is a test case to check currency conversion.', 'International', '970calculator.png', 0, NULL, 300, 0, 0, 60, '2011-03-17 02:20:40', '2011-05-16 02:20:40', 0, 0, 0, '1,2,3,4,5,6', 1, '2011-03-17 12:50:41', 0, '0.00', ''),
(111, 67, 'Test a case for CAD', ' ', '', '', 0, 'test test...', 'International', '363calculator.png', 0, NULL, 100, 0, 0, 60, '2011-03-17 02:46:41', '2011-05-16 02:46:41', 0, 0, 0, '1,2,3', 3, '2011-03-17 13:16:40', 2, '101.00', ''),
(112, 67, 'TrialCase1', ' ', '', '', 0, 'This is a trial case posting...', 'International', '962Winter.jpg', 0, NULL, 100, 0, 0, 30, '2011-03-23 02:00:47', '2011-04-22 02:00:47', 0, 0, 0, '5,6,7,8,9,10,11,12,13,14', 3, '2011-03-23 12:30:47', 2, '102.00', ''),
(113, 67, 'TrialCase2', ' ', '', '', 0, 'Trial case description.', 'International', '338news.jpg', 0, NULL, 100, 0, 0, 30, '2011-03-23 02:16:17', '2011-04-22 02:16:17', 0, 0, 0, '1,2,3', 1, '2011-03-23 12:46:17', 2, '102.00', ''),
(114, 66, 'I will sue developers if project does not end by Friday', ' ', '', '', 0, 'I will sue developers if project does not end by Friday', 'Local', '563game software development.pdf', 0, NULL, 700, 0, 0, 10, '2011-03-23 06:40:49', '2011-04-02 06:40:49', 0, 0, 0, '1,2,3,4,5,6,7,8,9,10,11,12,13,14,15,16,17,18,19,20,21,22,23,24,25,26,27,28,29,30,31,32,33,34,35,36,37,38,39,40,41,42,43,44', 3, '2011-03-23 17:10:50', 2, '714.00', ''),
(115, 67, 'TrialCaseRD', ' ', '', '', 0, 'This is a test case to check currency conversion', 'International', '189calculator.png', 0, NULL, 200, 0, 0, 60, '2011-03-24 05:27:48', '2011-05-23 05:27:48', 0, 0, 0, '1,2,3,4,5,6,7,8,9,10,11,12,13,14,15', 3, '2011-03-24 15:57:48', 2, '204.00', ''),
(116, 15, 'Test case bid', ' ', '', '', 0, 'test test...', 'International', '', 0, NULL, 100, 0, 0, 60, '2011-03-28 09:31:35', '2011-05-27 09:31:35', 0, 0, 0, '1,2,3,4,5,6', 3, '2011-03-28 20:01:36', 1, '100.00', ''),
(117, 68, 'Somebody tried to hack my facebook account: cybercrime', ' ', '', '', 0, 'Somebody tried to hack my facebook account: cybercrimeSomebody tried to hack my facebook account: cybercrimeSomebody tried to hack my facebook account: cybercrimeSomebody tried to hack my facebook account: cybercrime.', 'Local', '160DSC01288.jpg', 0, NULL, 1000, 0, 0, 10, '2011-03-29 09:20:46', '2011-04-08 09:20:46', 0, 0, 0, '1,2,3,4,5,6,7,8,9,10,11,12,13,14,15,16,17,18,19,20,21,22,23,24,25,26,27,28,29,30,31,32,33,34,35,36,37,38,39,40,41,42,43,44', 3, '2011-03-29 19:50:47', 2, '1020.00', ''),
(118, 15, 'CheckBalanceCAD1', ' ', '', '', 0, 'To check the account balance...', 'International', '', 0, NULL, 500, 0, 0, 60, '2011-03-31 02:51:56', '2011-05-30 02:51:56', 0, 0, 0, '1,2,3,4,5,6', 3, '2011-03-31 13:21:56', 2, '515.00', ''),
(119, 69, 'I wanted to sue hackers', ' ', '', '', 0, 'This is a test case...', 'Local', '283Cheap-Cars.jpg', 0, NULL, 500, 0, 0, 60, '2011-03-31 05:14:45', '2011-05-30 05:14:45', 0, 0, 0, '1,2,3,5', 3, '2011-03-31 15:44:46', 2, '515.00', ''),
(120, 70, 'google is showing Kashmir out of India map', ' ', '', '', 0, 'google is showing Kashmir out of India mapgoogle is showing Kashmir out of India mapgoogle is showing Kashmir out of India mapgoogle is showing Kashmir out of India mapgoogle is showing Kashmir out of India mapgoogle is showing Kashmir out of India mapgoogle is showing Kashmir out of India mapgoogle is showing Kashmir out of India mapgoogle is showing Kashmir out of India mapgoogle is showing Kashmir out of India mapgoogle is showing Kashmir out of India mapgoogle is showing Kashmir out of India map.', 'Local', '754DSC01288.jpg', 0, NULL, 500, 0, 0, 20, '2011-04-06 04:50:08', '2011-04-26 04:50:08', 0, 0, 0, '19,28,29', 1, '2011-04-06 15:20:09', 2, '520.00', ''),
(121, 71, 'Terms and conditions for my website', ' ', '', '', 0, 'I need a lawyer to modify and rewrite terms and conditions for my website', 'Local', '', 0, NULL, 500, 0, 0, 3, '2011-04-07 01:58:01', '2011-04-10 01:58:01', 0, 0, 0, '7', 3, '2011-04-07 11:36:00', 2, '520.00', ''),
(122, 69, 'Fight against corporate exploitation', ' ', '', '', 0, 'This is a case to fight for your right in your work place', 'International', '973news.jpg', 0, NULL, 500, 0, 0, 60, '2011-04-13 05:33:37', '2011-06-12 05:33:37', 0, 0, 0, '1,2,3,4,5,6,7,8,9,10', 3, '2011-04-13 16:03:37', 2, '520.00', ''),
(123, 68, 'Trying to get my account back', ' ', '', '', 0, 'test case', 'Local', '516calculator.png', 0, NULL, 1000, 0, 0, 60, '2011-04-13 08:09:03', '2011-06-12 08:09:03', 0, 0, 0, '1,2,3,4,5,6,7,8,9,10', 3, '2011-04-13 18:39:03', 2, '1040.00', ''),
(124, 69, 'What to do with CAD?', ' ', '', '', 0, 'This is a test case posting', 'International', '86news.jpg', 0, NULL, 100, 0, 0, 30, '2011-04-14 08:35:05', '2011-05-14 08:35:05', 0, 0, 0, '1,2,3,4,5,6,7,8,9,10,11,12', 3, '2011-04-14 19:05:05', 2, '104.00', ''),
(125, 69, 'Closing a case', ' ', '', '', 0, 'This is a test description', 'International', '939news.jpg', 0, NULL, 10, 0, 0, 30, '2011-04-21 04:18:46', '2011-05-21 04:18:46', 0, 0, 0, '1,2,3,4,5,6,7', 6, '2011-04-21 14:48:46', 2, '10.50', ''),
(126, 73, 'Agency Agreement', ' ', '', '', 0, 'My Company is planning to open the Agency channel and I need to create an Agreement for Agents that will represent our Company.\r\nWe are in Advertising industry.', 'Local', '', 0, NULL, 250, 0, 0, 2, '2011-04-22 22:45:30', '2011-04-24 22:45:30', 0, 0, 0, '7', 3, '2011-04-23 09:15:30', 2, '262.50', ''),
(127, 73, 'Sheareholders Disagreement', ' ', '', '', 0, 'We are heading towards lawsuit and I wish to have a lawyer represent me. we are struggling who has rights to nominate the head of the company.', 'Local', '', 0, NULL, 10000, 0, 0, 2, '2011-04-22 23:36:31', '2011-04-24 23:36:31', 0, 0, 0, '7', 3, '2011-04-23 10:06:31', 2, '10500.00', ''),
(128, 15, 'DED', ' ', '', '', 0, 'test test test test...', 'International', '', 0, NULL, 100, 0, 0, 30, '2011-05-02 04:58:08', '2011-06-01 04:58:08', 0, 0, 0, '2,3,5', 1, '2011-05-02 15:28:08', 2, '105.00', ''),
(130, 15, 'CheckBidtype', ' ', '', '', 0, 'This is a test case', 'International', '', 0, NULL, 100, 0, 0, 60, '2011-05-03 05:16:30', '2011-07-02 05:16:30', 0, 0, 0, '2,3,5', 1, '2011-05-03 15:46:31', 2, '105.00', '3'),
(131, 15, 'CheckBidtype1', ' ', '', '', 0, 'This is a test case', 'International', '', 0, NULL, 200, 0, 0, 60, '2011-05-03 06:33:21', '2011-07-02 06:33:21', 0, 0, 0, '2,3,5', 1, '2011-05-03 17:03:22', 2, '210.00', '2'),
(132, 15, 'CheckBidtype2', ' ', '', '', 0, 'This is a test case.', 'International', '', 0, NULL, 100, 0, 0, 60, '2011-05-03 06:35:20', '2011-07-02 06:35:20', 0, 0, 0, '2,3,5', 1, '2011-05-03 17:05:21', 2, '105.00', '1');

-- --------------------------------------------------------

--
-- Table structure for table `lm_clarification_tbl`
--

CREATE TABLE IF NOT EXISTS `lm_clarification_tbl` (
  `ClarificationId` int(11) NOT NULL AUTO_INCREMENT,
  `ClarificationClientId` int(11) NOT NULL DEFAULT '0',
  `ClarificationLawyerId` int(11) NOT NULL DEFAULT '0',
  `ClarificationCaseId` int(11) NOT NULL DEFAULT '0',
  `ClarificationMessage` longtext NOT NULL,
  `ClarificationFlag` int(11) NOT NULL DEFAULT '1',
  `ClarificationDate` timestamp NOT NULL DEFAULT CURRENT_TIMESTAMP,
  PRIMARY KEY (`ClarificationId`)
) ENGINE=MyISAM  DEFAULT CHARSET=latin1 AUTO_INCREMENT=11 ;

--
-- Dumping data for table `lm_clarification_tbl`
--

INSERT INTO `lm_clarification_tbl` (`ClarificationId`, `ClarificationClientId`, `ClarificationLawyerId`, `ClarificationCaseId`, `ClarificationMessage`, `ClarificationFlag`, `ClarificationDate`) VALUES
(2, 15, 0, 5, 'dfghtrytry', 1, '2009-11-19 00:40:08'),
(3, 21, 0, 5, 'helloooooooooooo', 1, '2009-11-19 07:04:38'),
(10, 14, 0, 24, 'hello<br/>heloooooooo<br/>hellloooooooooooo', 1, '2009-11-25 06:26:26'),
(8, 23, 63, 30, 'plz check the message tht i sended u this morning', 1, '2009-11-23 22:24:04'),
(9, 23, 0, 30, 'hii<br/>', 1, '2009-11-23 22:53:34');

-- --------------------------------------------------------

--
-- Table structure for table `lm_clientdetail_tbl`
--

CREATE TABLE IF NOT EXISTS `lm_clientdetail_tbl` (
  `ClientId` int(11) NOT NULL AUTO_INCREMENT,
  `ClientUsername` varchar(255) DEFAULT NULL,
  `ClientFirstname` varchar(255) DEFAULT NULL,
  `ClientLastname` varchar(255) DEFAULT NULL,
  `ClientEmail` varchar(255) DEFAULT NULL,
  `ClientPassword` varchar(255) NOT NULL DEFAULT '',
  `ClientImage` varchar(255) DEFAULT NULL,
  `ClientAddress` varchar(255) DEFAULT NULL,
  `ClientZipcode` varchar(100) DEFAULT NULL,
  `ClientState` varchar(255) DEFAULT NULL,
  `ClientCountry` varchar(255) DEFAULT NULL,
  `ClientDescription` longtext,
  `ClientActivationcode` varchar(255) NOT NULL DEFAULT '',
  `ClientStatus` int(11) NOT NULL DEFAULT '1',
  `ClientJoinDate` timestamp NOT NULL DEFAULT CURRENT_TIMESTAMP,
  PRIMARY KEY (`ClientId`)
) ENGINE=MyISAM  DEFAULT CHARSET=latin1 AUTO_INCREMENT=81 ;

--
-- Dumping data for table `lm_clientdetail_tbl`
--

INSERT INTO `lm_clientdetail_tbl` (`ClientId`, `ClientUsername`, `ClientFirstname`, `ClientLastname`, `ClientEmail`, `ClientPassword`, `ClientImage`, `ClientAddress`, `ClientZipcode`, `ClientState`, `ClientCountry`, `ClientDescription`, `ClientActivationcode`, `ClientStatus`, `ClientJoinDate`) VALUES
(15, 'client', 'daniel1', 'islam1', 'user2@sritechnocrat.com', 'client', '99twitter_icon.png', 'rajajipuram', '123 AS', '36', '43', 'This is something to test...', '1', 2, '2009-11-03 23:32:56'),
(14, 'ashish', 'ashish', 'tiwari', 'user6@sritechnocrat.com', 'user6', '3-clinker-tiles.jpg', 'djf', '12345', '2', '254', 'djhfjdshfj jkfdgkd<br/>fkdljgfdjg<br/>gfdgkdfl<br/>reoiutoer', '1', 2, '2009-11-03 04:20:22'),
(21, 'praveen', 'praveen', 'dwivedi', 'praveen.dwivedi@sritechnocrat.com', 'praveen', '668image0033.gif', 'rajajipuram', '22601', '1', '254', 'me to test.<br/>testing<br/>testing..test', '1', 2, '2009-11-11 06:18:08'),
(22, 'vinay', 'dfkldsfjldjgkdf', 'fdghfhgfj', 'vinay86singh@gmail.com', 'vinay', '576flockstar.png', 'dgdfghfh', '56789', '2', '254', 'retgreytrhy', '1', 2, '2009-11-13 04:46:28'),
(23, 'lucas-bkp', 'lucas', 'Stolba', 'xenif911-bkp@yahoo.ca', 'jeftino', '510Water lilies.jpg', 'abcd', '22222', NULL, '254', 'lawyer', '1', 2, '2009-11-13 22:32:58'),
(32, 'user1', 'user', 'one', 'user4@sritechnocrat.com', 'user1', '5666client1.jpeg', '1625 Broadway, Suite 200<br/>Denver, Colorado 80202', '80202', '2', '43', 'Lawyer Sharon W. Grossenbach is a board certified bankruptcy lawyer , one of only a few in Colorado. She has been a Colorado bankruptcy lawyer for over 30 years. Let her experience work for you.', '1', 4, '2010-05-21 22:46:55'),
(26, 'danish', 'aaa', 'bbb', 'user1@sritechnocrat.com', '12345', '', 'qqqqqqqqqqqqqq', '12345', '', '254', 'qqqqqqdddddddddd', '91qGE2oCvNo', 2, '2010-02-11 05:54:02'),
(34, 'sri', NULL, NULL, 'contact@sritechnocrat.com', '', NULL, NULL, NULL, NULL, NULL, NULL, '52s7n7gS97F', 4, '2010-06-25 08:53:37'),
(35, 'rao', NULL, NULL, 'd_prao@yahoo.co.in', '', NULL, NULL, NULL, NULL, NULL, NULL, '4DxG0ImvdvR', 2, '2010-07-25 03:24:41'),
(33, 'LucasS', NULL, NULL, 'stolba.lucassadsfds@gmail.com', '', NULL, NULL, NULL, NULL, NULL, NULL, 'm3vei9hiah1', 4, '2010-06-23 22:38:58'),
(36, 'rao', NULL, NULL, 'd_prao@yahoo.com', '', NULL, NULL, NULL, NULL, NULL, NULL, '469p411mL45', 2, '2010-07-25 03:26:19'),
(37, 'rao', NULL, NULL, 'dprao50@gmail.com', '', NULL, NULL, NULL, NULL, NULL, NULL, '1', 2, '2010-07-30 01:14:21'),
(38, 'rensofttechnosys', NULL, NULL, 'admin@rensofttechnosys.com', '', NULL, NULL, NULL, NULL, NULL, NULL, 'L777H5xNzm6', 4, '2010-12-24 15:03:55'),
(46, 'RD', 'Rituparna', 'Das', 'rituparna.das123@exactlly.com', 'majuzyzad', '97Blue hills.jpg', '1234, test street', '12345', '1', '254', 'test account updated', '1', 1, '2011-01-24 21:02:03'),
(45, 'jayanta', 'Jayanta', 'Karmakat', 'jayanta.karmakar-bkp@exactlly.com', 'zubuzeqej', 'noimage.gif', 'ABC Street', '42344', '', '43', 'I am the biggest client!', '1', 1, '2011-01-24 19:39:57'),
(47, 'abcde', NULL, NULL, 'tedlui@hotmail.com', 'zyneqazes', NULL, NULL, NULL, NULL, NULL, NULL, 'MW7rRreUJ61', 1, '2011-02-01 14:45:53'),
(48, 'souvikclient', NULL, NULL, 'gosouvik@rediffmail.com', 'dumamydev', NULL, NULL, NULL, NULL, NULL, NULL, '1', 1, '2011-02-01 14:47:57'),
(49, 'alokc', 'Alok', 'Client', 'alok.das@exactlly.com', 'unybutara', 'noimage.gif', 'Salt Lake', '70091', '2194', '113', 'test', '1', 1, '2011-02-03 12:52:06'),
(50, 'LucasS-bkp', NULL, NULL, 'lovadokrovasfsfwr2351-bkp@gmail.com', 'uqyseqeve', NULL, NULL, NULL, NULL, NULL, NULL, '1', 1, '2011-02-03 13:00:36'),
(52, 'zsclient', NULL, NULL, 'gosouvik@zapak.com', 'ybysanaqy', NULL, NULL, NULL, NULL, NULL, NULL, 'xy5Uf3k4v2z', 1, '2011-02-05 11:48:58'),
(53, 'LucasS-bkp', 'Lucas', 'Stolba', 'lovadokrova1-bkp@gmail.com', 'tuzujyqet', 'noimage.gif', 'ABC Street111', '42344', '2183', '113', 'Jayanta tested....', '1', 1, '2011-02-05 13:39:49'),
(54, 'alokdas', 'alok', 'das', 'alok.das123@gmail.com', '123456', 'noimage.gif', '9 r r rd', '45352', '2171', '113', 'df gd.................', '1', 2, '2011-02-09 18:48:14'),
(55, 'aloke', 'Alok11''s', 'Das11''s', 'alok.das123@gmail.com', 'asuheqava', '33Blue hills.jpg', 'alok''s road', '123456', '2186', '113', 'my name is a''k''d', '1', 1, '2011-02-11 12:58:38'),
(56, 'biplob.bose', 'Biplob', 'Bose', 'biplob.bose@gmail.com', 'abajynyte', '84Water lilies.jpg', 'test addr....', '2222222', '2194', '113', '', '1', 1, '2011-02-14 12:54:24'),
(57, 'danial', NULL, NULL, 'danial@exactlly.com', 'ehuzynatu', NULL, NULL, NULL, NULL, NULL, NULL, 'I6gsodBgmeC', 1, '2011-02-16 15:01:50'),
(58, 'daniel', 'Daniel', 'O''Brien', 'daniel@exactlly.com', 'ybusejava', '32daniel_henney.jpg', '123456abcd', '1234567', '2194', '113', 'I have several cases for the lawyers to bid on.', '1', 1, '2011-02-16 15:08:10'),
(59, 'jayantaclient', 'Jayantaclient', 'Karmakarclient', 'jayanta.karmakarCL@exactlly.com', 'sunysesej', '56canadian.jpeg', 'Salt Lake City', '423445', '36', '43', 'I am a pay master!!', '1', 1, '2011-02-17 16:56:43'),
(60, 'jayantaCL', 'JayantaC', 'KarmakarC', 'karmakar.jayantaCL@gmail.com', 'jybureryh', '75canadian2.jpeg', 'Salt Lake City1', '423 VB', '4996', '43', '', '1', 1, '2011-02-18 18:33:01'),
(61, 'sherry', NULL, NULL, 'csw.info@yahoo.com', 'satedysen', NULL, NULL, NULL, NULL, NULL, NULL, '1', 1, '2011-02-19 01:58:11'),
(62, 'Lucas.Client', 'Lucas', 'client', 'lovadokrova1@gmail.com', 'anugatyvu', '4DSC_2129 __.jpg', '602 W Hastings', 'V6B1V2', '43', '43', 'Business owner', '1', 4, '2011-02-20 03:38:02'),
(63, 'aneta', NULL, NULL, 'stolba@ymail.com', 'atenyjeza', NULL, NULL, NULL, NULL, NULL, NULL, 'GkEu2u91029', 1, '2011-02-21 01:39:02'),
(65, 'rituparna123', NULL, NULL, 'rituparna.das1@exactlly.com', 'ynajavetu', NULL, NULL, NULL, NULL, NULL, NULL, 'v5JObkvhpS4', 1, '2011-02-25 21:14:06'),
(66, 'jclient123', 'Jayanta', 'Karmakar', 'jayanta.karmakar123@exactlly.com', '123456', 'noimage.gif', 'Salt Lake City', '42344', '43', '43', 'Lorem ipsum dolor sit amet, consectetuer adipiscing elit. Phasellus varius. Mauris vitae lectus consequat magna luctus sagittis. Mauris et odio. Sed orci. Praesent lorem mi, tempus in, scelerisque a, mattis ut, dui. Cras nisi felis, dignissim vitae, vulputate eu, facilisis eu, tortor.', '5WL8qFQxmj2', 1, '2011-03-16 16:35:23'),
(67, 'rituC12', 'Ritu', 'Client', 'rituparna.das12@exactlly.com', 'ajytaryte', '31twitter_icon.png', '123 test street', 'AZ 523', '37', '43', 'Hi, I am Ritu. Here acted as client.', 'W1SGdwsKt4S', 1, '2011-03-16 18:29:46'),
(68, 'appclient', 'Jay', 'Garay', 'jayanta.karmakar@exactlly.com', '123456', '9DSC01402.jpg', 'ABC Street', '423 VB', '43', '43', 'I have no issues with making payment as soon as the case is closed with success.', '1', 1, '2011-03-29 18:45:59'),
(69, 'rituC', 'Ritu', 'Client', 'rituparna.das@exactlly.com', '123456', '46pressrelease.jpg', '123, test street', 'AS - 306', '36', '43', 'Here as a client...', '1', 1, '2011-03-30 10:17:22'),
(70, 'yclient', 'Jag', 'Jassel', 'jayanta_rcc@yahoo.co.in', 'agadaqyge', '13DSC01277.jpg', 'Vincent', '96548', '43', '43', 'honest client', '1', 1, '2011-04-06 14:44:46'),
(71, 'Lucas_client', 'Lucas', 'Client', 'xenif911@yahoo.ca', 'lucas', '29DSC_2129 __.jpg', 'Vancouver', 'V5B1P2', '43', '43', 'Lucas Client, businessman', '1', 1, '2011-04-06 23:46:56'),
(72, 'rituC_test', NULL, NULL, 'rituparna.das@exactlly.com', 'ypuhevumu', NULL, NULL, NULL, NULL, NULL, NULL, '1', 4, '2011-04-20 12:32:06'),
(73, 'Client_Test', 'TEST', 'CLIENT', 'info@salesteam.ca', 'lucas', '44DSC_2129 __.jpg', '602 West Hastings #508', 'V6B1P2', '43', '43', 'self employed businessman', '1', 1, '2011-04-23 07:26:55'),
(74, 'sg2011', 'S', 'Das', 'soumik10@gmail.com', 'dujapuhus', 'noimage.gif', '12, S. D. Lane', '12345', '5268', '113', 'abcdef', '1', 1, '2011-04-29 11:28:10'),
(75, 'pranotosh', 'Pranotosh', 'Das', 'pranotoshbe@gmail.com', '123456', 'noimage.gif', 'Bangladesh', '3250', '5304', '20', 'sdfgsdfgsdfgsdfg', 'gafcN21XNIc', 1, '2011-05-03 11:12:01'),
(76, 'shakil', NULL, NULL, 'crobin789@gmail.com', 'dajesunyr', NULL, NULL, NULL, NULL, NULL, NULL, 'd42B5T6a4yt', 1, '2011-05-03 14:18:55'),
(77, 'test', NULL, NULL, 'testmr50@yahoo.com', 'emetemyzy', NULL, NULL, NULL, NULL, NULL, NULL, 'yHfSPJhsdPG', 1, '2011-05-03 14:26:13'),
(78, 'Kumar', NULL, NULL, 'kushal.ghosh@arcinfotec.com', 'muhaturam', NULL, NULL, NULL, NULL, NULL, NULL, 'LeY4b94tAa6', 1, '2013-03-11 17:06:07'),
(79, NULL, 'Ram', 'Lal', 'ram@gmail.com', '1234', NULL, NULL, '700093', NULL, NULL, NULL, '', 1, '2013-04-03 08:47:55'),
(80, NULL, 'Ram', 'Lal', 'ram@gmail.com', '123', NULL, NULL, '', NULL, NULL, NULL, '', 1, '2013-04-08 15:02:12');

-- --------------------------------------------------------

--
-- Table structure for table `lm_clientinvoice_tbl`
--

CREATE TABLE IF NOT EXISTS `lm_clientinvoice_tbl` (
  `ClientInvoiceId` int(11) NOT NULL AUTO_INCREMENT,
  `ClientInvoiceClientId` int(11) NOT NULL DEFAULT '0',
  `ClientInvoiceAmount` decimal(10,2) NOT NULL DEFAULT '0.00',
  `ClientInvoiceRemark` varchar(255) NOT NULL DEFAULT '',
  `ClientInvoiceDate` timestamp NOT NULL DEFAULT CURRENT_TIMESTAMP,
  `CurrencyId` int(11) NOT NULL DEFAULT '0',
  `CurrencyAmount` decimal(10,2) NOT NULL DEFAULT '0.00',
  PRIMARY KEY (`ClientInvoiceId`)
) ENGINE=MyISAM  DEFAULT CHARSET=latin1 AUTO_INCREMENT=285 ;

--
-- Dumping data for table `lm_clientinvoice_tbl`
--

INSERT INTO `lm_clientinvoice_tbl` (`ClientInvoiceId`, `ClientInvoiceClientId`, `ClientInvoiceAmount`, `ClientInvoiceRemark`, `ClientInvoiceDate`, `CurrencyId`, `CurrencyAmount`) VALUES
(1, 21, '5.00', 'Amount Submitted:5.00', '2009-12-05 01:00:54', 0, '0.00'),
(2, 23, '120.00', 'Amount Submitted:120.00', '2009-12-05 01:02:10', 0, '0.00'),
(5, 22, '27.00', 'Amount Submitted:27.00', '2009-12-07 22:32:31', 0, '0.00'),
(6, 22, '16.00', 'Case Post Fee: 16', '2009-12-07 22:37:06', 0, '0.00'),
(7, 15, '234.00', 'Amount Submitted:234.00', '2009-12-08 23:36:19', 0, '0.00'),
(8, 15, '324.00', 'Amount Submitted:324.00', '2009-12-08 23:37:59', 0, '0.00'),
(9, 15, '454.00', 'Escorw Amount:454', '2009-12-08 23:38:07', 0, '0.00'),
(10, 15, '648.00', 'Amount Submitted:648.00', '2009-12-08 23:43:54', 0, '0.00'),
(11, 15, '454.00', 'Escorw Amount:454', '2009-12-09 00:07:51', 0, '0.00'),
(12, 22, '567.00', 'Amount Submitted:567.00', '2009-12-09 01:46:41', 0, '0.00'),
(13, 22, '67.00', 'Escorw Amount:67', '2009-12-09 01:46:50', 0, '0.00'),
(14, 23, '500.00', 'Amount Submitted:500.00', '2009-12-09 02:17:31', 0, '0.00'),
(15, 23, '234.00', 'Escorw Amount:234', '2009-12-09 02:18:29', 0, '0.00'),
(16, 22, '234.00', 'Escorw Amount:234', '2009-12-09 03:14:00', 0, '0.00'),
(17, 14, '560.00', 'Amount Submitted:560.00', '2009-12-09 04:14:05', 0, '0.00'),
(18, 14, '150.00', 'Escorw Amount:150', '2009-12-09 04:18:49', 0, '0.00'),
(19, 14, '20.00', 'Escorw Amount:20', '2009-12-09 04:48:29', 0, '0.00'),
(20, 14, '60.00', 'Escorw Amount:60', '2009-12-09 04:57:28', 0, '0.00'),
(21, 14, '60.00', 'Escorw Amount:60', '2009-12-09 04:59:24', 0, '0.00'),
(22, 14, '30.00', 'Escorw Amount:30', '2009-12-09 05:00:59', 0, '0.00'),
(23, 15, '120.00', 'Escorw Amount:120', '2009-12-09 05:14:38', 0, '0.00'),
(24, 15, '350.00', 'Amount Submitted:350.00', '2009-12-11 21:56:54', 0, '0.00'),
(25, 15, '120.00', 'Escorw Amount:120', '2009-12-11 21:57:53', 0, '0.00'),
(26, 15, '120.00', 'Escorw Amount:120', '2009-12-11 21:58:56', 0, '0.00'),
(27, 15, '5.00', 'Escorw Amount:5', '2009-12-11 22:02:32', 0, '0.00'),
(28, 15, '5.00', 'Escorw Amount:5', '2009-12-11 22:03:49', 0, '0.00'),
(29, 15, '5.00', 'Escorw Amount:5', '2009-12-11 22:05:46', 0, '0.00'),
(30, 15, '10.00', 'Amount Submitted:10.00', '2009-12-11 22:45:42', 0, '0.00'),
(31, 15, '23.00', 'Escorw Amount:23', '2009-12-11 22:50:39', 0, '0.00'),
(32, 15, '0.00', 'Case Post Fee: 0', '2010-02-10 23:21:31', 0, '0.00'),
(33, 15, '0.00', 'Case Post Fee: 0', '2010-02-10 23:22:28', 0, '0.00'),
(34, 15, '0.00', 'Case Post Fee: 0', '2010-02-10 23:22:34', 0, '0.00'),
(35, 15, '5.00', 'Case Post Fee: 5', '2010-02-10 23:24:13', 0, '0.00'),
(36, 15, '15.00', 'Case Post Fee: 15', '2010-02-10 23:26:34', 0, '0.00'),
(37, 15, '5.00', 'Case Post Fee: 5', '2010-02-10 23:28:52', 0, '0.00'),
(38, 32, '120.00', 'Amount Submitted:120.00', '2010-05-21 23:02:14', 0, '0.00'),
(39, 32, '38.00', 'Case Post Fee: 38', '2010-05-21 23:04:10', 0, '0.00'),
(40, 32, '34.00', 'Escorw Amount:34', '2010-05-21 23:59:46', 0, '0.00'),
(41, 15, '8.00', 'Case Post Fee: 8', '2010-08-06 20:52:21', 0, '0.00'),
(42, 15, '18.00', 'Case Post Fee: 18', '2011-01-06 12:21:27', 0, '0.00'),
(43, 15, '18.00', 'Case Post Fee: 18', '2011-01-06 12:22:38', 0, '0.00'),
(44, 15, '18.00', 'Case Post Fee: 18', '2011-01-06 12:22:52', 0, '0.00'),
(45, 15, '18.00', 'Case Post Fee: 18', '2011-01-06 12:25:41', 0, '0.00'),
(46, 15, '18.00', 'Case Post Fee: 18', '2011-01-06 12:27:24', 0, '0.00'),
(47, 15, '18.00', 'Case Post Fee: 18', '2011-01-06 12:28:59', 0, '0.00'),
(48, 15, '18.00', 'Case Post Fee: 18', '2011-01-06 12:29:46', 0, '0.00'),
(49, 15, '18.00', 'Case Post Fee: 18', '2011-01-06 12:34:51', 0, '0.00'),
(50, 15, '18.00', 'Case Post Fee: 18', '2011-01-06 12:35:52', 0, '0.00'),
(51, 15, '18.00', 'Case Post Fee: 18', '2011-01-06 12:36:50', 0, '0.00'),
(52, 15, '18.00', 'Case Post Fee: 18', '2011-01-06 12:37:05', 0, '0.00'),
(53, 15, '18.00', 'Case Post Fee: 18', '2011-01-06 12:38:48', 0, '0.00'),
(54, 15, '1.00', 'Escorw Amount:1', '2011-01-11 12:26:34', 0, '0.00'),
(55, 15, '1.00', 'Escorw Amount:1', '2011-01-11 12:28:11', 0, '0.00'),
(56, 15, '2.00', 'Escorw Amount:2', '2011-01-11 12:35:28', 0, '0.00'),
(57, 15, '2.00', 'Escorw Amount:2', '2011-01-11 12:37:17', 0, '0.00'),
(58, 15, '2.00', 'Escorw Amount:2', '2011-01-11 12:39:39', 0, '0.00'),
(59, 15, '8.00', 'Case Post Fee: 8', '2011-01-11 12:44:39', 0, '0.00'),
(60, 15, '8.00', 'Case Post Fee: 8', '2011-01-11 13:33:10', 0, '0.00'),
(61, 15, '2.00', 'Escorw Amount:2', '2011-01-13 12:23:32', 0, '0.00'),
(62, 15, '58.00', 'Case Post Fee: 58', '2011-01-13 13:08:23', 0, '0.00'),
(63, 15, '1.00', 'Escorw Amount: 1.00', '2011-01-18 16:14:50', 0, '0.00'),
(64, 15, '3.00', 'Escorw Amount: 3.00', '2011-01-18 16:51:03', 0, '0.00'),
(65, 15, '1.00', 'Escorw Amount: 1.00', '2011-01-19 17:09:45', 0, '0.00'),
(66, 15, '28.00', 'Case Post Fee: 28', '2011-01-20 16:38:34', 0, '0.00'),
(67, 15, '28.00', 'Case Post Fee: 28', '2011-01-20 16:45:04', 0, '0.00'),
(68, 15, '8.00', 'Case Post Fee: 8', '2011-01-20 20:47:54', 0, '0.00'),
(69, 15, '8.00', 'Case Post Fee: 8', '2011-01-20 20:49:21', 0, '0.00'),
(70, 15, '8.00', 'Case Post Fee: 8', '2011-01-21 11:57:21', 0, '0.00'),
(71, 15, '8.00', 'Case Post Fee: 8', '2011-01-21 12:03:06', 0, '0.00'),
(72, 15, '8.00', 'Case Post Fee: 8', '2011-01-21 12:04:49', 0, '0.00'),
(73, 15, '8.00', 'Case Post Fee: 8', '2011-01-21 12:08:49', 0, '0.00'),
(74, 15, '8.00', 'Case Post Fee: 8', '2011-01-21 12:10:26', 0, '0.00'),
(75, 15, '8.00', 'Case Post Fee: 8', '2011-01-21 12:13:18', 0, '0.00'),
(76, 15, '8.00', 'Case Post Fee: 8', '2011-01-21 12:14:35', 0, '0.00'),
(77, 15, '8.00', 'Case Post Fee: 8', '2011-01-21 12:15:27', 0, '0.00'),
(78, 15, '8.00', 'Case Post Fee: 8', '2011-01-21 12:16:03', 0, '0.00'),
(79, 15, '8.00', 'Case Post Fee: 8', '2011-01-21 17:36:43', 0, '0.00'),
(80, 15, '8.00', 'Case Post Fee: 8', '2011-01-21 17:37:25', 0, '0.00'),
(81, 15, '8.00', 'Case Post Fee: 8', '2011-01-21 17:41:31', 0, '0.00'),
(82, 15, '8.00', 'Case Post Fee: 8', '2011-01-21 17:43:03', 0, '0.00'),
(83, 15, '8.00', 'Case Post Fee: 8', '2011-01-21 17:48:24', 0, '0.00'),
(84, 15, '8.00', 'Case Post Fee: 8', '2011-01-21 17:54:40', 0, '0.00'),
(85, 15, '8.00', 'Case Post Fee: 8', '2011-01-21 18:17:50', 0, '0.00'),
(86, 15, '8.00', 'Case Post Fee: 8', '2011-01-21 18:18:20', 0, '0.00'),
(87, 15, '8.00', 'Case Post Fee: 8', '2011-01-21 18:18:45', 0, '0.00'),
(88, 15, '8.00', 'Case Post Fee: 8', '2011-01-21 18:19:28', 0, '0.00'),
(89, 15, '8.00', 'Case Post Fee: 8', '2011-01-21 18:20:00', 0, '0.00'),
(90, 15, '8.00', 'Case Post Fee: 8', '2011-01-21 18:21:51', 0, '0.00'),
(91, 15, '8.00', 'Case Post Fee: 8', '2011-01-22 09:49:38', 0, '0.00'),
(92, 15, '1.00', 'Deposit Amount: 1.00', '2011-01-22 17:52:24', 0, '0.00'),
(93, 15, '8.00', 'Case Post Fee: 8', '2011-01-24 15:49:54', 0, '0.00'),
(94, 15, '8.00', 'Case Post Fee: 8', '2011-01-24 15:56:41', 0, '0.00'),
(95, 45, '1000.00', 'Deposit Amount: 1000.00', '2011-01-24 19:55:48', 0, '0.00'),
(96, 15, '500.00', 'Deposit Amount: 500.00', '2011-01-24 20:39:54', 0, '0.00'),
(97, 45, '1000.00', 'Deposit Amount: 1000.00', '2011-01-24 20:52:38', 0, '0.00'),
(98, 46, '1000.00', 'Deposit Amount: 1000.00', '2011-01-24 21:08:58', 0, '0.00'),
(99, 46, '500.00', 'Deposit Amount: 500.00', '2011-01-25 12:27:39', 0, '0.00'),
(100, 46, '100.00', 'Deposit Amount: 100.00', '2011-01-25 12:38:06', 0, '0.00'),
(101, 46, '50.00', 'Deposit Amount: 50.00', '2011-01-25 13:02:37', 0, '0.00'),
(102, 46, '8.00', 'Case Post Fee: 8', '2011-01-25 13:08:50', 0, '0.00'),
(103, 46, '8.00', 'Case Post Fee: 8', '2011-01-25 13:34:13', 0, '0.00'),
(104, 46, '8.00', 'Case Post Fee: 8', '2011-01-25 13:35:24', 0, '0.00'),
(105, 46, '8.00', 'Case Post Fee: 8', '2011-01-25 13:46:40', 0, '0.00'),
(106, 46, '8.00', 'Case Post Fee: 8', '2011-01-25 13:49:29', 0, '0.00'),
(107, 45, '1000.00', 'Deposit Amount: 1000.00', '2011-01-25 14:03:22', 0, '0.00'),
(108, 45, '18.00', 'Case Post Fee: 18', '2011-01-25 14:04:37', 0, '0.00'),
(109, 15, '8.00', 'Case Post Fee: 8', '2011-01-25 18:33:28', 0, '0.00'),
(110, 46, '8.00', 'Case Post Fee: 8', '2011-01-25 18:36:13', 0, '0.00'),
(111, 45, '500.00', 'Escorw Amount: 500.00', '2011-01-27 19:27:56', 0, '0.00'),
(112, 15, '1.00', 'Escorw Amount: 1', '2011-01-28 14:26:24', 0, '0.00'),
(113, 15, '1.00', 'Escorw Amount: 1', '2011-01-28 14:28:48', 0, '0.00'),
(114, 15, '1.00', 'Escorw Amount: 1', '2011-01-28 14:29:38', 0, '0.00'),
(115, 15, '2.00', 'Escorw Amount: 2', '2011-01-28 14:33:25', 0, '0.00'),
(116, 15, '3.00', 'Escorw Amount: 3', '2011-01-28 14:40:30', 0, '0.00'),
(117, 15, '1.00', 'Escorw Amount: 1', '2011-01-28 14:47:55', 0, '0.00'),
(118, 15, '10.00', 'Escorw Amount: 10.00', '2011-01-28 14:53:31', 0, '0.00'),
(119, 15, '10.00', 'Escorw Amount: 10.00', '2011-01-28 14:54:28', 0, '0.00'),
(120, 15, '10.00', 'Escorw Amount: 10.00', '2011-01-28 14:55:32', 0, '0.00'),
(121, 15, '10.00', 'Escorw Amount: 10.00', '2011-01-28 14:56:58', 0, '0.00'),
(122, 15, '10.00', 'Escorw Amount: 10.00', '2011-01-28 14:58:25', 0, '0.00'),
(123, 45, '100.00', 'Confirm Release Request Amount: 100.00', '2011-01-28 16:44:08', 0, '0.00'),
(124, 15, '8.00', 'Case Post Fee: 8', '2011-01-31 12:37:59', 0, '0.00'),
(125, 48, '500.00', 'Deposit Amount: 500.00', '2011-02-01 15:02:02', 0, '0.00'),
(126, 48, '100.00', 'Deposit Amount: 100.00', '2011-02-01 16:09:10', 0, '0.00'),
(127, 48, '100.00', 'Deposit Amount: 100.00', '2011-02-01 16:09:51', 0, '0.00'),
(128, 15, '8.00', 'Case Post Fee: 8', '2011-02-01 16:29:44', 0, '0.00'),
(129, 48, '100.00', 'Deposit Amount: 100.00', '2011-02-01 16:32:35', 0, '0.00'),
(130, 48, '500.00', 'Deposit Amount: 500.00', '2011-02-01 16:35:59', 0, '0.00'),
(131, 48, '18.00', 'Case Post Fee: 18', '2011-02-01 16:40:10', 0, '0.00'),
(132, 48, '8.00', 'Case Post Fee: 8', '2011-02-01 16:42:07', 0, '0.00'),
(133, 45, '18.00', 'Case Post Fee: 18', '2011-02-01 20:52:03', 0, '0.00'),
(134, 45, '500.00', 'Deposit Amount: 500.00', '2011-02-03 18:58:11', 0, '0.00'),
(135, 45, '200.00', 'Escorw Amount: 200', '2011-02-03 22:13:32', 0, '0.00'),
(136, 50, '200.00', 'Deposit Amount: 200.00', '2011-02-05 02:55:38', 0, '0.00'),
(137, 50, '18.00', 'Case Post Fee: 18', '2011-02-05 03:13:58', 0, '0.00'),
(138, 50, '18.00', 'Case Post Fee: 18', '2011-02-05 03:16:11', 0, '0.00'),
(139, 50, '18.00', 'Case Post Fee: 18', '2011-02-05 03:18:39', 0, '0.00'),
(140, 46, '28.00', 'Case Post Fee: 28', '2011-02-05 10:49:28', 0, '0.00'),
(141, 49, '500.00', 'Deposit Amount: 500.00', '2011-02-05 11:06:43', 0, '0.00'),
(142, 49, '500.00', 'Deposit Amount: 500.00', '2011-02-05 11:06:58', 0, '0.00'),
(143, 46, '100.00', 'Deposit Amount: 100.00', '2011-02-05 11:13:48', 0, '0.00'),
(144, 46, '50.00', 'Deposit Amount: 50.00', '2011-02-05 11:19:53', 0, '0.00'),
(145, 46, '8.00', 'Case Post Fee: 8', '2011-02-05 11:33:46', 0, '0.00'),
(146, 46, '100.00', 'Deposit Amount: 100.00', '2011-02-05 11:51:54', 0, '0.00'),
(147, 46, '100.00', 'Deposit Amount: 100.00', '2011-02-05 13:09:11', 0, '0.00'),
(148, 53, '1000.00', 'Deposit Amount: 1000.00', '2011-02-05 14:16:36', 0, '0.00'),
(149, 53, '18.00', 'Case Post Fee: 18', '2011-02-05 14:20:10', 0, '0.00'),
(150, 45, '8.00', 'Case Post Fee: 8', '2011-02-05 14:22:21', 0, '0.00'),
(151, 45, '100.00', 'Deposit Amount: 100.00', '2011-02-07 20:26:00', 0, '0.00'),
(152, 53, '28.00', 'Case Post Fee: 28', '2011-02-08 05:55:28', 0, '0.00'),
(153, 53, '40.00', 'Deposit Amount: 40.00', '2011-02-08 11:08:45', 0, '0.00'),
(154, 53, '40.00', 'Deposit Amount: 40.00', '2011-02-08 11:12:00', 0, '0.00'),
(155, 53, '40.00', 'Deposit Amount: 40.00', '2011-02-08 11:12:10', 0, '0.00'),
(156, 53, '10.00', 'Escorw Amount: 10', '2011-02-08 12:02:57', 0, '0.00'),
(157, 53, '30.00', 'Escorw Amount: 30', '2011-02-08 12:18:50', 0, '0.00'),
(158, 53, '55.00', 'Escorw Amount: 55', '2011-02-08 12:25:45', 0, '0.00'),
(159, 53, '8.00', 'Case Post Fee: 8', '2011-02-09 18:45:37', 0, '0.00'),
(160, 15, '8.00', 'Case Post Fee: 8', '2011-02-10 15:45:16', 0, '0.00'),
(161, 49, '18.00', 'Case Post Fee: 18', '2011-02-11 13:09:55', 0, '0.00'),
(162, 49, '50.00', 'Escorw Amount: 50', '2011-02-11 16:42:27', 0, '0.00'),
(163, 45, '100.00', 'Escorw Amount: 100', '2011-02-14 20:02:25', 0, '0.00'),
(164, 49, '18.00', 'Case Post Fee: 18', '2011-02-15 15:19:02', 0, '0.00'),
(165, 15, '8.00', 'Case Post Fee: 8', '2011-02-15 15:58:51', 0, '0.00'),
(166, 15, '8.00', 'Case Post Fee: 8', '2011-02-15 15:59:08', 0, '0.00'),
(167, 49, '100.00', 'Escorw Amount: 100', '2011-02-15 20:19:14', 0, '0.00'),
(168, 49, '100.00', 'Escorw Amount: 100', '2011-02-15 20:29:00', 0, '0.00'),
(169, 15, '8.00', 'Case Post Fee: 8', '2011-02-16 14:38:58', 0, '0.00'),
(170, 15, '8.00', 'Case Post Fee: 8', '2011-02-16 14:45:13', 0, '0.00'),
(171, 15, '8.00', 'Case Post Fee: 8', '2011-02-16 14:56:38', 0, '0.00'),
(172, 15, '8.00', 'Case Post Fee: 8', '2011-02-16 14:57:21', 0, '0.00'),
(173, 58, '20.00', 'Deposit Amount: 20.00', '2011-02-16 16:36:30', 0, '0.00'),
(174, 59, '200.00', 'Deposit Amount: 200.00', '2011-02-17 17:16:11', 0, '0.00'),
(175, 59, '8.00', 'Case Post Fee: 8', '2011-02-17 17:17:55', 0, '0.00'),
(176, 59, '8.00', 'Case Post Fee: 8', '2011-02-17 17:21:46', 0, '0.00'),
(177, 59, '8.00', 'Case Post Fee: 8', '2011-02-17 17:23:32', 0, '0.00'),
(178, 15, '8.00', 'Case Post Fee: 8', '2011-02-17 17:48:25', 0, '0.00'),
(179, 15, '200.00', 'Deposit Amount: 200.00', '2011-02-17 19:03:09', 0, '0.00'),
(180, 15, '100.00', 'Deposit Amount: 100.00', '2011-02-17 20:03:48', 0, '0.00'),
(181, 15, '8.00', 'Case Post Fee: 8', '2011-02-18 14:39:39', 0, '0.00'),
(182, 15, '100.00', 'Escorw Amount: 100.00', '2011-02-18 17:19:34', 0, '0.00'),
(183, 60, '100.00', 'Deposit Amount: 100.00', '2011-02-18 18:41:31', 0, '0.00'),
(184, 60, '8.00', 'Case Post Fee: 8', '2011-02-18 18:44:45', 0, '0.00'),
(185, 60, '500.00', 'Escorw Amount: 500.00', '2011-02-18 20:35:43', 0, '0.00'),
(186, 15, '8.00', 'Case Post Fee: 8', '2011-02-19 13:25:50', 0, '0.00'),
(187, 15, '8.00', 'Case Post Fee: 8', '2011-02-19 13:30:52', 0, '0.00'),
(188, 15, '8.00', 'Case Post Fee: 8', '2011-02-19 13:31:23', 0, '0.00'),
(189, 15, '8.00', 'Case Post Fee: 8', '2011-02-19 14:37:02', 0, '0.00'),
(190, 60, '102.00', 'Amount Submitted:102.00', '2011-02-22 14:11:45', 0, '0.00'),
(191, 62, '250.00', 'Amount Submitted:250.00', '2011-02-22 14:31:43', 0, '0.00'),
(192, 62, '18.00', 'Case Post Fee: 18', '2011-02-22 14:39:08', 0, '0.00'),
(193, 45, '8.00', 'Case Post Fee: 8', '2011-02-23 15:24:57', 0, '0.00'),
(194, 62, '200.00', 'Amount Submitted:200.00', '2011-02-24 04:45:40', 0, '0.00'),
(195, 62, '28.00', 'Case Post Fee: 28', '2011-02-24 05:00:14', 0, '0.00'),
(196, 62, '220.00', 'Escorw Amount: 220', '2011-02-24 08:32:36', 0, '0.00'),
(197, 62, '8.00', 'Case Post Fee: 8', '2011-02-28 15:52:55', 0, '0.00'),
(198, 62, '200.00', 'Amount Submitted:200.00', '2011-02-28 18:32:08', 0, '0.00'),
(199, 62, '8.00', 'Case Post Fee: 8', '2011-03-01 16:03:58', 0, '0.00'),
(200, 62, '300.00', 'Escorw Amount: 300', '2011-03-01 16:48:42', 0, '0.00'),
(201, 15, '1.00', 'Amount Submitted:1.00', '2011-03-02 16:26:19', 0, '0.00'),
(202, 15, '1.00', 'Deposit Amount: 1.00', '2011-03-02 16:28:26', 0, '0.00'),
(203, 15, '1.00', 'Deposit Amount: 1.00', '2011-03-02 16:42:01', 0, '0.00'),
(204, 15, '1.00', 'Amount Submitted:1.00', '2011-03-02 17:01:50', 0, '0.00'),
(205, 15, '8.00', 'Case Post Fee: 8', '2011-03-03 17:43:02', 0, '0.00'),
(206, 62, '500.00', 'Amount Submitted:500.00', '2011-03-04 08:26:10', 0, '0.00'),
(207, 62, '58.00', 'Case Post Fee: 58', '2011-03-04 08:51:40', 0, '0.00'),
(208, 62, '120.00', 'Escorw Amount: 120', '2011-03-05 02:16:43', 0, '0.00'),
(209, 15, '50.00', 'Escorw Amount: 50', '2011-03-07 14:40:13', 0, '0.00'),
(210, 15, '8.00', 'Case Post Fee: 8', '2011-03-09 15:55:59', 0, '0.00'),
(211, 15, '8.00', 'Case Post Fee: 8', '2011-03-09 16:39:23', 0, '7.76'),
(212, 15, '8.00', 'Case Post Fee: 8', '2011-03-09 17:17:26', 2, '7.76'),
(213, 15, '8.00', 'Case Post Fee: 8', '2011-03-09 19:38:05', 0, '0.00'),
(214, 15, '10.30', 'Amount Submitted:10.3', '2011-03-10 13:10:25', 2, '10.00'),
(215, 15, '2.00', 'Amount Submitted:2.00', '2011-03-10 13:20:45', 1, '2.00'),
(216, 15, '10.00', 'Escorw Amount: 10', '2011-03-14 11:50:49', 0, '0.00'),
(217, 15, '1.03', 'Escorw Amount: 1.03', '2011-03-14 15:40:10', 2, '1.00'),
(218, 15, '8.00', 'Case Post Fee: 8', '2011-03-14 17:41:42', 1, '0.00'),
(219, 15, '8.00', 'Case Post Fee: 8', '2011-03-14 17:53:12', 1, '0.00'),
(220, 15, '0.00', 'Escorw Amount: 0', '2011-03-14 18:09:27', 1, '10.00'),
(221, 15, '1.00', 'Escorw Amount: 1.00', '2011-03-14 18:41:37', 1, '1.00'),
(222, 15, '9.00', 'Escorw Amount: 9.00', '2011-03-14 18:53:43', 1, '9.00'),
(223, 67, '500.00', 'Amount Submitted:500.00', '2011-03-17 12:40:25', 1, '500.00'),
(224, 67, '100.00', 'Deposit Amount: 100.00', '2011-03-17 12:46:44', 0, '0.00'),
(225, 67, '8.00', 'Case Post Fee: 8', '2011-03-17 12:50:40', 0, '0.00'),
(226, 67, '8.00', 'Case Post Fee: 8', '2011-03-17 13:16:40', 2, '0.00'),
(227, 67, '50.50', 'Escorw Amount: 50.5', '2011-03-17 14:48:56', 2, '50.00'),
(228, 67, '20.20', 'Escorw Amount: 20.2', '2011-03-17 19:05:51', 2, '20.00'),
(229, 67, '8.00', 'Case Post Fee: 8', '2011-03-23 12:30:47', 2, '7.84'),
(230, 67, '8.00', 'Case Post Fee: 8', '2011-03-23 12:46:17', 2, '7.84'),
(231, 66, '1000.00', 'Deposit Amount: 1000.00', '2011-03-23 16:32:56', 0, '0.00'),
(232, 66, '8.00', 'Case Post Fee: 8', '2011-03-23 17:10:50', 2, '7.84'),
(233, 67, '100.00', 'Amount Submitted:100.00', '2011-03-24 13:06:10', 1, '100.00'),
(234, 67, '1.00', 'Amount Submitted:1.00', '2011-03-24 14:57:44', 1, '1.00'),
(235, 67, '1.00', 'Amount Submitted:1.00', '2011-03-24 15:02:53', 1, '1.00'),
(236, 67, '2.00', 'Amount Submitted:2.00', '2011-03-24 15:07:31', 1, '2.00'),
(237, 67, '102.00', 'Amount Submitted:102', '2011-03-24 15:32:42', 2, '100.00'),
(238, 67, '8.00', 'Case Post Fee: 8', '2011-03-24 15:57:48', 2, '7.84'),
(239, 67, '102.00', 'Escorw Amount: 102', '2011-03-24 19:20:26', 2, '100.00'),
(240, 15, '8.00', 'Case Post Fee: 8', '2011-03-28 20:01:36', 1, '0.00'),
(241, 68, '300.00', 'Deposit Amount: 300.00', '2011-03-29 19:44:30', 0, '0.00'),
(242, 68, '8.00', 'Case Post Fee: 8', '2011-03-29 19:50:46', 2, '7.84'),
(243, 68, '1200.00', 'Deposit Amount: 1200.00', '2011-03-30 13:35:37', 0, '0.00'),
(244, 15, '8.00', 'Case Post Fee: 8', '2011-03-31 13:21:56', 2, '7.76'),
(245, 15, '515.00', 'Escorw Amount: 515', '2011-03-31 14:31:41', 2, '500.00'),
(246, 69, '1030.00', 'Amount Submitted:1030', '2011-03-31 15:25:28', 2, '1000.00'),
(247, 69, '8.00', 'Case Post Fee: 8', '2011-03-31 15:44:46', 2, '7.76'),
(248, 69, '412.00', 'Escorw Amount: 412', '2011-03-31 17:49:57', 2, '400.00'),
(249, 68, '1030.00', 'Escorw Amount: 1030', '2011-03-31 20:09:39', 2, '1000.00'),
(250, 15, '10.30', 'Deposit Amount: 10.3', '2011-04-01 18:16:45', 2, '10.00'),
(251, 15, '10.00', 'Deposit Amount: 10.00', '2011-04-01 18:20:09', 0, '0.00'),
(252, 15, '1.00', 'Deposit Amount: 1.00', '2011-04-01 18:23:08', 0, '0.00'),
(253, 15, '1.04', 'Deposit Amount: 1.04', '2011-04-01 18:26:26', 2, '1.00'),
(254, 70, '8.32', 'Deposit Amount: 8.32', '2011-04-06 15:16:04', 2, '8.00'),
(255, 70, '8.00', 'Case Post Fee: 8', '2011-04-06 15:20:08', 2, '7.68'),
(256, 71, '20.80', 'Deposit Amount: 20.8', '2011-04-07 11:31:50', 2, '20.00'),
(257, 71, '8.00', 'Case Post Fee: 8', '2011-04-07 11:36:00', 2, '7.68'),
(258, 71, '630.00', 'Deposit Amount: 630', '2011-04-08 11:41:39', 2, '600.00'),
(259, 71, '117.60', 'Escorw Amount: 117.6', '2011-04-08 12:06:03', 2, '112.00'),
(260, 71, '117.60', 'Escorw Amount: 117.6', '2011-04-08 12:53:21', 2, '112.00'),
(261, 69, '104.00', 'Deposit Amount: 104', '2011-04-13 15:30:55', 2, '100.00'),
(262, 69, '8.00', 'Case Post Fee: 8', '2011-04-13 16:03:37', 2, '7.68'),
(263, 69, '208.00', 'Escorw Amount: 208', '2011-04-13 17:06:52', 2, '200.00'),
(264, 69, '208.00', 'Escorw Amount: 208', '2011-04-13 18:26:37', 2, '200.00'),
(265, 68, '8.00', 'Case Post Fee: 8', '2011-04-13 18:39:02', 2, '7.68'),
(266, 68, '208.00', 'Deposit Amount: 208', '2011-04-13 19:08:08', 2, '200.00'),
(267, 68, '520.00', 'Escorw Amount: 520', '2011-04-13 19:27:40', 2, '500.00'),
(268, 71, '181.18', 'Escorw Amount: 181.1784', '2011-04-14 02:55:32', 2, '174.21'),
(269, 69, '8.00', 'Case Post Fee: 8', '2011-04-14 19:05:05', 2, '7.76'),
(270, 69, '12.48', 'Escorw Amount: 12.48', '2011-04-14 20:11:14', 2, '12.00'),
(271, 69, '31.20', 'Deposit Amount: 31.2', '2011-04-16 11:36:37', 2, '30.00'),
(272, 69, '4.16', 'Escorw Amount: 4.16', '2011-04-16 12:36:17', 2, '4.00'),
(273, 69, '8.00', 'Case Post Fee: 8', '2011-04-21 14:48:45', 2, '7.60'),
(274, 69, '10.60', 'Escorw Amount: 10.60', '2011-04-21 14:55:00', 2, '10.00'),
(275, 73, '315.00', 'Deposit Amount: 315', '2011-04-23 09:00:54', 2, '300.00'),
(276, 73, '8.00', 'Case Post Fee: 8', '2011-04-23 09:15:30', 2, '7.60'),
(277, 73, '8.00', 'Case Post Fee: 8', '2011-04-23 09:39:21', 2, '7.60'),
(278, 73, '8.00', 'Case Post Fee: 8', '2011-04-23 10:06:31', 2, '7.60'),
(279, 73, '262.50', 'Escorw Amount: 262.50', '2011-04-24 03:11:13', 2, '250.00'),
(280, 15, '8.00', 'Case Post Fee: 8', '2011-05-02 15:28:08', 2, '7.60'),
(281, 15, '8.00', 'Case Post Fee: 8', '2011-05-03 15:42:02', 2, '7.60'),
(282, 15, '8.00', 'Case Post Fee: 8', '2011-05-03 15:46:31', 2, '7.60'),
(283, 15, '8.00', 'Case Post Fee: 8', '2011-05-03 17:03:22', 2, '7.60'),
(284, 15, '8.00', 'Case Post Fee: 8', '2011-05-03 17:05:21', 2, '7.60');

-- --------------------------------------------------------

--
-- Table structure for table `lm_commission_tbl`
--

CREATE TABLE IF NOT EXISTS `lm_commission_tbl` (
  `CommissionId` int(11) NOT NULL AUTO_INCREMENT,
  `CommissionFor` varchar(255) NOT NULL,
  `CommissionAmount` int(11) NOT NULL DEFAULT '0',
  PRIMARY KEY (`CommissionId`)
) ENGINE=MyISAM  DEFAULT CHARSET=latin1 AUTO_INCREMENT=3 ;

--
-- Dumping data for table `lm_commission_tbl`
--

INSERT INTO `lm_commission_tbl` (`CommissionId`, `CommissionFor`, `CommissionAmount`) VALUES
(1, 'Commission 1', 0),
(2, 'Commission 2', 0);

-- --------------------------------------------------------

--
-- Table structure for table `lm_country_tbl`
--

CREATE TABLE IF NOT EXISTS `lm_country_tbl` (
  `CountryId` int(11) NOT NULL AUTO_INCREMENT,
  `Country` varchar(255) NOT NULL,
  `FIPS104` varchar(100) NOT NULL,
  `ISO2` varchar(100) NOT NULL,
  `ISO3` varchar(100) NOT NULL,
  `ISON` varchar(11) NOT NULL,
  `Internet` varchar(100) NOT NULL,
  `Capital` varchar(255) NOT NULL,
  `MapReference` varchar(255) NOT NULL,
  `NationalitySingular` varchar(255) NOT NULL,
  `NationalityPlural` varchar(255) NOT NULL,
  `Currency` varchar(255) NOT NULL,
  `CurrencyCode` varchar(100) NOT NULL,
  `Population` int(11) NOT NULL,
  `Title` varchar(255) NOT NULL,
  `Comment` text,
  PRIMARY KEY (`CountryId`)
) ENGINE=MyISAM  DEFAULT CHARSET=latin1 AUTO_INCREMENT=276 ;

--
-- Dumping data for table `lm_country_tbl`
--

INSERT INTO `lm_country_tbl` (`CountryId`, `Country`, `FIPS104`, `ISO2`, `ISO3`, `ISON`, `Internet`, `Capital`, `MapReference`, `NationalitySingular`, `NationalityPlural`, `Currency`, `CurrencyCode`, `Population`, `Title`, `Comment`) VALUES
(1, 'Afghanistan', 'AF', 'AF', 'AFG', '4', 'AF', 'Kabul ', 'Asia ', 'Afghan', 'Afghans', 'Afghani ', 'AFA', 26813057, 'Afghanistan', NULL),
(2, 'Albania', 'AL', 'AL', 'ALB', '8', 'AL', 'Tirana ', 'Europe ', 'Albanian', 'Albanians', 'Lek ', 'ALL', 3510484, 'Albania', NULL),
(3, 'Algeria', 'AG', 'DZ', 'DZA', '12', 'DZ', 'Algiers ', 'Africa ', 'Algerian', 'Algerians', 'Algerian Dinar ', 'DZD', 31736053, 'Algeria', NULL),
(4, 'American Samoa', 'AQ', 'AS', 'ASM', '16', 'AS', 'Pago Pago ', 'Oceania ', 'American Samoan', 'American Samoans', 'US Dollar', 'USD', 67084, 'American Samoa', NULL),
(5, 'Andorra', 'AN', 'AD', 'AND', '20', 'AD', 'Andorra la Vella ', 'Europe ', 'Andorran', 'Andorrans', 'Euro', 'EUR', 67627, 'Andorra', NULL),
(6, 'Angola', 'AO', 'AO', 'AGO', '24', 'AO', 'Luanda ', 'Africa ', 'Angolan', 'Angolans', 'Kwanza ', 'AOA', 10366031, 'Angola', NULL),
(7, 'Anguilla', 'AV', 'AI', 'AIA', '660', 'AI', 'The Valley ', 'Central America and the Caribbean ', 'Anguillan', 'Anguillans', 'East Caribbean Dollar ', 'XCD', 12132, 'Anguilla', NULL),
(8, 'Antarctica', 'AY', 'AQ', 'ATA', '10', 'AQ', '', 'Antarctic Region ', '', '', '', '', 0, 'Antarctica', 'ISO defines as the territory south of 60 degrees south latitude'),
(9, 'Antigua and Barbuda', 'AC', 'AG', 'ATG', '28', 'AG', 'Saint John''s ', 'Central America and the Caribbean ', 'Antiguan and Barbudan', 'Antiguans and Barbudans', 'East Caribbean Dollar ', 'XCD', 66970, 'Antigua and Barbuda', NULL),
(10, 'Argentina', 'AR', 'AR', 'ARG', '32', 'AR', 'Buenos Aires ', 'South America ', 'Argentine', 'Argentines', 'Argentine Peso ', 'ARS', 37384816, 'Argentina', NULL),
(11, 'Armenia', 'AM', 'AM', 'ARM', '51', 'AM', 'Yerevan ', 'Commonwealth of Independent States ', 'Armenian', 'Armenians', 'Armenian Dram ', 'AMD', 3336100, 'Armenia', NULL),
(12, 'Aruba', 'AA', 'AW', 'ABW', '533', 'AW', 'Oranjestad ', 'Central America and the Caribbean ', 'Aruban', 'Arubans', 'Aruban Guilder', 'AWG', 70007, 'Aruba', NULL),
(13, 'Ashmore and Cartier', 'AT', '--', '-- ', '--', '--', '', 'Southeast Asia ', '', '', '', '', 0, 'Ashmore and Cartier', 'ISO includes with Australia'),
(14, 'Australia', 'AS', 'AU', 'AUS', '36', 'AU', 'Canberra ', 'Oceania ', 'Australian', 'Australians', 'Australian dollar ', 'AUD', 19357594, 'Australia', 'ISO includes Ashmore and Cartier Islands,Coral Sea Islands'),
(15, 'Austria', 'AU', 'AT', 'AUT', '40', 'AT', 'Vienna ', 'Europe ', 'Austrian', 'Austrians', 'Euro', 'EUR', 8150835, 'Austria', NULL),
(16, 'Azerbaijan', 'AJ', 'AZ', 'AZE', '31', 'AZ', 'Baku (Baki) ', 'Commonwealth of Independent States ', 'Azerbaijani', 'Azerbaijanis', 'Azerbaijani Manat ', 'AZM', 7771092, 'Azerbaijan', NULL),
(17, 'The Bahamas', 'BF', 'BS', 'BHS', '44', 'BS', 'Nassau ', 'Central America and the Caribbean ', 'Bahamian', 'Bahamians', 'Bahamian Dollar ', 'BSD', 297852, 'The Bahamas', NULL),
(18, 'Bahrain', 'BA', 'BH', 'BHR', '48', 'BH', 'Manama ', 'Middle East ', 'Bahraini', 'Bahrainis', 'Bahraini Dinar ', 'BHD', 645361, 'Bahrain', NULL),
(19, 'Baker Island', 'FQ', '--', '-- ', '--', '--', '', 'Oceania ', '', '', '', '', 0, 'Baker Island', 'ISO includes with the US Minor Outlying Islands'),
(20, 'Bangladesh', 'BG', 'BD', 'BGD', '50', 'BD', 'Dhaka ', 'Asia ', 'Bangladeshi', 'Bangladeshis', 'Taka ', 'BDT', 131269860, 'Bangladesh', NULL),
(21, 'Barbados', 'BB', 'BB', 'BRB', '52', 'BB', 'Bridgetown ', 'Central America and the Caribbean ', 'Barbadian', 'Barbadians', 'Barbados Dollar', 'BBD', 275330, 'Barbados', NULL),
(22, 'Bassas da India', 'BS', '--', '-- ', '--', '--', '', 'Africa ', '', '', '', '', 0, 'Bassas da India', 'ISO includes with the Miscellaneous (French) Indian Ocean Islands'),
(23, 'Belarus', 'BO', 'BY', 'BLR', '112', 'BY', 'Minsk ', 'Commonwealth of Independent States ', 'Belarusian', 'Belarusians', 'Belarussian Ruble', 'BYR', 10350194, 'Belarus', NULL),
(24, 'Belgium', 'BE', 'BE', 'BEL', '56', 'BE', 'Brussels ', 'Europe ', 'Belgian', 'Belgians', 'Euro', 'EUR', 10258762, 'Belgium', NULL),
(25, 'Belize', 'BH', 'BZ', 'BLZ', '84', 'BZ', 'Belmopan ', 'Central America and the Caribbean ', 'Belizean', 'Belizeans', 'Belize Dollar', 'BZD', 256062, 'Belize', NULL),
(26, 'Benin', 'BN', 'BJ', 'BEN', '204', 'BJ', 'Porto-Novo  ', 'Africa ', 'Beninese', 'Beninese', 'CFA Franc BCEAO', 'XOF', 6590782, 'Benin', NULL),
(27, 'Bermuda', 'BD', 'BM', 'BMU', '60', 'BM', 'Hamilton ', 'North America ', 'Bermudian', 'Bermudians', 'Bermudian Dollar ', 'BMD', 63503, 'Bermuda', NULL),
(28, 'Bhutan', 'BT', 'BT', 'BTN', '64', 'BT', 'Thimphu ', 'Asia ', 'Bhutanese', 'Bhutanese', 'Ngultrum', 'BTN', 2049412, 'Bhutan', NULL),
(29, 'Bolivia', 'BL', 'BO', 'BOL', '68', 'BO', 'La Paz /Sucre ', 'South America ', 'Bolivian', 'Bolivians', 'Boliviano ', 'BOB', 8300463, 'Bolivia', NULL),
(30, 'Bosnia and Herzegovina', 'BK', 'BA', 'BIH', '70', 'BA', 'Sarajevo ', 'Bosnia and Herzegovina, Europe ', 'Bosnian and Herzegovinian', 'Bosnians and Herzegovinians', 'Convertible Marka', 'BAM', 3922205, 'Bosnia and Herzegovina', NULL),
(31, 'Botswana', 'BC', 'BW', 'BWA', '72', 'BW', 'Gaborone ', 'Africa ', 'Motswana', 'Batswana', 'Pula ', 'BWP', 1586119, 'Botswana', NULL),
(32, 'Bouvet Island', 'BV', 'BV', 'BVT', '74', 'BV', '', 'Antarctic Region ', '', '', 'Norwegian Krone ', 'NOK', 0, 'Bouvet Island', NULL),
(33, 'Brazil', 'BR', 'BR', 'BRA', '76', 'BR', 'Brasilia ', 'South America ', 'Brazilian', 'Brazilians', 'Brazilian Real ', 'BRL', 174468575, 'Brazil', NULL),
(34, 'British Indian Ocean Territory', 'IO', 'IO', 'IOT', '86', 'IO', '', 'World ', '', '', 'US Dollar', 'USD', 0, 'The British Indian Ocean Territory', NULL),
(35, 'British Virgin Islands', 'VI', 'VG', 'VGB', '92', 'VG', 'Road Town ', 'Central America and the Caribbean ', 'British Virgin Islander', 'British Virgin Islanders', 'US Dollar', 'USD', 20812, 'The British Virgin Islands', NULL),
(36, 'Brunei Darussalam', 'BX', 'BN', 'BRN', '96', 'BN', '', '', '', '', 'Brunei Dollar', 'BND', 372361, 'Brunei', NULL),
(37, 'Bulgaria', 'BU', 'BG', 'BGR', '100', 'BG', 'Sofia ', 'Europe ', 'Bulgarian', 'Bulgarians', 'Lev ', 'BGN', 7707495, 'Bulgaria', NULL),
(38, 'Burkina Faso', 'UV', 'BF', 'BFA', '854', 'BF', 'Ouagadougou ', 'Africa ', 'Burkinabe', 'Burkinabe', 'CFA Franc BCEAO', 'XOF', 12272289, 'Burkina Faso', NULL),
(39, 'Burma', 'BM', 'MM', 'MMR', '104', 'MM', 'Rangoon ', 'Southeast Asia ', 'Burmese', 'Burmese', 'kyat ', 'MMK', 41994678, 'Burma', 'ISO uses the name Myanmar'),
(40, 'Burundi', 'BY', 'BI', 'BDI', '108', 'BI', 'Bujumbura ', 'Africa ', 'Burundi', 'Burundians', 'Burundi Franc ', 'BIF', 6223897, 'Burundi', NULL),
(41, 'Cambodia', 'CB', 'KH', 'KHM', '116', 'KH', 'Phnom Penh ', 'Southeast Asia ', 'Cambodian', 'Cambodians', 'Riel ', 'KHR', 12491501, 'Cambodia', NULL),
(42, 'Cameroon', 'CM', 'CM', 'CMR', '120', 'CM', 'Yaounde ', 'Africa ', 'Cameroonian', 'Cameroonians', 'CFA Franc BEAC', 'XAF', 15803220, 'Cameroon', NULL),
(43, 'Canada', 'CA', 'CA', 'CAN', '124', 'CA', 'Ottawa ', 'North America ', 'Canadian', 'Canadians', 'Canadian Dollar ', 'CAD', 31592805, 'Canada', NULL),
(44, 'Cape Verde', 'CV', 'CV', 'CPV', '132', 'CV', 'Praia ', 'World ', 'Cape Verdean', 'Cape Verdeans', 'Cape Verdean Escudo ', 'CVE', 405163, 'Cape Verde', NULL),
(45, 'Cayman Islands', 'CJ', 'KY', 'CYM', '136', 'KY', 'George Town ', 'Central America and the Caribbean ', 'Caymanian', 'Caymanians', 'Cayman Islands Dollar', 'KYD', 35527, 'The Cayman Islands', NULL),
(46, 'Central African Republic', 'CT', 'CF', 'CAF', '140', 'CF', 'Bangui ', 'Africa ', 'Central African', 'Central Africans', 'CFA Franc BEAC', 'XAF', 3576884, 'The Central African Republic', NULL),
(47, 'Chad', 'CD', 'TD', 'TCD', '148', 'TD', 'N''Djamena ', 'Africa ', 'Chadian', 'Chadians', 'CFA Franc BEAC', 'XAF', 8707078, 'Chad', NULL),
(48, 'Chile', 'CI', 'CL', 'CHL', '152', 'CL', 'Santiago ', 'South America ', 'Chilean', 'Chileans', 'Chilean Peso ', 'CLP', 15328467, 'Chile', NULL),
(49, 'China', 'CH', 'CN', 'CHN', '156', 'CN', 'Beijing ', 'Asia ', 'Chinese', 'Chinese', 'Yuan Renminbi', 'CNY', 1273111290, 'China', 'see also Taiwan'),
(50, 'Christmas Island', 'KT', 'CX', 'CXR', '162', 'CX', 'The Settlement ', 'Southeast Asia ', 'Christmas Island', 'Christmas Islanders', 'Australian Dollar ', 'AUD', 2771, 'Christmas Island', NULL),
(51, 'Clipperton Island', 'IP', '--', '-- ', '--', '--', '', 'World ', '', '', '', '', 0, 'Clipperton Island', 'ISO includes with French Polynesia'),
(52, 'Cocos (Keeling) Islands', 'CK', 'CC', 'CCK', '166', 'CC', 'West Island ', 'Southeast Asia ', 'Cocos Islander', 'Cocos Islanders', 'Australian Dollar ', 'AUD', 633, 'The Cocos Islands', NULL),
(53, 'Colombia', 'CO', 'CO', 'COL', '170', 'CO', 'Bogota ', 'South America, Central America and the Caribbean ', 'Colombian', 'Colombians', 'Colombian Peso ', 'COP', 40349388, 'Colombia', NULL),
(54, 'Comoros', 'CN', 'KM', 'COM', '174', 'KM', 'Moroni ', 'Africa ', 'Comoran', 'Comorans', 'Comoro Franc', 'KMF', 596202, 'Comoros', NULL),
(55, 'Congo, Democratic Republic of the', 'CG', 'CD', 'COD', '180', 'CD', 'Kinshasa ', 'Africa ', 'Congolese', 'Congolese', 'Franc Congolais', 'CDF', 53624718, 'Democratic Republic of the Congo', 'formerly Zaire'),
(56, 'Congo, Republic of the', 'CF', 'CG', 'COG', '178', 'CG', 'Brazzaville ', 'Africa ', 'Congolese', 'Congolese', 'CFA Franc BEAC', 'XAF', 2894336, 'Republic of the Congo', NULL),
(57, 'Cook Islands', 'CW', 'CK', 'COK', '184', 'CK', 'Avarua ', 'Oceania ', 'Cook Islander', 'Cook Islanders', 'New Zealand Dollar ', 'NZD', 20611, 'The Cook Islands', NULL),
(58, 'Coral Sea Islands', 'CR', '--', '-- ', '--', '--', '', 'Oceania ', '', '', '', '', 0, 'The Coral Sea Islands', 'ISO includes with Australia'),
(59, 'Costa Rica', 'CS', 'CR', 'CRI', '188', 'CR', 'San Jose ', 'Central America and the Caribbean ', 'Costa Rican', 'Costa Ricans', 'Costa Rican Colon', 'CRC', 3773057, 'Costa Rica', NULL),
(60, 'Cote d''Ivoire', 'IV', 'CI', 'CIV', '384', 'CI', 'Yamoussoukro', 'Africa ', 'Ivorian', 'Ivorians', 'CFA Franc BCEAO', 'XOF', 16393221, 'Cote d''Ivoire', NULL),
(61, 'Croatia', 'HR', 'HR', 'HRV', '191', 'HR', 'Zagreb ', 'Europe ', 'Croatian', 'Croats', 'Kuna', 'HRK', 4334142, 'Croatia', NULL),
(62, 'Cuba', 'CU', 'CU', 'CUB', '192', 'CU', 'Havana ', 'Central America and the Caribbean ', 'Cuban', 'Cubans', 'Cuban Peso', 'CUP', 11184023, 'Cuba', NULL),
(63, 'Cyprus', 'CY', 'CY', 'CYP', '196', 'CY', 'Nicosia ', 'Middle East ', 'Cypriot', 'Cypriots', 'Cyprus Pound', 'CYP', 762887, 'Cyprus', NULL),
(64, 'Czech Republic', 'EZ', 'CZ', 'CZE', '203', 'CZ', 'Prague ', 'Europe ', 'Czech', 'Czechs', 'Czech Koruna', 'CZK', 10264212, 'The Czech Republic', NULL),
(65, 'Denmark', 'DA', 'DK', 'DNK', '208', 'DK', 'Copenhagen ', 'Europe ', 'Danish', 'Danes', 'Danish Krone', 'DKK', 5352815, 'Denmark', NULL),
(66, 'Djibouti', 'DJ', 'DJ', 'DJI', '262', 'DJ', 'Djibouti ', 'Africa ', 'Djiboutian', 'Djiboutians', 'Djibouti Franc', 'DJF', 460700, 'Djibouti', NULL),
(67, 'Dominica', 'DO', 'DM', 'DMA', '212', 'DM', 'Roseau ', 'Central America and the Caribbean ', 'Dominican', 'Dominicans', 'East Caribbean Dollar', 'XCD', 70786, 'Dominica', NULL),
(68, 'Dominican Republic', 'DR', 'DO', 'DOM', '214', 'DO', 'Santo Domingo ', 'Central America and the Caribbean ', 'Dominican', 'Dominicans', 'Dominican Peso', 'DOP', 8581477, 'The Dominican Republic', NULL),
(69, 'East Timor', 'TT', 'TL', 'TLS', '626', 'TP', '', '', '', '', 'Timor Escudo', 'TPE', 1040880, 'East Timor', 'NULL'),
(70, 'Ecuador', 'EC', 'EC', 'ECU', '218', 'EC', 'Quito ', 'South America ', 'Ecuadorian', 'Ecuadorians', 'US Dollar', 'USD', 13183978, 'Ecuador', NULL),
(71, 'Egypt', 'EG', 'EG', 'EGY', '818', 'EG', 'Cairo ', 'Africa ', 'Egyptian', 'Egyptians', 'Egyptian Pound ', 'EGP', 69536644, 'Egypt', NULL),
(72, 'El Salvador', 'ES', 'SV', 'SLV', '222', 'SV', 'San Salvador ', 'Central America and the Caribbean ', 'Salvadoran', 'Salvadorans', 'El Salvador Colon', 'SVC', 6237662, 'El Salvador', NULL),
(73, 'Equatorial Guinea', 'EK', 'GQ', 'GNQ', '226', 'GQ', 'Malabo ', 'Africa ', 'Equatorial Guinean', 'Equatorial Guineans', 'CFA Franc BEAC', 'XAF', 486060, 'Equatorial Guinea', NULL),
(74, 'Eritrea', 'ER', 'ER', 'ERI', '232', 'ER', 'Asmara ', 'Africa ', 'Eritrean', 'Eritreans', 'Nakfa', 'ERN', 4298269, 'Eritrea', NULL),
(75, 'Estonia', 'EN', 'EE', 'EST', '233', 'EE', 'Tallinn ', 'Europe ', 'Estonian', 'Estonians', 'Kroon', 'EEK', 1423316, 'Estonia', NULL),
(76, 'Ethiopia', 'ET', 'ET', 'ETH', '231', 'ET', 'Addis Ababa ', 'Africa ', 'Ethiopian', 'Ethiopians', 'Ethiopian Birr', 'ETB', 65891874, 'Ethiopia', NULL),
(77, 'Europa Island', 'EU', '--', '-- ', '--', '--', '', 'Africa ', '', '', '', '', 0, 'Europa Island', 'ISO includes with the Miscellaneous (French) Indian Ocean Islands'),
(78, 'Falkland Islands (Islas Malvinas)', 'FK', 'FK', 'FLK', '238', 'FK', 'Stanley', 'South America', 'Falkland Island', 'Falkland Islanders', 'Falkland Islands Pound', 'FKP', 2895, 'The Falkland Islands ', NULL),
(79, 'Faroe Islands', 'FO', 'FO', 'FRO', '234', 'FO', 'Torshavn ', 'Europe ', 'Faroese', 'Faroese', 'Danish Krone ', 'DKK', 45661, 'The Faroe Islands', NULL),
(80, 'Fiji', 'FJ', 'FJ', 'FJI', '242', 'FJ', 'Suva ', 'Oceania ', 'Fijian', 'Fijians', 'Fijian Dollar ', 'FJD', 844330, 'Fiji', NULL),
(81, 'Finland', 'FI', 'FI', 'FIN', '246', 'FI', 'Helsinki ', 'Europe ', 'Finnish', 'Finns', 'Euro', 'EUR', 5175783, 'Finland', NULL),
(82, 'France', 'FR', 'FR', 'FRA', '250', 'FR', 'Paris ', 'Europe ', 'Frenchman', 'Frenchmen', 'Euro', 'EUR', 59551227, 'France', NULL),
(83, 'France, Metropolitan', '--', '--', '-- ', '--', 'FX', '', '', '', '', 'Euro', 'EUR', 0, 'Metropolitan France', 'ISO limits to the European part of France, excluding French Guiana, French Polynesia, French Southern and Antarctic Lands, Guadeloupe, Martinique, Mayotte, New Caledonia, Reunion, Saint Pierre and Miquelon, Wallis and Futuna'),
(84, 'French Guiana', 'FG', 'GF', 'GUF', '254', 'GF', 'Cayenne ', 'South America ', 'French Guianese', 'French Guianese', 'Euro', 'EUR', 177562, 'French Guiana', NULL),
(85, 'French Polynesia', 'FP', 'PF', 'PYF', '258', 'PF', 'Papeete ', 'Oceania ', 'French Polynesian', 'French Polynesians', 'CFP Franc', 'XPF', 253506, 'French Polynesia', 'ISO includes Clipperton Island'),
(86, 'French Southern and Antarctic Lands', 'FS', 'TF', 'ATF', '260', 'TF', '', 'Antarctic Region ', '', '', 'Euro', 'EUR', 0, 'The French Southern and Antarctic Lands', 'FIPS 10-4 does not include the French-claimed portion of Antarctica (Terre Adelie)'),
(87, 'Gabon', 'GB', 'GA', 'GAB', '266', 'GA', 'Libreville ', 'Africa ', 'Gabonese', 'Gabonese', 'CFA Franc BEAC', 'XAF', 1221175, 'Gabon', NULL),
(88, 'The Gambia', 'GA', 'GM', 'GMB', '270', 'GM', 'Banjul ', 'Africa ', 'Gambian', 'Gambians', 'Dalasi', 'GMD', 1411205, 'The Gambia', NULL),
(89, 'Gaza Strip', 'GZ', '--', '-- ', '--', '--', '', 'Middle East ', '', '', 'New Israeli Shekel ', 'ILS', 1178119, 'The Gaza Strip', NULL),
(90, 'Georgia', 'GG', 'GE', 'GEO', '268', 'GE', 'T''bilisi ', 'Commonwealth of Independent States ', 'Georgian', 'Georgians', 'Lari', 'GEL', 4989285, 'Georgia', NULL),
(91, 'Germany', 'GM', 'DE', 'DEU', '276', 'DE', 'Berlin ', 'Europe ', 'German', 'Germans', 'Euro', 'EUR', 83029536, 'Deutschland', NULL),
(92, 'Ghana', 'GH', 'GH', 'GHA', '288', 'GH', 'Accra ', 'Africa ', 'Ghanaian', 'Ghanaians', 'Cedi', 'GHC', 19894014, 'Ghana', NULL),
(93, 'Gibraltar', 'GI', 'GI', 'GIB', '292', 'GI', 'Gibraltar ', 'Europe ', 'Gibraltar', 'Gibraltarians', 'Gibraltar Pound', 'GIP', 27649, 'Gibraltar', NULL),
(94, 'Glorioso Islands', 'GO', '--', '-- ', '--', '--', '', 'Africa ', '', '', '', '', 0, 'The Glorioso Islands', 'ISO includes with the Miscellaneous (French) Indian Ocean Islands'),
(95, 'Greece', 'GR', 'GR', 'GRC', '300', 'GR', 'Athens ', 'Europe ', 'Greek', 'Greeks', 'Euro', 'EUR', 10623835, 'Greece', NULL),
(96, 'Greenland', 'GL', 'GL', 'GRL', '304', 'GL', 'Nuuk ', 'Arctic Region ', 'Greenlandic', 'Greenlanders', 'Danish Krone', 'DKK', 56352, 'Greenland', NULL),
(97, 'Grenada', 'GJ', 'GD', 'GRD', '308', 'GD', 'Saint George''s ', 'Central America and the Caribbean ', 'Grenadian', 'Grenadians', 'East Caribbean Dollar', 'XCD', 89227, 'Grenada', NULL),
(98, 'Guadeloupe', 'GP', 'GP', 'GLP', '312', 'GP', 'Basse-Terre ', 'Central America and the Caribbean ', 'Guadeloupe', 'Guadeloupians', 'Euro', 'EUR', 431170, 'Guadeloupe', NULL),
(99, 'Guam', 'GQ', 'GU', 'GUM', '316', 'GU', 'Hagatna', 'Oceania ', 'Guamanian', 'Guamanians', 'US Dollar', 'USD', 157557, 'Guam', NULL),
(100, 'Guatemala', 'GT', 'GT', 'GTM', '320', 'GT', 'Guatemala ', 'Central America and the Caribbean ', 'Guatemalan', 'Guatemalans', 'Quetzal', 'GTQ', 12974361, 'Guatemala', NULL),
(101, 'Guernsey', 'GK', '--', '-- ', '--', 'GG', 'Saint Peter Port ', 'Europe ', 'Channel Islander', 'Channel Islanders', 'Pound Sterling', 'GBP', 64342, 'Guernsey', 'ISO includes with the United Kingdom'),
(102, 'Guinea', 'GV', 'GN', 'GIN', '324', 'GN', 'Conakry ', 'Africa ', 'Guinean', 'Guineans', 'Guinean Franc ', 'GNF', 7613870, 'Guinea', NULL),
(103, 'Guinea-Bissau', 'PU', 'GW', 'GNB', '624', 'GW', 'Bissau ', 'Africa ', 'Guinean', 'Guineans', 'CFA Franc BCEAO', 'XOF', 1315822, 'Guinea-Bissau', NULL),
(104, 'Guyana', 'GY', 'GY', 'GUY', '328', 'GY', 'Georgetown ', 'South America ', 'Guyanese', 'Guyanese', 'Guyana Dollar', 'GYD', 697181, 'Guyana', NULL),
(105, 'Haiti', 'HA', 'HT', 'HTI', '332', 'HT', 'Port-au-Prince ', 'Central America and the Caribbean ', 'Haitian', 'Haitians', 'Gourde', 'HTG', 6964549, 'Haiti', NULL),
(106, 'Heard Island and McDonald Islands', 'HM', 'HM', 'HMD', '334', 'HM', '', 'Antarctic Region ', '', '', 'Australian Dollar', 'AUD', 0, 'The Heard Island and McDonald Islands', NULL),
(107, 'Holy See (Vatican City)', 'VT', 'VA', 'VAT', '336', 'VA', 'Vatican City ', 'Europe ', '', '', 'Euro', 'EUR', 890, 'The Vatican City', NULL),
(108, 'Honduras', 'HO', 'HN', 'HND', '340', 'HN', 'Tegucigalpa ', 'Central America and the Caribbean ', 'Honduran', 'Hondurans', 'Lempira', 'HNL', 6406052, 'Honduras', NULL),
(109, 'Hong Kong (SAR)', 'HK', 'HK', 'HKG', '344', 'HK', '', 'Southeast Asia ', '', '', 'Hong Kong Dollar ', 'HKD', 0, 'Xianggang ', NULL),
(110, 'Howland Island', 'HQ', '--', '-- ', '--', '--', '', 'Oceania ', '', '', '', '', 7210505, 'Howland Island', 'ISO includes with the US Minor Outlying Islands'),
(111, 'Hungary', 'HU', 'HU', 'HUN', '348', 'HU', 'Budapest ', 'Europe ', 'Hungarian', 'Hungarians', 'Forint', 'HUF', 10106017, 'Hungary', NULL),
(112, 'Iceland', 'IC', 'IS', 'ISL', '352', 'IS', 'Reykjavik ', 'Arctic Region ', 'Icelandic', 'Icelanders', 'Iceland Krona', 'ISK', 277906, 'Iceland', NULL),
(113, 'India', 'IN', 'IN', 'IND', '356', 'IN', 'New Delhi ', 'Asia ', 'Indian', 'Indians', 'Indian Rupee ', 'INR', 1029991145, 'India', NULL),
(114, 'Indonesia', 'ID', 'ID', 'IDN', '360', 'ID', 'Jakarta ', 'Southeast Asia ', 'Indonesian', 'Indonesians', 'Rupiah', 'IDR', 228437870, 'Indonesia', NULL),
(115, 'Iran', 'IR', 'IR', 'IRN', '364', 'IR', 'Tehran ', 'Middle East ', 'Iranian', 'Iranians', 'Iranian Rial', 'IRR', 66128965, 'Iran', NULL),
(116, 'Iraq', 'IZ', 'IQ', 'IRQ', '368', 'IQ', 'Baghdad ', 'Middle East ', 'Iraqi', 'Iraqis', 'Iraqi Dinar', 'IQD', 23331985, 'Iraq', NULL),
(117, 'Ireland', 'EI', 'IE', 'IRL', '372', 'IE', 'Dublin ', 'Europe ', 'Irish', 'Irishmen', 'Euro', 'EUR', 3840838, 'Ireland', NULL),
(118, 'Israel', 'IS', 'IL', 'ISR', '376', 'IL', 'Jerusalem', 'Middle East ', 'Israeli', 'Israelis', 'New Israeli Sheqel', 'ILS', 5938093, 'Israel', NULL),
(119, 'Italy', 'IT', 'IT', 'ITA', '380', 'IT', 'Rome ', 'Europe ', 'Italian', 'Italians', 'Euro', 'EUR', 57679825, 'Italia ', NULL),
(120, 'Jamaica', 'JM', 'JM', 'JAM', '388', 'JM', 'Kingston ', 'Central America and the Caribbean ', 'Jamaican', 'Jamaicans', 'Jamaican dollar ', 'JMD', 2665636, 'Jamaica', NULL),
(121, 'Jan Mayen', 'JN', '--', '-- ', '--', '--', '', 'Arctic Region ', '', '', 'Norway Kroner', 'NOK', 0, 'Jan Mayen', 'ISO includes with Svalbard'),
(122, 'Japan', 'JA', 'JP', 'JPN', '392', 'JP', 'Tokyo ', 'Asia ', 'Japanese', 'Japanese', 'Yen ', 'JPY', 126771662, 'Japan', NULL),
(123, 'Jarvis Island', 'DQ', '--', '-- ', '--', '--', '', 'Oceania ', '', '', '', '', 0, 'Jarvis Island', 'ISO includes with the US Minor Outlying Islands'),
(124, 'Jersey', 'JE', '--', '-- ', '--', 'JE', 'Saint Helier ', 'Europe ', 'Channel Islander', 'Channel Islanders', 'Pound Sterling', 'GBP', 89361, 'Jersey', 'ISO includes with the United Kingdom'),
(125, 'Johnston Atoll', 'JQ', '--', '-- ', '--', '--', '', 'Oceania ', '', '', '', '', 0, 'Johnston Atoll', 'ISO includes with the US Minor Outlying Islands'),
(126, 'Jordan', 'JO', 'JO', 'JOR', '400', 'JO', 'Amman ', 'Middle East ', 'Jordanian', 'Jordanians', 'Jordanian Dinar', 'JOD', 5153378, 'Jordan', NULL),
(127, 'Juan de Nova Island', 'JU', '--', '-- ', '--', '--', '', 'Africa ', '', '', '', '', 0, 'Juan de Nova Island', 'ISO includes with the Miscellaneous (French) Indian Ocean Islands'),
(128, 'Kazakhstan', 'KZ', 'KZ', 'KAZ', '398', 'KZ', 'Astana ', 'Commonwealth of Independent States ', 'Kazakhstani', 'Kazakhstanis', 'Tenge', 'KZT', 16731303, 'Kazakhstan', NULL),
(129, 'Kenya', 'KE', 'KE', 'KEN', '404', 'KE', 'Nairobi ', 'Africa ', 'Kenyan', 'Kenyans', 'Kenyan shilling ', 'KES', 30765916, 'Kenya', NULL),
(130, 'Kingman Reef', 'KQ', '--', '-- ', '--', '--', '', 'Oceania ', '', '', '', '', 0, 'Kingman Reef', 'ISO includes with the US Minor Outlying Islands'),
(131, 'Kiribati', 'KR', 'KI', 'KIR', '296', 'KI', 'Tarawa ', 'Oceania ', 'I-Kiribati', 'I-Kiribati', 'Australian dollar ', 'AUD', 94149, 'Kiribati', NULL),
(132, 'Korea, North', 'KN', 'KP', 'PRK', '408', 'KP', 'P''yongyang ', 'Asia ', 'Korean', 'Koreans', 'North Korean Won', 'KPW', 21968228, 'North Korea', NULL),
(133, 'Korea, South', 'KS', 'KR', 'KOR', '410', 'KR', 'Seoul ', 'Asia ', 'Korean', 'Koreans', 'Won', 'KRW', 47904370, 'South Korea', NULL),
(134, 'Kuwait', 'KU', 'KW', 'KWT', '414', 'KW', 'Kuwait ', 'Middle East ', 'Kuwaiti', 'Kuwaitis', 'Kuwaiti Dinar', 'KWD', 2041961, 'Al Kuwayt', NULL),
(135, 'Kyrgyzstan', 'KG', 'KG', 'KGZ', '417', 'KG', 'Bishkek ', 'Commonwealth of Independent States ', 'Kyrgyzstani', 'Kyrgyzstanis', 'Som', 'KGS', 4753003, 'Kyrgyzstan', NULL),
(136, 'Laos', 'LA', 'LA', 'LAO', '418', 'LA', 'Vientiane ', 'Southeast Asia ', 'Lao', 'Laos', 'Kip', 'LAK', 5635967, 'Laos', NULL),
(137, 'Latvia', 'LG', 'LV', 'LVA', '428', 'LV', 'Riga ', 'Europe ', 'Latvian', 'Latvians', 'Latvian Lats', 'LVL', 2385231, 'Latvia', NULL),
(138, 'Lebanon', 'LE', 'LB', 'LBN', '422', 'LB', 'Beirut ', 'Middle East ', 'Lebanese', 'Lebanese', 'Lebanese Pound', 'LBP', 3627774, 'Lebanon', NULL),
(139, 'Lesotho', 'LT', 'LS', 'LSO', '426', 'LS', 'Maseru ', 'Africa ', 'Basotho', 'Mosotho', 'Loti', 'LSL', 2177062, 'Lesotho', NULL),
(140, 'Liberia', 'LI', 'LR', 'LBR', '430', 'LR', 'Monrovia ', 'Africa ', 'Liberian', 'Liberians', 'Liberian Dollar', 'LRD', 3225837, 'Liberia', NULL),
(141, 'Libya', 'LY', 'LY', 'LBY', '434', 'LY', 'Tripoli ', 'Africa ', 'Libyan', 'Libyans', 'Libyan Dinar', 'LYD', 5240599, 'Libya', NULL),
(142, 'Liechtenstein', 'LS', 'LI', 'LIE', '438', 'LI', 'Vaduz ', 'Europe ', 'Liechtenstein', 'Liechtensteiners', 'Swiss Franc', 'CHF', 32528, 'Liechtenstein', NULL),
(143, 'Lithuania', 'LH', 'LT', 'LTU', '440', 'LT', 'Vilnius ', 'Europe ', 'Lithuanian', 'Lithuanians', 'Lithuanian Litas', 'LTL', 3610535, 'Lithuania', NULL),
(144, 'Luxembourg', 'LU', 'LU', 'LUX', '442', 'LU', 'Luxembourg ', 'Europe ', 'Luxembourg', 'Luxembourgers', 'Euro', 'EUR', 442972, 'Luxembourg', NULL),
(145, 'Macao', 'MC', 'MO', 'MAC', '446', 'MO', '', 'Southeast Asia ', 'Chinese', 'Chinese', 'Pataca', 'MOP', 453733, 'Macao', NULL),
(146, 'Macedonia, The Former Yugoslav Republic of', 'MK', 'MK', 'MKD', '807', 'MK', 'Skopje ', 'Europe ', 'Macedonian', 'Macedonians', 'Denar', 'MKD', 2046209, 'Makedonija', NULL),
(147, 'Madagascar', 'MA', 'MG', 'MDG', '450', 'MG', 'Antananarivo ', 'Africa ', 'Malagasy', 'Malagasy', 'Malagasy Franc', 'MGF', 15982563, 'Madagascar', NULL),
(148, 'Malawi', 'MI', 'MW', 'MWI', '454', 'MW', 'Lilongwe ', 'Africa ', 'Malawian', 'Malawians', 'Kwacha', 'MWK', 10548250, 'Malawi', NULL),
(149, 'Malaysia', 'MY', 'MY', 'MYS', '458', 'MY', 'Kuala Lumpur ', 'Southeast Asia ', 'Malaysian', 'Malaysians', 'Malaysian Ringgit', 'MYR', 22229040, 'Malaysia', NULL),
(150, 'Maldives', 'MV', 'MV', 'MDV', '462', 'MV', 'Male ', 'Asia ', 'Maldivian', 'Maldivians', 'Rufiyaa', 'MVR', 310764, 'Maldives', NULL),
(151, 'Mali', 'ML', 'ML', 'MLI', '466', 'ML', 'Bamako ', 'Africa ', 'Malian', 'Malians', 'CFA Franc BCEAO', 'XOF', 11008518, 'Mali', NULL),
(152, 'Malta', 'MT', 'MT', 'MLT', '470', 'MT', 'Valletta ', 'Europe ', 'Maltese', 'Maltese', 'Euro', 'EUR', 394583, 'Malta', NULL),
(153, 'Man, Isle of', 'IM', '--', '-- ', '--', 'IM', 'Douglas ', 'Europe ', 'Manxman', 'Manxmen', 'Pound Sterling', 'GBP', 73489, 'The Isle of Man', 'ISO includes with the United Kingdom'),
(154, 'Marshall Islands', 'RM', 'MH', 'MHL', '584', 'MH', 'Majuro ', 'Oceania ', 'Marshallese', 'Marshallese', 'US Dollar', 'USD', 70822, 'The Marshall Islands', NULL),
(155, 'Martinique', 'MB', 'MQ', 'MTQ', '474', 'MQ', 'Fort-de-France ', 'Central America and the Caribbean ', 'Martiniquais', 'Martiniquais', 'Euro', 'EUR', 418454, 'Martinique', NULL),
(156, 'Mauritania', 'MR', 'MR', 'MRT', '478', 'MR', 'Nouakchott ', 'Africa ', 'Mauritanian', 'Mauritanians', 'Ouguiya', 'MRO', 2747312, 'Mauritania', NULL),
(157, 'Mauritius', 'MP', 'MU', 'MUS', '480', 'MU', 'Port Louis ', 'World ', 'Mauritian', 'Mauritians', 'Mauritius Rupee', 'MUR', 1189825, 'Mauritius', NULL),
(158, 'Mayotte', 'MF', 'YT', 'MYT', '175', 'YT', 'Mamoutzou ', 'Africa ', 'Mahorais', 'Mahorais', 'Euro', 'EUR', 163366, 'Mayotte', NULL),
(159, 'Mexico', 'MX', 'MX', 'MEX', '484', 'MX', 'Mexico ', 'North America ', 'Mexican', 'Mexicans', 'Mexican Peso', 'MXN', 101879171, 'Mexico', NULL),
(160, 'Micronesia, Federated States of', 'FM', 'FM', 'FSM', '583', 'FM', 'Palikir ', 'Oceania ', 'Micronesian', 'Micronesians', 'US Dollar', 'USD', 134597, 'The Federated States of Micronesia', NULL),
(161, 'Midway Islands', 'MQ', '--', '-- ', '--', '--', '', 'Oceania ', '', '', 'United States Dollars', 'USD', 0, 'The Midway Islands', 'ISO includes with the US Minor Outlying Islands'),
(162, 'Miscellaneous (French)', '--', '--', '-- ', '--', '--', '', '', '', '', '', '', 0, 'Miscellaneous (French)', 'ISO includes Bassas da India, Europa Island, Glorioso Islands, Juan de Nova Island, Tromelin Island'),
(163, 'Moldova', 'MD', 'MD', 'MDA', '498', 'MD', 'Chisinau ', 'Commonwealth of Independent States ', 'Moldovan', 'Moldovans', 'Moldovan Leu', 'MDL', 4431570, 'Moldova', NULL),
(164, 'Monaco', 'MN', 'MC', 'MCO', '492', 'MC', 'Monaco ', 'Europe ', 'Monegasque', 'Monegasques', 'Euro', 'EUR', 31842, 'Monaco', NULL),
(165, 'Mongolia', 'MG', 'MN', 'MNG', '496', 'MN', 'Ulaanbaatar ', 'Asia ', 'Mongolian', 'Mongolians', 'Tugrik', 'MNT', 2654999, 'Mongolia', NULL),
(166, 'Montenegro', '--', '--', '-- ', '--', '--', '', '', '', '', '', '', 0, 'Montenegro', 'now included as region within Yugoslavia'),
(167, 'Montserrat', 'MH', 'MS', 'MSR', '500', 'MS', 'Plymouth', 'Central America and the Caribbean ', 'Montserratian', 'Montserratians', 'East Caribbean Dollar', 'XCD', 7574, 'Montserrat', NULL),
(168, 'Morocco', 'MO', 'MA', 'MAR', '504', 'MA', 'Rabat ', 'Africa ', 'Moroccan', 'Moroccans', 'Moroccan Dirham', 'MAD', 30645305, 'Morocco', NULL),
(169, 'Mozambique', 'MZ', 'MZ', 'MOZ', '508', 'MZ', 'Maputo ', 'Africa ', 'Mozambican', 'Mozambicans', 'Metical', 'MZM', 19371057, 'Mozambique', NULL),
(170, 'Myanmar', '--', '--', '-- ', '--', '--', '', '', '', '', 'Kyat', 'MMK', 0, 'Myanmar', 'see Burma'),
(171, 'Namibia', 'WA', 'NA', 'NAM', '516', 'NA', 'Windhoek ', 'Africa ', 'Namibian', 'Namibians', 'Namibian Dollar ', 'NAD', 1797677, 'Namibia', NULL),
(172, 'Nauru', 'NR', 'NR', 'NRU', '520', 'NR', '', 'Oceania ', 'Nauruan', 'Nauruans', 'Australian Dollar', 'AUD', 12088, 'Nauru', NULL),
(173, 'Navassa Island', 'BQ', '--', '-- ', '--', '--', '', 'Central America and the Caribbean ', '', '', '', '', 0, 'Navassa Island', NULL),
(174, 'Nepal', 'NP', 'NP', 'NPL', '524', 'NP', 'Kathmandu ', 'Asia ', 'Nepalese', 'Nepalese', 'Nepalese Rupee', 'NPR', 25284463, 'Nepal', NULL),
(175, 'Netherlands', 'NL', 'NL', 'NLD', '528', 'NL', 'Amsterdam ', 'Europe ', 'Dutchman', 'Dutchmen', 'Euro', 'EUR', 15981472, 'The Netherlands', NULL),
(176, 'Netherlands Antilles', 'NT', 'AN', 'ANT', '530', 'AN', 'Willemstad ', 'Central America and the Caribbean ', 'Dutch Antillean', 'Dutch Antilleans', 'Netherlands Antillean guilder ', 'ANG', 212226, 'The Netherlands Antilles', NULL),
(177, 'New Caledonia', 'NC', 'NC', 'NCL', '540', 'NC', 'Noumea ', 'Oceania ', 'New Caledonian', 'New Caledonians', 'CFP Franc', 'XPF', 204863, 'New Caledonia', NULL),
(178, 'New Zealand', 'NZ', 'NZ', 'NZL', '554', 'NZ', 'Wellington ', 'Oceania ', 'New Zealand', 'New Zealanders', 'New Zealand Dollar', 'NZD', 3864129, 'New Zealand', NULL),
(179, 'Nicaragua', 'NU', 'NI', 'NIC', '558', 'NI', 'Managua ', 'Central America and the Caribbean ', 'Nicaraguan', 'Nicaraguans', 'Cordoba Oro', 'NIO', 4918393, 'Nicaragua', NULL),
(180, 'Niger', 'NG', 'NE', 'NER', '562', 'NE', 'Niamey ', 'Africa ', 'Nigerien', 'Nigeriens', 'CFA Franc BCEAO', 'XOF', 10355156, 'Niger', NULL),
(181, 'Nigeria', 'NI', 'NG', 'NGA', '566', 'NG', 'Abuja', 'Africa ', 'Nigerian', 'Nigerians', 'Naira', 'NGN', 126635626, 'Nigeria', NULL),
(182, 'Niue', 'NE', 'NU', 'NIU', '570', 'NU', 'Alofi ', 'Oceania ', 'Niuean', 'Niueans', 'New Zealand Dollar', 'NZD', 2124, 'Niue', NULL),
(183, 'Norfolk Island', 'NF', 'NF', 'NFK', '574', 'NF', 'Kingston ', 'Oceania ', 'Norfolk Islander', 'Norfolk Islanders', 'Australian Dollar', 'AUD', 1879, 'Norfolk Island', NULL),
(184, 'Northern Mariana Islands', 'CQ', 'MP', 'MNP', '580', 'MP', 'Saipan ', 'Oceania ', '', '', 'US Dollar', 'USD', 74612, 'The Northern Mariana Islands', NULL),
(185, 'Norway', 'NO', 'NO', 'NOR', '578', 'NO', 'Oslo ', 'Europe ', 'Norwegian', 'Norwegians', 'Norwegian Krone', 'NOK', 4503440, 'Norway', NULL),
(186, 'Oman', 'MU', 'OM', 'OMN', '512', 'OM', 'Muscat ', 'Middle East ', 'Omani', 'Omanis', 'Rial Omani', 'OMR', 2622198, 'Oman', NULL),
(187, 'Pakistan', 'PK', 'PK', 'PAK', '586', 'PK', 'Islamabad ', 'Asia ', 'Pakistani', 'Pakistanis', 'Pakistan Rupee', 'PKR', 144616639, 'Pakistan', NULL),
(188, 'Palau', 'PS', 'PW', 'PLW', '585', 'PW', 'Koror ', 'Oceania ', 'Palauan', 'Palauans', 'US Dollar', 'USD', 19092, 'Palau', NULL),
(189, 'Palmyra Atoll', 'LQ', '--', '-- ', '--', '--', '', 'Oceania ', '', '', '', '', 0, 'Palmyra Atoll', 'ISO includes with the US Minor Outlying Islands'),
(190, 'Panama', 'PM', 'PA', 'PAN', '591', 'PA', 'Panama ', 'Central America and the Caribbean ', 'Panamanian', 'Panamanians', 'balboa ', 'PAB', 2845647, 'Panama', NULL),
(191, 'Papua New Guinea', 'PP', 'PG', 'PNG', '598', 'PG', 'Port Moresby ', 'Oceania ', 'Papua New Guinean', 'Papua New Guineans', 'Kina', 'PGK', 5049055, 'Papua New Guinea', NULL),
(192, 'Paracel Islands', 'PF', '--', '-- ', '--', '--', '', 'Southeast Asia ', '', '', '', '', 0, 'The Paracel Islands', NULL),
(193, 'Paraguay', 'PA', 'PY', 'PRY', '600', 'PY', 'Asuncion ', 'South America ', 'Paraguayan', 'Paraguayans', 'Guarani', 'PYG', 5734139, 'Paraguay', NULL),
(194, 'Peru', 'PE', 'PE', 'PER', '604', 'PE', 'Lima ', 'South America ', 'Peruvian', 'Peruvians', 'Nuevo Sol', 'PEN', 27483864, 'Peru', NULL),
(195, 'Philippines', 'RP', 'PH', 'PHL', '608', 'PH', 'Manila ', 'Southeast Asia ', 'Philippine', 'Filipinos', 'Philippine Peso', 'PHP', 82841518, 'The Philippines', NULL),
(196, 'Pitcairn Islands', 'PC', 'PN', 'PCN', '612', 'PN', 'Adamstown ', 'Oceania ', 'Pitcairn Islander', 'Pitcairn Islanders', 'New Zealand Dollar', 'NZD', 47, 'The Pitcairn Islands', NULL),
(197, 'Poland', 'PL', 'PL', 'POL', '616', 'PL', 'Warsaw ', 'Europe ', 'Polish', 'Poles', 'Zloty', 'PLN', 38633912, 'Poland', NULL),
(198, 'Portugal', 'PO', 'PT', 'PRT', '620', 'PT', 'Lisbon ', 'Europe ', 'Portuguese', 'Portuguese', 'Euro', 'EUR', 10066253, 'Portugal', NULL),
(199, 'Puerto Rico', 'RQ', 'PR', 'PRI', '630', 'PR', 'San Juan ', 'Central America and the Caribbean ', 'Puerto Rican', 'Puerto Ricans', 'US Dollar', 'USD', 3937316, 'Puerto Rico', NULL),
(200, 'Qatar', 'QA', 'QA', 'QAT', '634', 'QA', 'Doha ', 'Middle East ', 'Qatari', 'Qataris', 'Qatari Rial', 'QAR', 769152, 'Qatar', NULL),
(201, 'R?union', 'RE', 'RE', 'REU', '638', 'RE', 'Saint-Denis', 'World', 'Reunionese', 'Reunionese', 'Euro', 'EUR', 732570, 'R?union', NULL),
(202, 'Romania', 'RO', 'RO', 'ROU', '642', 'RO', 'Bucharest ', 'Europe ', 'Romanian', 'Romanians', 'Leu', 'ROL', 22364022, 'Romania', NULL),
(203, 'Russia', 'RS', 'RU', 'RUS', '643', 'RU', 'Moscow ', 'Asia ', 'Russian', 'Russians', 'Russian Ruble', 'RUB', 145470197, 'Russia', NULL),
(204, 'Rwanda', 'RW', 'RW', 'RWA', '646', 'RW', 'Kigali ', 'Africa ', 'Rwandan', 'Rwandans', 'Rwanda Franc', 'RWF', 7312756, 'Rwanda', NULL),
(205, 'Saint Helena', 'SH', 'SH', 'SHN', '654', 'SH', 'Jamestown ', 'Africa ', 'Saint Helenian', 'Saint Helenians', 'Saint Helenian Pound ', 'SHP', 7266, 'Saint Helena', NULL),
(206, 'Saint Kitts and Nevis', 'SC', 'KN', 'KNA', '659', 'KN', 'Basseterre ', 'Central America and the Caribbean ', 'Kittitian and Nevisian', 'Kittitians and Nevisians', 'East Caribbean Dollar ', 'XCD', 38756, 'Saint Kitts and Nevis', NULL),
(207, 'Saint Lucia', 'ST', 'LC', 'LCA', '662', 'LC', 'Castries ', 'Central America and the Caribbean ', 'Saint Lucian', 'Saint Lucians', 'East Caribbean Dollar ', 'XCD', 158178, 'Saint Lucia', NULL),
(208, 'Saint Pierre and Miquelon', 'SB', 'PM', 'SPM', '666', 'PM', 'Saint-Pierre ', 'North America ', 'Frenchman', 'Frenchmen', 'Euro', 'EUR', 6928, 'Saint Pierre and Miquelon', NULL),
(209, 'Saint Vincent and the Grenadines', 'VC', 'VC', 'VCT', '670', 'VC', 'Kingstown ', 'Central America and the Caribbean ', 'Saint Vincentian', 'Saint Vincentians', 'East Caribbean Dollar ', 'XCD', 115942, 'Saint Vincent and the Grenadines', NULL),
(210, 'Samoa', 'WS', 'WS', 'WSM', '882', 'WS', 'Apia ', 'Oceania ', 'Samoan', 'Samoans', 'Tala', 'WST', 179058, 'Samoa', 'NULL'),
(211, 'San Marino', 'SM', 'SM', 'SMR', '674', 'SM', 'San Marino ', 'Europe ', 'Sammarinese', 'Sammarinese', 'Euro', 'EUR', 27336, 'San Marino', NULL),
(212, 'S?o Tom? and Pr?ncipe', 'TP', 'ST', 'STP', '678', 'ST', 'Sao Tome', 'Africa', 'Sao Tomean', 'Sao Tomeans', 'Dobra', 'STD', 165034, 'S?o Tom? and Pr?ncipe', NULL),
(213, 'Saudi Arabia', 'SA', 'SA', 'SAU', '682', 'SA', 'Riyadh ', 'Middle East ', 'Saudi Arabian ', 'Saudis', 'Saudi Riyal', 'SAR', 22757092, 'Saudi Arabia', NULL),
(214, 'Senegal', 'SG', 'SN', 'SEN', '686', 'SN', 'Dakar ', 'Africa ', 'Senegalese', 'Senegalese', 'CFA Franc BCEAO', 'XOF', 10284929, 'Senegal', NULL),
(215, 'Serbia', '--', '--', '-- ', '--', '--', '', '', '', '', '', '', 0, 'Serbia', 'now included as region within Yugoslavia'),
(216, 'Serbia and Montenegro', '--', '--', '-- ', '--', '--', '', '', '', '', '', '', 0, 'Serbia and Montenegro', 'See Yugoslavia'),
(217, 'Seychelles', 'SE', 'SC', 'SYC', '690', 'SC', 'Victoria ', 'Africa ', 'Seychellois', 'Seychellois', 'Seychelles Rupee', 'SCR', 79715, 'Seychelles', NULL),
(218, 'Sierra Leone', 'SL', 'SL', 'SLE', '694', 'SL', 'Freetown ', 'Africa ', 'Sierra Leonean', 'Sierra Leoneans', 'Leone', 'SLL', 5426618, 'Sierra Leone', NULL),
(219, 'Singapore', 'SN', 'SG', 'SGP', '702', 'SG', 'Singapore ', 'Southeast Asia ', 'Singaporeian', 'Singaporeans', 'Singapore Dollar', 'SGD', 4300419, 'Singapore', NULL),
(220, 'Slovakia', 'LO', 'SK', 'SVK', '703', 'SK', 'Bratislava ', 'Europe ', 'Slovakian', 'Slovaks', 'Euro', 'EUR', 5414937, 'Slovakia', NULL),
(221, 'Slovenia', 'SI', 'SI', 'SVN', '705', 'SI', 'Ljubljana ', 'Europe ', 'Slovenian', 'Slovenes', 'Euro', 'EUR', 1930132, 'Slovenia', NULL),
(222, 'Solomon Islands', 'BP', 'SB', 'SLB', '90', 'SB', 'Honiara ', 'Oceania ', 'Solomon Islander', 'Solomon Islanders', 'Solomon Islands Dollar', 'SBD', 480442, 'The Solomon Islands', NULL),
(223, 'Somalia', 'SO', 'SO', 'SOM', '706', 'SO', 'Mogadishu ', 'Africa ', 'Somali', 'Somalis', 'Somali Shilling', 'SOS', 7488773, 'Somalia', NULL),
(224, 'South Africa', 'SF', 'ZA', 'ZAF', '710', 'ZA', 'Pretoria', 'Africa ', 'South African', 'South Africans', 'Rand', 'ZAR', 43586097, 'South Africa', NULL),
(225, 'South Georgia and the South Sandwich Islands', 'SX', 'GS', 'SGS', '239', 'GS', '', 'Antarctic Region ', '', '', 'Pound Sterling', 'GBP', 0, 'The South Georgia and the South Sandwich Islands', NULL),
(226, 'Spain', 'SP', 'ES', 'ESP', '724', 'ES', 'Madrid ', 'Europe ', 'Spanish', 'Spaniards', 'Euro', 'EUR', 40037995, 'Spain', NULL),
(227, 'Spratly Islands', 'PG', '--', '-- ', '--', '--', '', 'Southeast Asia ', '', '', '', '', 0, 'The Spratly Islands', NULL),
(228, 'Sri Lanka', 'CE', 'LK', 'LKA', '144', 'LK', 'Colombo', 'Asia ', 'Sri Lankan', 'Sri Lankans', 'Sri Lanka Rupee', 'LKR', 19408635, 'Sri Lanka', NULL),
(229, 'Sudan', 'SU', 'SD', 'SDN', '736', 'SD', 'Khartoum ', 'Africa ', 'Sudanese', 'Sudanese', 'Sudanese Dinar', 'SDD', 36080373, 'Sudan', NULL),
(230, 'Suriname', 'NS', 'SR', 'SUR', '740', 'SR', 'Paramaribo ', 'South America ', 'Surinamese', 'Surinamers', 'Suriname Guilder', 'SRG', 433998, 'Suriname', NULL),
(231, 'Svalbard', 'SV', 'SJ', 'SJM', '744', 'SJ', 'Longyearbyen ', 'Arctic Region ', '', '', 'Norwegian Krone', 'NOK', 2332, 'Svalbard', 'ISO includes Jan Mayen'),
(232, 'Swaziland', 'WZ', 'SZ', 'SWZ', '748', 'SZ', 'Mbabane ', 'Africa ', 'Swazi', 'Swazis', 'Lilangeni', 'SZL', 1104343, 'Swaziland', NULL),
(233, 'Sweden', 'SW', 'SE', 'SWE', '752', 'SE', 'Stockholm ', 'Europe ', 'Swedish', 'Swedes', 'Swedish Krona', 'SEK', 8875053, 'Sweden', NULL),
(234, 'Switzerland', 'SZ', 'CH', 'CHE', '756', 'CH', 'Bern ', 'Europe ', 'Swiss', 'Swiss', 'Swiss Franc', 'CHF', 7283274, 'Switzerland', NULL),
(235, 'Syria', 'SY', 'SY', 'SYR', '760', 'SY', 'Damascus ', 'Middle East ', 'Syrian', 'Syrians', 'Syrian Pound', 'SYP', 16728808, 'Syria', NULL),
(236, 'Taiwan', 'TW', 'TW', 'TWN', '158', 'TW', 'Taipei ', 'Southeast Asia ', 'Taiwanese', 'Taiwanese', 'New Taiwan Dollar', 'TWD', 22370461, 'Taiwan', NULL),
(237, 'Tajikistan', 'TI', 'TJ', 'TJK', '762', 'TJ', 'Dushanbe ', 'Commonwealth of Independent States ', 'Tajikistani', 'Tajikistanis', 'Somoni', 'TJS', 6578681, 'Tajikistan', NULL),
(238, 'Tanzania', 'TZ', 'TZ', 'TZA', '834', 'TZ', 'Dar es Salaam', 'Africa ', 'Tanzanian', 'Tanzanians', 'Tanzanian Shilling', 'TZS', 36232074, 'Tanzania', NULL),
(239, 'Thailand', 'TH', 'TH', 'THA', '764', 'TH', 'Bangkok ', 'Southeast Asia ', 'Thai', 'Thai', 'Baht', 'THB', 61797751, 'Thailand', NULL),
(240, 'Togo', 'TO', 'TG', 'TGO', '768', 'TG', 'Lome ', 'Africa ', 'Togolese', 'Togolese', 'CFA Franc BCEAO', 'XOF', 5153088, 'Togo', NULL),
(241, 'Tokelau', 'TL', 'TK', 'TKL', '772', 'TK', '', 'Oceania ', 'Tokelauan', 'Tokelauans', 'New Zealand Dollar', 'NZD', 1445, 'Tokelau', NULL),
(242, 'Tonga', 'TN', 'TO', 'TON', '776', 'TO', 'Nuku''alofa ', 'Oceania ', 'Tongan', 'Tongans', 'Pa''anga', 'TOP', 104227, 'Tonga', NULL),
(243, 'Trinidad and Tobago', 'TD', 'TT', 'TTO', '780', 'TT', 'Port-of-Spain ', 'Central America and the Caribbean ', 'Trinidadian and Tobagonian', 'Trinidadians and Tobagonians', 'Trinidad and Tobago Dollar', 'TTD', 1169682, 'Trinidad and Tobago', NULL),
(244, 'Tromelin Island', 'TE', '--', '-- ', '--', '--', '', 'Africa ', '', '', '', '', 0, 'Tromelin Island', 'ISO includes with the Miscellaneous (French) Indian Ocean Islands'),
(245, 'Tunisia', 'TS', 'TN', 'TUN', '788', 'TN', 'Tunis ', 'Africa ', 'Tunisian', 'Tunisians', 'Tunisian Dinar', 'TND', 9705102, 'Tunisia', NULL),
(246, 'Turkey', 'TU', 'TR', 'TUR', '792', 'TR', 'Ankara ', 'Middle East ', 'Turkish', 'Turks', 'Turkish Lira', 'TRL', 66493970, 'Turkey', NULL),
(247, 'Turkmenistan', 'TX', 'TM', 'TKM', '795', 'TM', 'Ashgabat ', 'Commonwealth of Independent States ', 'Turkmen', 'Turkmens', 'Manat', 'TMM', 4603244, 'Turkmenistan', NULL),
(248, 'Turks and Caicos Islands', 'TK', 'TC', 'TCA', '796', 'TC', 'Cockburn Town ', 'Central America and the Caribbean ', '', '', 'US Dollar', 'USD', 18122, 'The Turks and Caicos Islands', NULL),
(249, 'Tuvalu', 'TV', 'TV', 'TUV', '798', 'TV', 'Funafuti ', 'Oceania ', 'Tuvaluan', 'Tuvaluans', 'Australian Dollar', 'AUD', 10991, 'Tuvalu', NULL),
(250, 'Uganda', 'UG', 'UG', 'UGA', '800', 'UG', 'Kampala ', 'Africa ', 'Ugandan', 'Ugandans', 'Uganda Shilling', 'UGX', 23985712, 'Uganda', NULL),
(251, 'Ukraine', 'UP', 'UA', 'UKR', '804', 'UA', 'Kiev ', 'Commonwealth of Independent States ', 'Ukrainian', 'Ukrainians', 'Hryvnia', 'UAH', 48760474, 'The Ukraine', NULL),
(252, 'United Arab Emirates', 'AE', 'AE', 'ARE', '784', 'AE', 'Abu Dhabi ', 'Middle East ', 'Emirati', 'Emiratis', 'UAE Dirham', 'AED', 2407460, 'The United Arab Emirates', NULL),
(253, 'United Kingdom', 'UK', 'GB', 'GBR', '826', 'UK', 'London ', 'Europe ', 'British', 'Britons', 'Pound Sterling', 'GBP', 59647790, 'The United Kingdom', 'ISO includes Guernsey, Isle of Man, Jersey'),
(254, 'United States', 'US', 'US', 'USA', '840', 'US', 'Washington, DC ', 'North America ', 'American', 'Americans', 'US Dollar', 'USD', 278058881, 'The United States', NULL),
(255, 'United States Minor Outlying Islands', '--', 'UM', 'UMI', '581', 'UM', '', '', '', '', 'US Dollar', 'USD', 0, 'The United States Minor Outlying Islands', 'ISO includes Baker Island, Howland Island, Jarvis Island, Johnston Atoll, Kingman Reef, Midway Islands, Palmyra Atoll, Wake Island'),
(256, 'Uruguay', 'UY', 'UY', 'URY', '858', 'UY', 'Montevideo ', 'South America ', 'Uruguayan', 'Uruguayans', 'Peso Uruguayo', 'UYU', 3360105, 'Uruguay', NULL),
(257, 'Uzbekistan', 'UZ', 'UZ', 'UZB', '860', 'UZ', 'Tashkent', 'Commonwealth of Independent States ', 'Uzbekistani', 'Uzbekistanis', 'Uzbekistan Sum', 'UZS', 25155064, 'Uzbekistan', NULL),
(258, 'Vanuatu', 'NH', 'VU', 'VUT', '548', 'VU', 'Port-Vila ', 'Oceania ', 'Ni-Vanuatu', 'Ni-Vanuatu', 'Vatu', 'VUV', 192910, 'Vanuatu', NULL),
(259, 'Venezuela', 'VE', 'VE', 'VEN', '862', 'VE', 'Caracas ', 'South America, Central America and the Caribbean ', 'Venezuelan', 'Venezuelans', 'Bolivar', 'VEB', 23916810, 'Venezuela', NULL),
(260, 'Vietnam', 'VM', 'VN', 'VNM', '704', 'VN', 'Hanoi ', 'Southeast Asia ', 'Vietnamese', 'Vietnamese', 'Dong', 'VND', 79939014, 'Vietnam', NULL),
(261, 'Virgin Islands', 'VQ', 'VI', 'VIR', '850', 'VI', 'Charlotte Amalie ', 'Central America and the Caribbean ', 'Virgin Islander', 'Virgin Islanders', 'US Dollar', 'USD', 122211, 'The Virgin Islands', NULL),
(262, 'Virgin Islands (UK)', '--', '--', '-- ', '--', '--', '', '', '', '', 'US Dollar', 'USD', 0, 'Virgin Islands (UK)', 'see British Virgin Islands'),
(263, 'Virgin Islands (US)', '--', '--', '-- ', '--', '--', '', '', '', '', 'US Dollar', 'USD', 0, 'Virgin Islands (US)', 'see Virgin Islands'),
(264, 'Wake Island', 'WQ', '--', '-- ', '--', '--', '', 'Oceania ', '', '', 'US Dollar', 'USD', 0, 'Wake Island', 'ISO includes with the US Minor Outlying Islands'),
(265, 'Wallis and Futuna', 'WF', 'WF', 'WLF', '876', 'WF', 'Mata-Utu', 'Oceania ', 'Wallis and Futuna Islander', 'Wallis and Futuna Islanders', 'CFP Franc', 'XPF', 15435, 'Wallis and Futuna', NULL),
(266, 'West Bank', 'WE', '--', '-- ', '--', '--', '', 'Middle East ', '', '', 'New Israeli Shekel ', 'ILS', 2090713, 'The West Bank', NULL),
(267, 'Western Sahara', 'WI', 'EH', 'ESH', '732', 'EH', '', 'Africa ', 'Sahrawian', 'Sahrawis', 'Moroccan Dirham', 'MAD', 250559, 'Western Sahara', NULL),
(268, 'Western Samoa', '--', '--', '-- ', '--', '--', '', '', '', '', 'Tala', 'WST', 0, 'Western Samoa', 'see Samoa'),
(269, 'World', '--', '--', '-- ', '--', '--', '', 'World, Time Zones ', '', '', '', '', 1862433264, 'The World', 'NULL'),
(270, 'Yemen', 'YM', 'YE', 'YEM', '887', 'YE', 'Sanaa ', 'Middle East ', 'Yemeni', 'Yemenis', 'Yemeni Rial', 'YER', 18078035, 'Yemen', NULL),
(271, 'Yugoslavia', 'YI', 'YU', 'YUG', '891', 'YU', 'Belgrade ', 'Europe ', 'Serbian', 'Serbs', 'Yugoslavian Dinar ', 'YUM', 10677290, 'Yugoslavia', 'NULL'),
(272, 'Zaire', '--', '--', '-- ', '--', '--', '', '', '', '', '', '', 0, 'Zaire', 'see Democratic Republic of the Congo'),
(273, 'Zambia', 'ZA', 'ZM', 'ZWB', '894', 'ZM', 'Lusaka ', 'Africa ', 'Zambian', 'Zambians', 'Kwacha', 'ZMK', 9770199, 'Zambia', NULL),
(274, 'Zimbabwe', 'ZI', 'ZW', 'ZWE', '716', 'ZW', 'Harare ', 'Africa ', 'Zimbabwean', 'Zimbabweans', 'Zimbabwe Dollar', 'ZWD', 11365366, 'Zimbabwe', NULL),
(275, 'Palestinian Territory, Occupied', '--', 'PS', 'PSE', '275', 'PS', '', '', '', '', '', '', 0, 'Palestine', 'NULL');

-- --------------------------------------------------------

--
-- Table structure for table `lm_currency_tbl`
--

CREATE TABLE IF NOT EXISTS `lm_currency_tbl` (
  `CurrencyId` int(11) NOT NULL AUTO_INCREMENT,
  `Currency` varchar(100) COLLATE utf8_unicode_ci NOT NULL,
  PRIMARY KEY (`CurrencyId`)
) ENGINE=MyISAM  DEFAULT CHARSET=utf8 COLLATE=utf8_unicode_ci AUTO_INCREMENT=3 ;

--
-- Dumping data for table `lm_currency_tbl`
--

INSERT INTO `lm_currency_tbl` (`CurrencyId`, `Currency`) VALUES
(1, 'USD'),
(2, 'CAD');

-- --------------------------------------------------------

--
-- Table structure for table `lm_discussion_tbl`
--

CREATE TABLE IF NOT EXISTS `lm_discussion_tbl` (
  `DiscussionId` int(11) NOT NULL AUTO_INCREMENT,
  `DiscussionTopicId` int(11) NOT NULL DEFAULT '0',
  `DiscussionClientId` int(11) NOT NULL DEFAULT '0',
  `DiscussionLawyerId` int(11) NOT NULL DEFAULT '0',
  `DiscussionText` longtext NOT NULL,
  `DiscussionDate` timestamp NOT NULL DEFAULT CURRENT_TIMESTAMP,
  PRIMARY KEY (`DiscussionId`)
) ENGINE=MyISAM  DEFAULT CHARSET=latin1 AUTO_INCREMENT=18 ;

--
-- Dumping data for table `lm_discussion_tbl`
--

INSERT INTO `lm_discussion_tbl` (`DiscussionId`, `DiscussionTopicId`, `DiscussionClientId`, `DiscussionLawyerId`, `DiscussionText`, `DiscussionDate`) VALUES
(1, 1, 0, 63, 'fdg fh fghdf fdgdfh fdg', '2009-12-22 04:52:40'),
(3, 1, 0, 63, 'dfgfd fgfd gghgfhj', '2009-12-22 07:08:11'),
(4, 1, 14, 0, 'And if you still need help, just post here and we will look at it :P<p>Good luck.', '2009-12-22 21:53:41'),
(5, 7, 14, 0, 'Im having some trouble running sshd in a chroot jail for sftp protectction.<br/>Im using gentoo hardened, with selinux in permissive mode, sshd version OpenSSH_5.2p1.<br/>', '2009-12-22 22:36:58'),
(6, 8, 0, 63, 'welcome to the new forum for Clients only. Here you can post your questions or experiences and others will rate it. Your posting can be chosen as important and be hold on the top of the page if there is significant interest to that topic.<br/>Administrato', '2009-12-23 23:32:03'),
(7, 9, 14, 0, 'Testing forumTesting forumTesting forumTesting forumTesting forumTesting forumTesting forumTesting forumTesting forumTesting forumTesting forum', '2009-12-24 22:09:17'),
(8, 9, 0, 63, 'Yes testing is done.', '2009-12-24 22:10:29'),
(9, 9, 0, 63, 'again adding.', '2009-12-24 22:10:58'),
(10, 10, 14, 0, 'Test test', '2009-12-24 22:51:21'),
(11, 10, 14, 0, 'Today it is the first time that we are testing forum together with srishti . Hopefully it is going to be awsssssamm', '2009-12-24 22:54:37'),
(12, 10, 14, 0, 'long text long text long text long text long text long text long text long text long text long text long text long text long text long text long text long text long text long text long text long text long text long text long text long text long text long text long text long text long text long text long text long text long text long text long text long text long text long text long text long text long text long text long text long text long text long text long text long text long text long text long text long text ', '2009-12-24 23:02:55'),
(13, 10, 14, 0, 'Ok lets post it again , long text long text we need long text to test long text in this script. if we have short text we wont be able to test long text lalalalalala', '2009-12-24 23:11:58'),
(14, 10, 14, 0, 'now, this is going to be reslly long so we could see how many lines could we write and have long text. We are testing forum forum is testing us. who is going to win if forum is the smart one. i am joking. Ok lets be serious this forum needs a longest text ever to be tested bla bla bla. alalalalalalalalalalala', '2009-12-24 23:14:39'),
(15, 11, 0, 63, 'aaaaaa<br/>aaaaaaaaaa', '2010-02-11 00:58:52'),
(16, 12, 23, 0, 'This is new topic on lawatar forum', '2010-02-18 00:33:53'),
(17, 13, 23, 0, 'This is new topic on lawatar forum', '2010-02-18 00:38:00');

-- --------------------------------------------------------

--
-- Table structure for table `lm_escrow_tbl`
--

CREATE TABLE IF NOT EXISTS `lm_escrow_tbl` (
  `EscrowId` int(11) NOT NULL AUTO_INCREMENT,
  `EscrowCaseId` int(11) NOT NULL DEFAULT '0',
  `EscrowClientId` int(11) NOT NULL DEFAULT '0',
  `EscrowLawyerId` int(11) NOT NULL DEFAULT '0',
  `EscrowAmount` decimal(10,2) NOT NULL DEFAULT '0.00',
  `EscrowStatus` int(11) NOT NULL DEFAULT '0',
  `EscrowDate` timestamp NOT NULL DEFAULT CURRENT_TIMESTAMP,
  `TransactionId` int(11) NOT NULL,
  `CurrencyId` int(11) NOT NULL DEFAULT '0',
  `CurrencyValue` decimal(10,2) NOT NULL DEFAULT '0.00',
  PRIMARY KEY (`EscrowId`)
) ENGINE=MyISAM  DEFAULT CHARSET=latin1 AUTO_INCREMENT=127 ;

--
-- Dumping data for table `lm_escrow_tbl`
--

INSERT INTO `lm_escrow_tbl` (`EscrowId`, `EscrowCaseId`, `EscrowClientId`, `EscrowLawyerId`, `EscrowAmount`, `EscrowStatus`, `EscrowDate`, `TransactionId`, `CurrencyId`, `CurrencyValue`) VALUES
(2, 27, 22, 62, '67.00', 1, '2009-12-09 01:46:50', 0, 0, '0.00'),
(3, 31, 23, 62, '234.00', 1, '2009-12-09 02:18:29', 0, 0, '0.00'),
(4, 26, 22, 44, '234.00', 1, '2009-12-09 03:14:00', 0, 0, '0.00'),
(6, 22, 14, 62, '20.00', 1, '2009-12-09 04:48:29', 0, 0, '0.00'),
(7, 22, 14, 62, '60.00', 1, '2009-12-09 04:57:28', 0, 0, '0.00'),
(8, 22, 14, 62, '60.00', 1, '2009-12-09 04:59:24', 0, 0, '0.00'),
(9, 22, 14, 62, '30.00', 1, '2009-12-09 05:00:59', 0, 0, '0.00'),
(13, 41, 32, 73, '34.00', 0, '2010-05-21 23:59:46', 0, 0, '0.00'),
(86, 57, 15, 62, '50.00', 1, '2011-03-07 14:40:13', 374, 0, '0.00'),
(85, 105, 62, 98, '120.00', 1, '2011-03-05 02:16:43', 372, 0, '0.00'),
(84, 103, 62, 99, '-300.00', 1, '2011-03-01 16:50:58', 0, 0, '0.00'),
(36, 74, 45, 81, '50.00', 0, '2011-01-28 11:38:22', 0, 0, '0.00'),
(35, 74, 45, 81, '500.00', 1, '2011-01-27 19:27:29', 57, 0, '0.00'),
(83, 103, 62, 99, '300.00', 1, '2011-03-01 16:48:42', 340, 0, '0.00'),
(82, 31, 15, 62, '-40.00', 1, '2011-03-01 12:55:04', 0, 0, '0.00'),
(81, 43, 15, 62, '-10.00', 1, '2011-02-28 14:46:07', 0, 0, '0.00'),
(80, 43, 15, 62, '100.00', 1, '2011-02-28 14:34:18', 0, 0, '0.00'),
(79, 95, 60, 95, '-600.00', 1, '2011-02-25 21:38:03', 0, 0, '0.00'),
(78, 101, 62, 98, '220.00', 1, '2011-02-24 08:32:36', 326, 0, '0.00'),
(44, 74, 45, 81, '200.00', 1, '2011-02-03 22:13:32', 104, 0, '0.00'),
(45, 74, 45, 81, '5000.00', 0, '2011-02-03 22:14:31', 0, 0, '0.00'),
(46, 74, 45, 81, '5000.00', 0, '2011-02-03 22:14:40', 0, 0, '0.00'),
(47, 74, 45, 81, '200.00', 0, '2011-02-03 22:14:49', 0, 0, '0.00'),
(48, 74, 45, 81, '200.00', 0, '2011-02-03 22:14:54', 0, 0, '0.00'),
(49, 85, 53, 87, '10.00', 1, '2011-02-08 12:02:57', 186, 0, '0.00'),
(50, 85, 53, 87, '30.00', 1, '2011-02-08 12:18:50', 188, 0, '0.00'),
(51, 85, 53, 87, '55.00', 1, '2011-02-08 12:25:45', 190, 0, '0.00'),
(77, 98, 15, 95, '10.00', 1, '2011-02-21 13:15:00', 0, 0, '0.00'),
(76, 95, 60, 95, '100.00', 0, '2011-02-19 19:19:32', 0, 0, '0.00'),
(54, 88, 49, 85, '50.00', 1, '2011-02-11 16:42:27', 214, 0, '0.00'),
(55, 84, 45, 81, '500.00', 0, '2011-02-14 20:00:08', 0, 0, '0.00'),
(56, 84, 45, 81, '500.00', 0, '2011-02-14 20:01:07', 0, 0, '0.00'),
(57, 84, 45, 81, '100.00', 1, '2011-02-14 20:02:25', 218, 0, '0.00'),
(58, 89, 49, 85, '5000.00', 0, '2011-02-15 17:52:52', 0, 0, '0.00'),
(59, 89, 49, 85, '5000.00', 0, '2011-02-15 19:35:59', 0, 0, '0.00'),
(60, 89, 49, 85, '5000.00', 0, '2011-02-15 19:36:34', 0, 0, '0.00'),
(61, 88, 49, 85, '100.00', 1, '2011-02-15 20:19:14', 228, 0, '0.00'),
(62, 88, 49, 85, '100.00', 1, '2011-02-15 20:29:00', 230, 0, '0.00'),
(63, 84, 45, 81, '-100.00', 1, '2011-02-15 20:46:26', 0, 0, '0.00'),
(64, 92, 59, 94, '200.00', 0, '2011-02-17 17:47:44', 0, 0, '0.00'),
(65, 92, 59, 94, '200.00', 0, '2011-02-17 17:47:54', 0, 0, '0.00'),
(66, 92, 59, 94, '200.00', 0, '2011-02-17 17:47:59', 0, 0, '0.00'),
(75, 95, 60, 95, '300.00', 0, '2011-02-19 19:17:15', 0, 0, '0.00'),
(68, 95, 60, 95, '500.00', 1, '2011-02-18 20:35:23', 185, 0, '0.00'),
(69, 95, 60, 95, '0.00', 1, '2011-02-18 20:57:44', 0, 0, '0.00'),
(70, 95, 60, 95, '0.00', 1, '2011-02-18 21:13:32', 0, 0, '0.00'),
(74, 95, 60, 95, '-100.00', 1, '2011-02-18 21:48:42', 0, 0, '0.00'),
(87, 107, 15, 62, '10.00', 1, '2011-03-14 11:50:49', 384, 2, '10.00'),
(88, 107, 15, 62, '1.03', 1, '2011-03-14 15:40:10', 386, 2, '1.00'),
(89, 109, 15, 62, '0.00', 1, '2011-03-14 18:09:27', 392, 1, '10.00'),
(90, 109, 15, 62, '1.00', 1, '2011-03-14 18:41:37', 394, 1, '1.00'),
(91, 109, 15, 62, '9.00', 1, '2011-03-14 18:53:43', 396, 1, '9.00'),
(92, 107, 15, 62, '-1.13', 1, '2011-03-15 18:15:17', 0, 2, '-1.12'),
(93, 107, 15, 62, '-1.12', 1, '2011-03-16 15:28:01', 0, 1, '-1.12'),
(94, 111, 67, 101, '50.50', 1, '2011-03-17 14:48:56', 414, 2, '50.00'),
(95, 111, 67, 101, '-11.20', 1, '2011-03-17 15:19:41', 0, 1, '-11.20'),
(96, 111, 67, 101, '20.20', 1, '2011-03-17 19:05:51', 418, 2, '20.00'),
(97, 115, 67, 101, '102.00', 1, '2011-03-24 19:20:25', 452, 2, '100.00'),
(98, 115, 67, 101, '-11.54', 1, '2011-03-24 20:39:07', 0, 2, '-11.20'),
(99, 115, 67, 101, '-5.77', 1, '2011-03-24 20:52:27', 0, 2, '-5.60'),
(100, 118, 15, 62, '515.00', 1, '2011-03-31 14:31:41', 478, 2, '500.00'),
(101, 119, 69, 102, '412.00', 1, '2011-03-31 17:49:57', 498, 2, '400.00'),
(102, 119, 69, 102, '-115.36', 1, '2011-03-31 18:26:09', 0, 2, '-112.00'),
(103, 117, 68, 99, '1030.00', 1, '2011-03-31 20:09:39', 502, 2, '1000.00'),
(104, 117, 68, 99, '-346.08', 1, '2011-03-31 21:02:03', 0, 2, '-336.00'),
(105, 121, 71, 104, '117.60', 1, '2011-04-08 12:06:03', 554, 2, '112.00'),
(106, 121, 71, 104, '-117.60', 1, '2011-04-08 12:16:01', 0, 2, '-112.00'),
(107, 118, 15, 62, '-1.18', 1, '2011-04-08 12:52:05', 0, 2, '-1.12'),
(108, 121, 71, 104, '117.60', 1, '2011-04-08 12:53:21', 560, 2, '112.00'),
(109, 118, 15, 62, '-1.13', 1, '2011-04-08 15:38:06', 0, 1, '-1.13'),
(110, 122, 69, 102, '208.00', 1, '2011-04-13 17:06:52', 574, 2, '200.00'),
(111, 122, 69, 102, '-58.24', 1, '2011-04-13 17:21:03', 0, 2, '-56.00'),
(112, 122, 69, 102, '208.00', 1, '2011-04-13 18:26:35', 578, 2, '200.00'),
(113, 123, 68, 99, '520.00', 1, '2011-04-13 19:27:40', 590, 2, '500.00'),
(114, 121, 71, 104, '181.18', 1, '2011-04-14 02:55:32', 592, 2, '174.21'),
(115, 121, 71, 104, '-117.60', 1, '2011-04-14 02:57:17', 0, 2, '-112.00'),
(116, 121, 71, 104, '-174.72', 1, '2011-04-14 11:52:43', 0, 2, '-168.00'),
(117, 124, 69, 102, '12.48', 1, '2011-04-14 20:11:14', 604, 2, '12.00'),
(118, 124, 69, 102, '-11.65', 1, '2011-04-14 20:45:32', 0, 2, '-11.20'),
(119, 124, 69, 102, '31.00', 1, '2011-04-16 11:50:46', 612, 2, '30.00'),
(120, 124, 69, 102, '-23.30', 1, '2011-04-16 12:11:21', 0, 2, '-22.40'),
(121, 124, 69, 102, '4.16', 1, '2011-04-16 12:36:17', 616, 2, '4.00'),
(122, 124, 69, 102, '-11.65', 1, '2011-04-16 12:45:33', 0, 2, '-11.20'),
(123, 125, 69, 102, '10.60', 1, '2011-04-21 14:55:00', 632, 2, '10.00'),
(124, 125, 69, 102, '-9.50', 1, '2011-04-21 15:07:35', 0, 2, '-8.96'),
(125, 126, 73, 104, '262.50', 1, '2011-04-24 03:11:13', 656, 2, '250.00'),
(126, 126, 73, 104, '-262.50', 1, '2011-04-24 03:13:12', 0, 2, '-250.00');

-- --------------------------------------------------------

--
-- Table structure for table `lm_eselectpayment_tbl`
--

CREATE TABLE IF NOT EXISTS `lm_eselectpayment_tbl` (
  `PaymentId` int(11) NOT NULL AUTO_INCREMENT,
  `DateCreated` timestamp NOT NULL DEFAULT CURRENT_TIMESTAMP,
  `response_order_id` varchar(100) COLLATE utf8_unicode_ci DEFAULT NULL,
  `date_stamp` varchar(100) COLLATE utf8_unicode_ci DEFAULT NULL,
  `time_stamp` varchar(100) COLLATE utf8_unicode_ci DEFAULT NULL,
  `bank_transaction_id` varchar(100) COLLATE utf8_unicode_ci DEFAULT NULL,
  `charge_total` varchar(100) COLLATE utf8_unicode_ci DEFAULT NULL,
  `bank_approval_code` varchar(100) COLLATE utf8_unicode_ci DEFAULT NULL,
  `response_code` varchar(100) COLLATE utf8_unicode_ci DEFAULT NULL,
  `iso_code` varchar(100) COLLATE utf8_unicode_ci DEFAULT NULL,
  `message` varchar(100) COLLATE utf8_unicode_ci DEFAULT NULL,
  `trans_name` varchar(100) COLLATE utf8_unicode_ci DEFAULT NULL,
  `cardholder` varchar(100) COLLATE utf8_unicode_ci DEFAULT NULL,
  `f4l4` varchar(100) COLLATE utf8_unicode_ci DEFAULT NULL,
  `card` varchar(100) COLLATE utf8_unicode_ci DEFAULT NULL,
  `expiry_date` varchar(100) COLLATE utf8_unicode_ci DEFAULT NULL,
  `result` varchar(100) COLLATE utf8_unicode_ci DEFAULT NULL,
  `eci` varchar(100) COLLATE utf8_unicode_ci DEFAULT NULL,
  `txn_num` varchar(100) COLLATE utf8_unicode_ci DEFAULT NULL,
  `rvar_payment_type` varchar(100) COLLATE utf8_unicode_ci DEFAULT NULL,
  `rvar_user_type` varchar(100) COLLATE utf8_unicode_ci DEFAULT NULL,
  `rvar_user` varchar(100) COLLATE utf8_unicode_ci DEFAULT NULL,
  `cvd_response_code` varchar(100) COLLATE utf8_unicode_ci DEFAULT NULL,
  `shipping_cost` varchar(100) COLLATE utf8_unicode_ci DEFAULT NULL,
  `hst` varchar(100) COLLATE utf8_unicode_ci DEFAULT NULL,
  `pst` varchar(100) COLLATE utf8_unicode_ci DEFAULT NULL,
  `gst` varchar(100) COLLATE utf8_unicode_ci DEFAULT NULL,
  `ship_first_name` varchar(100) COLLATE utf8_unicode_ci DEFAULT NULL,
  `ship_last_name` varchar(100) COLLATE utf8_unicode_ci DEFAULT NULL,
  `ship_company_name` varchar(100) COLLATE utf8_unicode_ci DEFAULT NULL,
  `ship_address_one` varchar(100) COLLATE utf8_unicode_ci DEFAULT NULL,
  `ship_city` varchar(100) COLLATE utf8_unicode_ci DEFAULT NULL,
  `ship_state_or_province` varchar(100) COLLATE utf8_unicode_ci DEFAULT NULL,
  `ship_postal_code` varchar(100) COLLATE utf8_unicode_ci DEFAULT NULL,
  `ship_country` varchar(100) COLLATE utf8_unicode_ci DEFAULT NULL,
  `ship_phone` varchar(100) COLLATE utf8_unicode_ci DEFAULT NULL,
  `ship_fax` varchar(100) COLLATE utf8_unicode_ci DEFAULT NULL,
  `bill_first_name` varchar(100) COLLATE utf8_unicode_ci DEFAULT NULL,
  `bill_last_name` varchar(100) COLLATE utf8_unicode_ci DEFAULT NULL,
  `bill_company_name` varchar(100) COLLATE utf8_unicode_ci DEFAULT NULL,
  `bill_address_one` varchar(100) COLLATE utf8_unicode_ci DEFAULT NULL,
  `bill_city` varchar(100) COLLATE utf8_unicode_ci DEFAULT NULL,
  `bill_state_or_province` varchar(100) COLLATE utf8_unicode_ci DEFAULT NULL,
  `bill_postal_code` varchar(100) COLLATE utf8_unicode_ci DEFAULT NULL,
  `bill_country` varchar(100) COLLATE utf8_unicode_ci DEFAULT NULL,
  `bill_phone` varchar(100) COLLATE utf8_unicode_ci DEFAULT NULL,
  `bill_fax` varchar(100) COLLATE utf8_unicode_ci DEFAULT NULL,
  `email` varchar(100) COLLATE utf8_unicode_ci DEFAULT NULL,
  `cust_id` varchar(100) COLLATE utf8_unicode_ci DEFAULT NULL,
  `note` varchar(1000) COLLATE utf8_unicode_ci DEFAULT NULL,
  PRIMARY KEY (`PaymentId`)
) ENGINE=MyISAM  DEFAULT CHARSET=utf8 COLLATE=utf8_unicode_ci AUTO_INCREMENT=101 ;

--
-- Dumping data for table `lm_eselectpayment_tbl`
--

INSERT INTO `lm_eselectpayment_tbl` (`PaymentId`, `DateCreated`, `response_order_id`, `date_stamp`, `time_stamp`, `bank_transaction_id`, `charge_total`, `bank_approval_code`, `response_code`, `iso_code`, `message`, `trans_name`, `cardholder`, `f4l4`, `card`, `expiry_date`, `result`, `eci`, `txn_num`, `rvar_payment_type`, `rvar_user_type`, `rvar_user`, `cvd_response_code`, `shipping_cost`, `hst`, `pst`, `gst`, `ship_first_name`, `ship_last_name`, `ship_company_name`, `ship_address_one`, `ship_city`, `ship_state_or_province`, `ship_postal_code`, `ship_country`, `ship_phone`, `ship_fax`, `bill_first_name`, `bill_last_name`, `bill_company_name`, `bill_address_one`, `bill_city`, `bill_state_or_province`, `bill_postal_code`, `bill_country`, `bill_phone`, `bill_fax`, `email`, `cust_id`, `note`) VALUES
(1, '2011-01-10 20:28:22', 'mhp9467032195', 'null', 'null', 'null', '10.00', 'null', 'null', 'null', 'The transaction was not sent to the host because of a duplicate order id', 'purchase', 'Arindam Mukherjee', '5454***5454', 'null', '1301', '0', '7', 'null', 'LAWYER_DEPOSIT', 'LAWYER', 'd3d9446802a4425962755d38e6d163e8202', '', '', '', '', '', '', '', '', '', '', '', '', '', '', '', '', '', '', '', '', '', '', '', '', '', '', '', ''),
(2, '2011-01-10 20:28:41', 'mhp9467032195', 'null', 'null', 'null', '10.00', 'null', 'null', 'null', 'The transaction was not sent to the host because of a duplicate order id', 'purchase', 'Arindam Mukherjee', '5454***5454', 'null', '1301', '0', '7', 'null', 'LAWYER_DEPOSIT', 'LAWYER', 'd3d9446802a4425962755d38e6d163e8202', '', '', '', '', '', '', '', '', '', '', '', '', '', '', '', '', '', '', '', '', '', '', '', '', '', '', '', ''),
(3, '2011-01-10 20:29:11', 'mhp9467032195', 'null', 'null', 'null', '10.00', 'null', 'null', 'null', 'The transaction was not sent to the host because of a duplicate order id', 'purchase', 'Arindam Mukherjee', '5454***5454', 'null', '1301', '0', '7', 'null', 'LAWYER_DEPOSIT', 'LAWYER', 'd3d9446802a4425962755d38e6d163e8202', '', '', '', '', '', '', '', '', '', '', '', '', '', '', '', '', '', '', '', '', '', '', '', '', '', '', '', ''),
(4, '2011-01-10 20:29:25', 'mhp9467032195', 'null', 'null', 'null', '10.00', 'null', 'null', 'null', 'The transaction was not sent to the host because of a duplicate order id', 'purchase', 'Arindam Mukherjee', '5454***5454', 'null', '1301', '0', '7', 'null', 'LAWYER_DEPOSIT', 'LAWYER', 'd3d9446802a4425962755d38e6d163e8202', '', '', '', '', '', '', '', '', '', '', '', '', '', '', '', '', '', '', '', '', '', '', '', '', '', '', '', ''),
(5, '2011-01-10 20:30:11', 'mhp9467032195', 'null', 'null', 'null', '10.00', 'null', 'null', 'null', 'The transaction was not sent to the host because of a duplicate order id', 'purchase', 'Arindam Mukherjee', '5454***5454', 'null', '1301', '0', '7', 'null', 'LAWYER_DEPOSIT', 'LAWYER', 'd3d9446802a4425962755d38e6d163e8202', '', '', '', '', '', '', '', '', '', '', '', '', '', '', '', '', '', '', '', '', '', '', '', '', '', '', '', ''),
(6, '2011-01-10 20:32:21', 'mhp9467164240', '2011-01-10', '10:02:21', '660021810016072270', '10.00', '003096', '027', '01', 'APPROVED           *                    =', 'purchase', 'Arindam Mukherjee', '5454***5454', 'M', '1301', '1', '7', '81459-0_7', 'LAWYER_DEPOSIT', 'LAWYER', '8f14e45fceea167a625a36dedd4bea25432', 'null', '', '', '', '', '', '', '', '', '', '', '', '', '', '', '', '', '', '', '', '', '', '', '', '', '', '', ''),
(7, '2011-01-13 12:28:12', 'mhp9490179764', '2011-01-13', '01:58:12', '660064100010813800', '5.00', '003362', '027', '01', 'APPROVED           *                    =', 'purchase', 'Sharon Sam', '5454***5454', 'M', '1401', '1', '7', '682197-0_7', 'LAWYER_DEPOSIT', 'LAWYER', '9bf31c7ff062936a6296d3c8bd1f8f2ff32', 'null', '', '', '', '', '', '', '', '', '', '', '', '', '', '', '', '', '', '', '', '', '', '', '', '', '', '', ''),
(8, '2011-01-13 12:40:09', 'mhp9490250834', '2011-01-13', '02:10:10', '660021810016075800', '8.00', '803363', '027', '01', 'APPROVED           *                    =', 'purchase', 'lucas', '5454***5454', 'M', '1101', '1', '7', '81846-0_7', 'LAWYER_DEPOSIT', 'LAWYER', '1679091c5a880faf626fb5e6087eb1b2dc2', 'null', '', '', '', '', '', '', '', '', '', '', '', '', '', '', '', '', '', '', '', '', '', '', '', '', '', '', ''),
(9, '2011-01-18 16:14:50', 'mhp9534738322', '2011-01-18', '05:44:49', '660021810016079020', '1.00', '003814', '027', '01', 'APPROVED           *                    =', 'purchase', 'RD', '5454***5454', 'M', '1101', '1', '7', '82224-0_7', 'CLIENT_ADMIN_ESCROW', 'CLIENT', '15', 'null', '', '', '', '', '', '', '', '', '', '', '', '', '', '', '', '', '', '', '', '', '', '', '', '', 'user2@sritechnocrat.com', '', ''),
(10, '2011-01-18 16:51:03', 'mhp9534955085', '2011-01-18', '06:21:01', '660021810016079030', '3.00', '005812', '027', '01', 'APPROVED           *                    =', 'purchase', 'RR', '5454***5454', 'M', '1101', '1', '7', '82225-0_7', 'CLIENT_ADMIN_ESCROW', 'CLIENT', '15', 'null', '', '', '', '', '', '', '', '', '', '', '', '', '', '', '', '', '', '', '', '', '', '', '', '', 'user2@sritechnocrat.com', '', ''),
(11, '2011-01-18 18:42:12', 'mhp9535623056', '2011-01-18', '08:12:12', '660021810016079180', '15.70', '004842', '027', '00', 'APPROVED           *                    =', 'purchase', 'Arindam Mukherjee', '5454***5454', 'M', '1401', '1', '7', '82247-0_7', 'LAWYER_DEPOSIT', 'LAWYER', '45c48cce2e2d7fbd62ea1afc51c7c6ad262', 'null', '', '', '', '', '', '', '', '', '', '', '', '', '', '', '', '', '', '', '', '', '', '', '', '', '', '', ''),
(12, '2011-01-19 17:09:45', 'mhp9543669341', '2011-01-19', '06:39:40', '660021810016070120', '1.00', '003978', '027', '01', 'APPROVED           *                    =', 'purchase', 'RD', '5454***5454', 'M', '1101', '1', '7', '82349-0_7', 'CLIENT_ADMIN_ESCROW', 'CLIENT', '15', 'null', '', '', '', '', '', '', '', '', '', '', '', '', '', '', '', '', '', '', '', '', '', '', '', '', 'user2@sritechnocrat.com', '', ''),
(13, '2011-01-22 17:52:24', 'mhp9569871666', '2011-01-22', '07:20:29', '660021820010911020', '1.00', '003577', '027', '01', 'APPROVED           *                    =', 'purchase', 'RD', '5454***5454', 'M', '1101', '1', '7', '969408-0_7', 'CLIENT_DEPOSIT', 'CLIENT', '15', 'null', '', '', '', '', '', '', '', '', '', '', '', '', '', '', '', '', '', '', '', '', '', '', '', '', 'user2@sritechnocrat.com', '', ''),
(14, '2011-01-24 19:55:48', 'mhp9587902765', '2011-01-24', '09:25:49', '660021810016072910', '1000.00', '005183', '027', '01', 'APPROVED           *                    =', 'purchase', 'Jayanta Jay', '5454***5454', 'M', '2201', '1', '7', '82705-0_7', 'CLIENT_DEPOSIT', 'CLIENT', '45', 'null', '', '', '', '', '', '', '', '', '', '', '', '', '', '', '', '', '', '', '', '', '', '', '', '', 'jayanta.karmakar@exactlly.com', '', ''),
(15, '2011-01-24 20:39:54', 'mhp9588167893', '2011-01-24', '10:09:55', '660064100010810970', '500.00', '003173', '027', '01', 'APPROVED           *                    =', 'purchase', 'RR', '5454***5454', 'M', '1101', '1', '7', '683066-0_7', 'CLIENT_DEPOSIT', 'CLIENT', '15', 'null', '', '', '', '', '', '', '', '', '', '', '', '', '', '', '', '', '', '', '', '', '', '', '', '', 'user2@sritechnocrat.com', '', ''),
(16, '2011-01-24 20:52:38', 'mhp9588244195', '2011-01-24', '10:22:40', '660064100010811060', '1000.00', '004167', '027', '01', 'APPROVED           *                    =', 'purchase', 'Jayanta Jay', '5454***5454', 'M', '1504', '1', '7', '683075-0_7', 'CLIENT_DEPOSIT', 'CLIENT', '45', 'null', '', '', '', '', '', '', '', '', '', '', '', '', '', '', '', '', '', '', '', '', '', '', '', '', 'jayanta.karmakar@exactlly.com', '', ''),
(17, '2011-01-24 21:08:58', 'mhp9588342651', '2011-01-24', '10:39:01', '660021810016073260', '1000.00', '003176', '027', '01', 'APPROVED           *                    =', 'purchase', 'RD', '5454***5454', 'M', '1101', '1', '7', '82740-0_7', 'CLIENT_DEPOSIT', 'CLIENT', '46', 'null', '', '', '', '', '', '', '', '', '', '', '', '', '', '', '', '', '', '', '', '', '', '', '', '', 'rituparna.das@exactlly.com', '', ''),
(18, '2011-01-25 12:27:39', 'mhp9593853914', '2011-01-25', '01:57:42', '660021820010913070', '500.00', '003048', '027', '01', 'APPROVED           *                    =', 'purchase', 'RR', '5454***5454', 'M', '1101', '1', '7', '969648-0_7', 'CLIENT_DEPOSIT', 'CLIENT', '46', 'null', '', '', '', '', '', '', '', '', '', '', '', '', '', '', '', '', '', '', '', '', '', '', '', '', 'rituparna.das@exactlly.com', '', ''),
(19, '2011-01-25 12:38:06', 'mhp9593917816', '2011-01-25', '02:08:09', '660064100010811960', '100.00', '002047', '027', '01', 'APPROVED           *                    =', 'purchase', 'RR', '5454***5454', 'M', '1101', '1', '7', '683172-0_7', 'CLIENT_DEPOSIT', 'CLIENT', '46', 'null', '', '', '', '', '', '', '', '', '', '', '', '', '', '', '', '', '', '', '', '', '', '', '', '', 'rituparna.das@exactlly.com', '', ''),
(20, '2011-01-25 13:02:37', 'mhp9594064817', '2011-01-25', '02:32:40', '660021810016074030', '50.00', '001047', '027', '01', 'APPROVED           *                    =', 'purchase', 'RR', '5454***5454', 'M', '1101', '1', '7', '82829-0_7', 'CLIENT_DEPOSIT', 'CLIENT', '46', 'null', '', '', '', '', '', '', '', '', '', '', '', '', '', '', '', '', '', '', '', '', '', '', '', '', 'rituparna.das@exactlly.com', '', ''),
(21, '2011-01-25 14:03:22', 'mhp9594428904', '2011-01-25', '03:33:22', '660021820010913110', '1000.00', '003052', '027', '01', 'APPROVED           *                    =', 'purchase', 'Jayanta Jay', '5454***5454', 'M', '1806', '1', '7', '969653-0_7', 'CLIENT_DEPOSIT', 'CLIENT', '45', 'null', '', '', '', '', '', '', '', '', '', '', '', '', '', '', '', '', '', '', '', '', '', '', '', '', 'jayanta.karmakar@exactlly.com', '', ''),
(22, '2011-01-25 17:44:54', 'mhp9595729115', '2011-01-25', '07:14:57', '660021820010913170', '30.00', '001056', '027', '01', 'APPROVED           *                    =', 'purchase', 'Souvik Mondal', '5454***5454', 'M', '1503', '1', '7', '969663-0_7', 'LAWYER_DEPOSIT', 'LAWYER', 'c9f0f895fb98ab918159f51fd0297e236d2', 'null', '', '', '', '', '', '', '', '', '', '', '', '', '', '', '', '', '', '', '', '', '', '', '', '', '', '', ''),
(23, '2011-01-25 17:49:44', 'mhp9595785345', '2011-01-25', '07:19:47', '660064100010812070', '115.00', '003057', '027', '01', 'APPROVED           *                    =', 'purchase', 'John', '5454***5454', 'M', '2001', '1', '7', '683187-0_7', 'LAWYER_DEPOSIT', 'LAWYER', '1679091c5a880faf806fb5e6087eb1b2dc2', 'null', '', '', '', '', '', '', '', '', '', '', '', '', '', '', '', '', '', '', '', '', '', '', '', '', '', '', ''),
(24, '2011-01-25 17:52:13', 'mhp9595802275', '2011-01-25', '07:22:16', '660021810016074110', '30.00', '001057', '027', '01', 'APPROVED           *                    =', 'purchase', 'Souvik Mondal', '5454***5454', 'M', '1301', '1', '7', '82841-0_7', 'LAWYER_DEPOSIT', 'LAWYER', '8f14e45fceea167a815a36dedd4bea25432', 'null', '', '', '', '', '', '', '', '', '', '', '', '', '', '', '', '', '', '', '', '', '', '', '', '', '', '', ''),
(25, '2011-01-25 17:54:47', 'mhp9595817974', '2011-01-25', '07:24:50', '660021820010913180', '30.00', '001058', '027', '01', 'APPROVED           *                    =', 'purchase', 'Souvik Mondal', '5454***5454', 'M', '1401', '1', '7', '969664-0_7', 'LAWYER_DEPOSIT', 'LAWYER', 'e4da3b7fbbce234581d7772b0674a318d52', 'null', '', '', '', '', '', '', '', '', '', '', '', '', '', '', '', '', '', '', '', '', '', '', '', '', '', '', ''),
(26, '2011-01-25 17:55:51', 'mhp9595824795', '2011-01-25', '07:25:54', '660064100010812080', '30.00', '003059', '027', '01', 'APPROVED           *                    =', 'purchase', 'Souvik Mondal', '5454***5454', 'M', '1301', '1', '7', '683188-0_7', 'LAWYER_DEPOSIT', 'LAWYER', '6512bd43d9caa6e0812c990b0a82652dca2', 'null', '', '', '', '', '', '', '', '', '', '', '', '', '', '', '', '', '', '', '', '', '', '', '', '', '', '', ''),
(27, '2011-01-25 18:03:26', 'mhp9595870270', '2011-01-25', '07:33:29', '660021810016074120', '10.00', '002059', '027', '01', 'APPROVED           *                    =', 'purchase', 'Souvik Mondal', '5454***5454', 'M', '1301', '1', '7', '82842-0_7', 'LAWYER_DEPOSIT', 'LAWYER', 'c51ce410c124a10e810db5e4b97fc2af392', 'null', '', '', '', '', '', '', '', '', '', '', '', '', '', '', '', '', '', '', '', '', '', '', '', '', '', '', ''),
(28, '2011-01-25 18:56:52', 'mhp9595870270', '2011-01-25', '07:33:29', '660021810016074120', '10.00', '002059', '027', '01', 'APPROVED           *                    =', 'purchase', 'Souvik Mondal', '5454***5454', 'M', '1301', '1', '7', '82842-0_7', 'LAWYER_DEPOSIT', 'LAWYER', 'c51ce410c124a10e810db5e4b97fc2af392', 'null', '', '', '', '', '', '', '', '', '', '', '', '', '', '', '', '', '', '', '', '', '', '', '', '', '', '', ''),
(29, '2011-01-25 19:09:53', 'mhp9596268956', '2011-01-25', '08:39:57', '660021820010913290', '50.00', '003065', '027', '01', 'APPROVED           *                    =', 'purchase', 'Souvik Mondal', '5454***5454', 'M', '1301', '1', '7', '969675-0_7', 'LAWYER_DEPOSIT', 'LAWYER', 'c51ce410c124a10e800db5e4b97fc2af392', 'null', '', '', '', '', '', '', '', '', '', '', '', '', '', '', '', '', '', '', '', '', '', '', '', '', '', '', ''),
(30, '2011-01-27 19:27:56', 'mhp9613655842', '2011-01-27', '08:57:58', '660021810016076450', '500.00', '003456', '027', '01', 'APPROVED           *                    =', 'purchase', 'Jayanta Jay', '5454***5454', 'M', '2005', '1', '7', '83112-0_7', 'CLIENT_ADMIN_ESCROW', 'CLIENT', '45', 'null', '', '', '', '', '', '', '', '', '', '', '', '', '', '', '', '', '', '', '', '', '', '', '', '', 'jayanta.karmakar@exactlly.com', '', ''),
(31, '2011-01-28 14:53:31', 'mhp9620648677', '2011-01-28', '04:23:29', '660064100010815710', '10.00', '003673', '027', '01', 'APPROVED           *                    =', 'purchase', 'RR', '5454***5454', 'M', '1101', '1', '7', '683615-0_7', 'CLIENT_ADMIN_ESCROW', 'CLIENT', '15', 'null', '', '', '', '', '', '', '', '', '', '', '', '', '', '', '', '', '', '', '', '', '', '', '', '', 'user2@sritechnocrat.com', '', ''),
(32, '2011-01-28 14:54:28', 'mhp9620648677', '2011-01-28', '04:23:29', '660064100010815710', '10.00', '003673', '027', '01', 'APPROVED           *                    =', 'purchase', 'RR', '5454***5454', 'M', '1101', '1', '7', '683615-0_7', 'CLIENT_ADMIN_ESCROW', 'CLIENT', '15', 'null', '', '', '', '', '', '', '', '', '', '', '', '', '', '', '', '', '', '', '', '', '', '', '', '', 'user2@sritechnocrat.com', '', ''),
(33, '2011-01-28 14:55:32', 'mhp9620648677', '2011-01-28', '04:23:29', '660064100010815710', '10.00', '003673', '027', '01', 'APPROVED           *                    =', 'purchase', 'RR', '5454***5454', 'M', '1101', '1', '7', '683615-0_7', 'CLIENT_ADMIN_ESCROW', 'CLIENT', '15', 'null', '', '', '', '', '', '', '', '', '', '', '', '', '', '', '', '', '', '', '', '', '', '', '', '', 'user2@sritechnocrat.com', '', ''),
(34, '2011-01-28 14:56:58', 'mhp9620648677', '2011-01-28', '04:23:29', '660064100010815710', '10.00', '003673', '027', '01', 'APPROVED           *                    =', 'purchase', 'RR', '5454***5454', 'M', '1101', '1', '7', '683615-0_7', 'CLIENT_ADMIN_ESCROW', 'CLIENT', '15', 'null', '', '', '', '', '', '', '', '', '', '', '', '', '', '', '', '', '', '', '', '', '', '', '', '', 'user2@sritechnocrat.com', '', ''),
(35, '2011-01-28 14:58:25', 'mhp9620648677', '2011-01-28', '04:23:29', '660064100010815710', '10.00', '003673', '027', '01', 'APPROVED           *                    =', 'purchase', 'RR', '5454***5454', 'M', '1101', '1', '7', '683615-0_7', 'CLIENT_ADMIN_ESCROW', 'CLIENT', '15', 'null', '', '', '', '', '', '', '', '', '', '', '', '', '', '', '', '', '', '', '', '', '', '', '', '', 'user2@sritechnocrat.com', '', ''),
(36, '2011-01-31 16:57:50', 'mhp9647311870', '2011-01-31', '06:27:51', '660021820010918290', '15.00', '002590', '027', '01', 'APPROVED           *                    =', 'purchase', 'Souvik Mondal', '5454***5454', 'M', '1402', '1', '7', '970284-0_7', 'LAWYER_DEPOSIT', 'LAWYER', 'd3d9446802a4425984755d38e6d163e8202', 'null', '', '', '', '', '', '', '', '', '', '', '', '', '', '', '', '', '', '', '', '', '', '', '', '', '', '', ''),
(37, '2011-02-01 13:18:42', 'mhp9654641300', '2011-02-01', '02:48:57', '660021810016079730', '10.00', '005260', '027', '01', 'APPROVED           *                    =', 'purchase', 'Souvik Mondal', '5454***5454', 'M', '1403', '1', '7', '83525-0_7', 'LAWYER_DEPOSIT', 'LAWYER', 'c9f0f895fb98ab918459f51fd0297e236d2', 'null', '', '', '', '', '', '', '', '', '', '', '', '', '', '', '', '', '', '', '', '', '', '', '', '', '', '', ''),
(38, '2011-02-01 15:02:02', 'mhp9655260402', '2011-02-01', '04:32:02', '660021820010918930', '500.00', '005263', '027', '01', 'APPROVED           *                    =', 'purchase', 'Souvik Mondal', '5454***5454', 'M', '1302', '1', '7', '970361-0_7', 'CLIENT_DEPOSIT', 'CLIENT', '48', 'null', '', '', '', '', '', '', '', '', '', '', '', '', '', '', '', '', '', '', '', '', '', '', '', '', 'gosouvik@rediffmail.com', '', ''),
(39, '2011-02-01 16:09:10', 'mhp9655663545', '2011-02-01', '05:39:12', '660021810016079770', '100.00', '004278', '027', '01', 'APPROVED           *                    =', 'purchase', 'Souvik Mondal', '5454***5454', 'M', '1302', '1', '7', '83531-0_7', 'CLIENT_DEPOSIT', 'CLIENT', '48', 'null', '', '', '', '', '', '', '', '', '', '', '', '', '', '', '', '', '', '', '', '', '', '', '', '', 'gosouvik@rediffmail.com', '', ''),
(40, '2011-02-01 16:09:51', 'mhp9655663545', '2011-02-01', '05:39:12', '660021810016079770', '100.00', '004278', '027', '01', 'APPROVED           *                    =', 'purchase', 'Souvik Mondal', '5454***5454', 'M', '1302', '1', '7', '83531-0_7', 'CLIENT_DEPOSIT', 'CLIENT', '48', 'null', '', '', '', '', '', '', '', '', '', '', '', '', '', '', '', '', '', '', '', '', '', '', '', '', 'gosouvik@rediffmail.com', '', ''),
(41, '2011-02-01 16:32:35', 'mhp9655663545', '2011-02-01', '05:39:12', '660021810016079770', '100.00', '004278', '027', '01', 'APPROVED           *                    =', 'purchase', 'Souvik Mondal', '5454***5454', 'M', '1302', '1', '7', '83531-0_7', 'CLIENT_DEPOSIT', 'CLIENT', '48', 'null', '', '', '', '', '', '', '', '', '', '', '', '', '', '', '', '', '', '', '', '', '', '', '', '', 'gosouvik@rediffmail.com', '', ''),
(42, '2011-02-01 16:35:59', 'mhp9655824458', '2011-02-01', '06:06:01', '660021820010918940', '500.00', '004281', '027', '01', 'APPROVED           *                    =', 'purchase', 'Souvik Mondal', '5454***5454', 'M', '1401', '1', '7', '970362-0_7', 'CLIENT_DEPOSIT', 'CLIENT', '48', 'null', '', '', '', '', '', '', '', '', '', '', '', '', '', '', '', '', '', '', '', '', '', '', '', '', 'gosouvik@rediffmail.com', '', ''),
(43, '2011-02-03 18:58:11', 'mhp9673957647', '2011-02-03', '08:28:14', '660021820010912170', '500.00', '006174', '027', '01', 'APPROVED           *                    =', 'purchase', 'Souvik Mondal', '5454***5454', 'M', '1301', '1', '7', '970712-0_7', 'CLIENT_DEPOSIT', 'CLIENT', '45', 'null', '', '', '', '', '', '', '', '', '', '', '', '', '', '', '', '', '', '', '', '', '', '', '', '', 'jayanta.karmakar@exactlly.com', '', ''),
(44, '2011-02-05 02:55:38', 'mhp9685458451', '2011-02-04', '16:25:47', '660021810016074350', '200.00', '004325', '027', '01', 'APPROVED           *                    =', 'purchase', 'Lucas Lucas', '5454***5454', 'M', '1102', '1', '7', '84078-0_7', 'CLIENT_DEPOSIT', 'CLIENT', '50', 'null', '', '', '', '', '', '', '', '', '', '', '', '', '', '', '', '', '', '', '', '', '', '', '', '', 'lovadokrova1@gmail.com', '', ''),
(45, '2011-02-05 04:26:51', 'mhp9686005562', '2011-02-04', '17:56:53', '660064100010812570', '500.00', '004333', '027', '01', 'APPROVED           *                    =', 'purchase', 'Lucas Lawyer', '5454***5454', 'M', '1102', '1', '7', '684429-0_7', 'LAWYER_DEPOSIT', 'LAWYER', 'e4da3b7fbbce234544d7772b0674a318d52', 'null', '', '', '', '', '', '', '', '', '', '', '', '', '', '', '', '', '', '', '', '', '', '', '', '', '', '', ''),
(46, '2011-02-05 11:06:43', 'mhp9688409778', '2011-02-05', '00:36:59', '660021820010913690', '500.00', '006347', '027', '01', 'APPROVED           *                    =', 'purchase', 'Souvik Mondal', '5454***5454', 'M', '1301', '1', '7', '970925-0_7', 'CLIENT_DEPOSIT', 'CLIENT', '49', 'null', '', '', '', '', '', '', '', '', '', '', '', '', '', '', '', '', '', '', '', '', '', '', '', '', 'alok.das@exactlly.com', '', ''),
(47, '2011-02-05 11:06:58', 'mhp9688409778', '2011-02-05', '00:36:59', '660021820010913690', '500.00', '006347', '027', '01', 'APPROVED           *                    =', 'purchase', 'Souvik Mondal', '5454***5454', 'M', '1301', '1', '7', '970925-0_7', 'CLIENT_DEPOSIT', 'CLIENT', '49', 'null', '', '', '', '', '', '', '', '', '', '', '', '', '', '', '', '', '', '', '', '', '', '', '', '', 'alok.das@exactlly.com', '', ''),
(48, '2011-02-05 11:13:48', 'mhp9688446734', '2011-02-05', '00:44:04', '660064100010812620', '100.00', '004339', '027', '01', 'APPROVED           *                    =', 'purchase', 'RR', '5454***5454', 'M', '1102', '1', '7', '684434-0_7', 'CLIENT_DEPOSIT', 'CLIENT', '46', 'null', '', '', '', '', '', '', '', '', '', '', '', '', '', '', '', '', '', '', '', '', '', '', '', '', 'rituparna.das@exactlly.com', '', ''),
(49, '2011-02-05 11:19:53', 'mhp9688487957', '2011-02-05', '00:50:10', '660021810016074530', '50.00', '005352', '027', '01', 'APPROVED           *                    =', 'purchase', 'RR', '5454***5454', 'M', '1102', '1', '7', '84096-0_7', 'CLIENT_DEPOSIT', 'CLIENT', '46', 'null', '', '', '', '', '', '', '', '', '', '', '', '', '', '', '', '', '', '', '', '', '', '', '', '', 'rituparna.das@exactlly.com', '', ''),
(50, '2011-02-05 11:51:54', 'mhp9688679783', '2011-02-05', '01:22:10', '660021820010913700', '100.00', '006348', '027', '01', 'APPROVED           *                    =', 'purchase', 'RR', '5454***5454', 'M', '1102', '1', '7', '970926-0_7', 'CLIENT_DEPOSIT', 'CLIENT', '46', 'null', '', '', '', '', '', '', '', '', '', '', '', '', '', '', '', '', '', '', '', '', '', '', '', '', 'rituparna.das@exactlly.com', '', ''),
(51, '2011-02-05 13:09:11', 'mhp9689144512', '2011-02-05', '02:39:28', '660064100010812630', '100.00', '006352', '027', '01', 'APPROVED           *                    =', 'purchase', 'RR', '5454***5454', 'M', '1102', '1', '7', '684438-0_7', 'CLIENT_DEPOSIT', 'CLIENT', '46', 'null', '', '', '', '', '', '', '', '', '', '', '', '', '', '', '', '', '', '', '', '', '', '', '', '', 'rituparna.das@exactlly.com', '', ''),
(52, '2011-02-05 14:16:36', 'mhp9689537334', '2011-02-05', '03:46:37', '660021820010913730', '1000.00', '005359', '027', '01', 'APPROVED           *                    =', 'purchase', 'Lucas', '5454***5454', 'M', '1102', '1', '7', '970932-0_7', 'CLIENT_DEPOSIT', 'CLIENT', '53', 'null', '', '', '', '', '', '', '', '', '', '', '', '', '', '', '', '', '', '', '', '', '', '', '', '', 'lovadokrova1@gmail.com', '', ''),
(53, '2011-02-05 14:45:13', 'mhp9689716364', '2011-02-05', '04:15:11', '660064100010812680', '5.00', '004348', '027', '01', 'APPROVED           *                    =', 'purchase', 'LucasS', '5454***5454', 'M', '1102', '1', '7', '684445-0_7', 'LAWYER_DEPOSIT', 'LAWYER', '45c48cce2e2d7fbd87ea1afc51c7c6ad262', 'null', '', '', '', '', '', '', '', '', '', '', '', '', '', '', '', '', '', '', '', '', '', '', '', '', '', '', ''),
(54, '2011-02-05 15:08:09', 'mhp9689854535', '2011-02-05', '04:38:05', '660021810016074590', '25.00', '005361', '027', '01', 'APPROVED           *                    =', 'purchase', 'lucas', '5454***5454', 'M', '1102', '1', '7', '84106-0_7', 'LAWYER_DEPOSIT', 'LAWYER', '45c48cce2e2d7fbd87ea1afc51c7c6ad262', 'null', '', '', '', '', '', '', '', '', '', '', '', '', '', '', '', '', '', '', '', '', '', '', '', '', '', '', ''),
(55, '2011-02-07 20:12:42', 'mhp9708962644', '2011-02-07', '09:42:46', '660064100010813030', '100.00', '004404', '027', '01', 'APPROVED           *                    =', 'purchase', 'Souvik Mondal', '5454***5454', 'M', '1502', '1', '7', '684505-0_7', 'LAWYER_DEPOSIT', 'LAWYER', '45', 'null', '', '', '', '', '', '', '', '', '', '', '', '', '', '', '', '', '', '', '', '', '', '', '', '', '', '', ''),
(56, '2011-02-07 20:26:00', 'mhp9709042991', '2011-02-07', '09:56:05', '660064100010813060', '100.00', '005419', '027', '01', 'APPROVED           *                    =', 'purchase', 'Souvik Mondal', '5454***5454', 'M', '1402', '1', '7', '684508-0_7', 'CLIENT_DEPOSIT', 'CLIENT', '45', 'null', '', '', '', '', '', '', '', '', '', '', '', '', '', '', '', '', '', '', '', '', '', '', '', '', 'jayanta.karmakar@exactlly.com', '', ''),
(57, '2011-02-08 11:08:44', 'mhp9714324733', '2011-02-08', '00:39:00', '660021810016076660', '40.00', '008827', '027', '01', 'APPROVED           *                    =', 'purchase', 'Lucas', '5454***5454', 'M', '1102', '1', '7', '89340-0_7', 'CLIENT_DEPOSIT', 'CLIENT', '53', 'null', '', '', '', '', '', '', '', '', '', '', '', '', '', '', '', '', '', '', '', '', '', '', '', '', 'lovadokrova1@gmail.com', '', ''),
(58, '2011-02-08 11:12:00', 'mhp9714324733', '2011-02-08', '00:39:00', '660021810016076660', '40.00', '008827', '027', '01', 'APPROVED           *                    =', 'purchase', 'Lucas', '5454***5454', 'M', '1102', '1', '7', '89340-0_7', 'CLIENT_DEPOSIT', 'CLIENT', '53', 'null', '', '', '', '', '', '', '', '', '', '', '', '', '', '', '', '', '', '', '', '', '', '', '', '', 'lovadokrova1@gmail.com', '', ''),
(59, '2011-02-08 11:12:10', 'mhp9714324733', '2011-02-08', '00:39:00', '660021810016076660', '40.00', '008827', '027', '01', 'APPROVED           *                    =', 'purchase', 'Lucas', '5454***5454', 'M', '1102', '1', '7', '89340-0_7', 'CLIENT_DEPOSIT', 'CLIENT', '53', 'null', '', '', '', '', '', '', '', '', '', '', '', '', '', '', '', '', '', '', '', '', '', '', '', '', 'lovadokrova1@gmail.com', '', ''),
(60, '2011-02-09 19:38:29', 'mhp9726038094', '2011-02-09', '09:08:31', '660021810016078260', '300.00', '014016', '027', '01', 'APPROVED           *                    =', 'purchase', 'Alok Das', '5454***5454', 'M', '1302', '1', '7', '92523-0_7', 'LAWYER_DEPOSIT', 'LAWYER', 'd3d9446802a4425985755d38e6d163e8202', 'null', '', '', '', '', '', '', '', '', '', '', '', '', '', '', '', '', '', '', '', '', '', '', '', '', '', '', ''),
(61, '2011-02-09 19:47:46', 'mhp9726093415', '2011-02-09', '09:17:46', '660021820010917480', '500.00', '013028', '027', '01', 'APPROVED           *                    =', 'purchase', 'Alok Das', '5454***5454', 'M', '1302', '1', '7', '979357-0_7', 'LAWYER_DEPOSIT', 'LAWYER', '45c48cce2e2d7fbd88ea1afc51c7c6ad262', 'null', '', '', '', '', '', '', '', '', '', '', '', '', '', '', '', '', '', '', '', '', '', '', '', '', '', '', ''),
(62, '2011-02-16 14:57:59', 'mhp9784834093', '2011-02-16', '04:28:00', '660064100010117320', '15.00', '003062', '027', '01', 'APPROVED           *                    =', 'purchase', 'Souvik Mondal', '5454***5454', 'M', '1301', '1', '7', '727693-0_7', 'LAWYER_DEPOSIT', 'LAWYER', 'aab3238922bcc25a896f606eb525ffdc562', 'null', '', '', '', '', '', '', '', '', '', '', '', '', '', '', '', '', '', '', '', '', '', '', '', '', '', '', ''),
(63, '2011-02-16 15:01:54', 'mhp9784857857', '2011-02-16', '04:31:55', '660064100010117330', '5.00', '003063', '027', '01', 'APPROVED           *                    =', 'purchase', 'Souvik Mondal', '5454***5454', 'M', '1301', '1', '7', '727694-0_7', 'LAWYER_DEPOSIT', 'LAWYER', 'e4da3b7fbbce234589d7772b0674a318d52', 'null', '', '', '', '', '', '', '', '', '', '', '', '', '', '', '', '', '', '', '', '', '', '', '', '', '', '', ''),
(64, '2011-02-16 15:05:48', 'mhp9784881391', '2011-02-16', '04:35:49', '660064100010117340', '10.00', '003068', '027', '01', 'APPROVED           *                    =', 'purchase', 'Souvik Mondal', '5454***5454', 'M', '1301', '1', '7', '727695-0_7', 'LAWYER_DEPOSIT', 'LAWYER', '6512bd43d9caa6e0892c990b0a82652dca2', 'null', '', '', '', '', '', '', '', '', '', '', '', '', '', '', '', '', '', '', '', '', '', '', '', '', '', '', ''),
(65, '2011-02-16 15:20:05', 'mhp9784966960', '2011-02-16', '04:50:06', '660064100010117410', '15.00', '005075', '027', '01', 'APPROVED           *                    =', 'purchase', 'Souvik Mondal', '5454***5454', 'M', '1301', '1', '7', '727702-0_7', 'LAWYER_DEPOSIT', 'LAWYER', 'd3d9446802a4425989755d38e6d163e8202', 'null', '', '', '', '', '', '', '', '', '', '', '', '', '', '', '', '', '', '', '', '', '', '', '', '', '', '', ''),
(66, '2011-02-16 16:36:30', 'mhp9785407760', '2011-02-16', '06:06:20', '660064100010118250', '20.00', '004078', '027', '01', 'APPROVED           *                    =', 'purchase', 'daniel', '5454***5454', 'M', '1102', '1', '7', '727786-0_7', 'CLIENT_DEPOSIT', 'CLIENT', '58', 'null', '', '', '', '', '', '', '', '', '', '', '', '', '', '', '', '', '', '', '', '', '', '', '', '', 'daniel@exactlly.com', '', ''),
(67, '2011-02-17 17:00:48', 'mhp9794205311', '2011-02-17', '06:30:48', '660064100010172460', '30.00', '003575', '027', '01', 'APPROVED           *                    =', 'purchase', 'daniel', '5454***5454', 'M', '1106', '1', '7', '731416-0_7', 'LAWYER_DEPOSIT', 'LAWYER', 'c9f0f895fb98ab919459f51fd0297e236d2', 'null', '', '', '', '', '', '', '', '', '', '', '', '', '', '', '', '', '', '', '', '', '', '', '', '', '', '', ''),
(68, '2011-02-17 17:16:11', 'mhp9794302741', '2011-02-17', '06:46:11', '660064100010172480', '200.00', '003576', '027', '01', 'APPROVED           *                    =', 'purchase', 'Jayanta Jay', '5454***5454', 'M', '1802', '1', '7', '731420-0_7', 'CLIENT_DEPOSIT', 'CLIENT', '59', 'null', '', '', '', '', '', '', '', '', '', '', '', '', '', '', '', '', '', '', '', '', '', '', '', '', 'jayanta.karmakar@exactlly.com', '', ''),
(69, '2011-02-17 19:03:09', 'mhp9794939127', '2011-02-17', '08:33:11', '660064100010190540', '200.00', '003615', '027', '01', 'APPROVED           *                    =', 'purchase', 'RR', '5454***5454', 'M', '1402', '1', '7', '731478-0_7', 'CLIENT_DEPOSIT', 'CLIENT', '15', 'null', '', '', '', '', '', '', '', '', '', '', '', '', '', '', '', '', '', '', '', '', '', '', '', '', 'user2@sritechnocrat.com', '', ''),
(70, '2011-02-17 20:03:48', 'mhp9795309046', '2011-02-17', '09:33:51', '660064100010192200', '100.00', '003856', '027', '01', 'APPROVED           *                    =', 'purchase', 'RR', '5454***5454', 'M', '1102', '1', '7', '733645-0_7', 'CLIENT_DEPOSIT', 'CLIENT', '15', 'null', '', '', '', '', '', '', '', '', '', '', '', '', '', '', '', '', '', '', '', '', '', '', '', '', 'user2@sritechnocrat.com', '', ''),
(71, '2011-02-18 17:19:34', 'mhp9802963118', '2011-02-18', '06:49:34', '660064100010193900', '100.00', '006189', '027', '01', 'APPROVED           *                    =', 'purchase', 'RR', '5454***5454', 'M', '1202', '1', '7', '743836-0_7', 'CLIENT_ADMIN_ESCROW', 'CLIENT', '15', 'null', '', '', '', '', '', '', '', '', '', '', '', '', '', '', '', '', '', '', '', '', '', '', '', '', 'user2@sritechnocrat.com', '', ''),
(72, '2011-02-18 18:41:31', 'mhp9803454548', '2011-02-18', '08:11:32', '660064100010210500', '100.00', '007216', '027', '01', 'APPROVED           *                    =', 'purchase', 'Jayanta Jay', '5454***5454', 'M', '1602', '1', '7', '743895-0_7', 'CLIENT_DEPOSIT', 'CLIENT', '60', 'null', '', '', '', '', '', '', '', '', '', '', '', '', '', '', '', '', '', '', '', '', '', '', '', '', 'karmakar.jayanta@gmail.com', '', ''),
(73, '2011-02-18 19:37:33', 'mhp9803789794', '2011-02-18', '09:07:35', '660064100010210600', '500.00', '007219', '027', '01', 'APPROVED           *                    =', 'purchase', 'RR', '5454***5454', 'M', '1202', '1', '7', '743905-0_7', 'LAWYER_DEPOSIT', 'LAWYER', '9bf31c7ff062936a9596d3c8bd1f8f2ff32', 'null', '', '', '', '', '', '', '', '', '', '', '', '', '', '', '', '', '', '', '', '', '', '', '', '', '', '', ''),
(74, '2011-02-18 20:35:43', 'mhp9804140095', '2011-02-18', '10:05:46', '660064100010214290', '500.00', '007360', '027', '01', 'APPROVED           *                    =', 'purchase', 'Jayanta Jay', '5454***5454', 'M', '1602', '1', '7', '745275-0_7', 'CLIENT_ADMIN_ESCROW', 'CLIENT', '60', 'null', '', '', '', '', '', '', '', '', '', '', '', '', '', '', '', '', '', '', '', '', '', '', '', '', 'karmakar.jayanta@gmail.com', '', ''),
(75, '2011-03-01 22:41:37', 'mhp9899929762', '2011-03-01', '12:11:32', '660064100010186830', '55.00', '012821', '027', '01', 'APPROVED           *                    =', 'purchase', 'Lucas Lawyer', '5454***5454', 'M', '1103', '1', '7', '802366-0_7', 'LAWYER_DEPOSIT', 'LAWYER', '6512bd43d9caa6e0982c990b0a82652dca2', 'null', '', '', '', '', '', '', '', '', '', '', '', '', '', '', '', '', '', '', '', '', '', '', '', '', '', '', ''),
(76, '2011-03-01 22:42:22', 'mhp9899929762', '2011-03-01', '12:11:32', '660064100010186830', '55.00', '012821', '027', '01', 'APPROVED           *                    =', 'purchase', 'Lucas Lawyer', '5454***5454', 'M', '1103', '1', '7', '802366-0_7', 'LAWYER_DEPOSIT', 'LAWYER', '6512bd43d9caa6e0982c990b0a82652dca2', 'null', '', '', '', '', '', '', '', '', '', '', '', '', '', '', '', '', '', '', '', '', '', '', '', '', '', '', ''),
(77, '2011-03-01 22:43:17', 'mhp9899941984', '2011-03-01', '12:13:12', '660064100010186850', '55.00', '010809', '027', '01', 'APPROVED           *                    =', 'purchase', 'Lucas Lawyer', '5454***5454', 'M', '1103', '1', '7', '802368-0_7', 'LAWYER_DEPOSIT', 'LAWYER', '6512bd43d9caa6e0982c990b0a82652dca2', 'null', '', '', '', '', '', '', '', '', '', '', '', '', '', '', '', '', '', '', '', '', '', '', '', '', '', '', ''),
(78, '2011-03-02 16:28:26', 'mhp9906333825', '2011-03-02', '05:58:24', '660064100010189220', '1.00', '012069', '027', '01', 'APPROVED           *                    =', 'purchase', 'RR', '5454***5454', 'M', '1203', '1', '7', '802624-0_7', 'CLIENT_DEPOSIT', 'CLIENT', '15', 'null', '', '', '', '', '', '', '', '', '', '', '', '', '', '', '', '', '', '', '', '', '', '', '', '', 'user2@sritechnocrat.com', '', ''),
(79, '2011-03-02 16:42:01', 'mhp9906413974', '2011-03-02', '06:11:58', '660064100010189230', '1.00', '011074', '027', '01', 'APPROVED           *                    =', 'purchase', 'Rituparna Das', '5454***5454', 'M', '1103', '1', '7', '802625-0_7', 'CLIENT_DEPOSIT', 'CLIENT', '15', 'null', '', '', '', '', '', '', '', '', '', '', '', '', '', '', '', '', '', '', '', '', '', '', '', '', 'user2@sritechnocrat.com', '', ''),
(80, '2011-03-02 17:24:55', 'mhp9906669139', '2011-03-02', '06:54:50', '660064100010189250', '1.00', '012071', '027', '01', 'APPROVED           *                    =', 'purchase', 'Rituparna Das', '5454***5454', 'M', '1103', '1', '7', '802627-0_7', 'LAWYER_DEPOSIT', 'LAWYER', '45c48cce2e2d7fbd62ea1afc51c7c6ad262', 'null', '', '', '', '', '', '', '', '', '', '', '', '', '', '', '', '', '', '', '', '', '', '', '', '', '', '', ''),
(81, '2011-03-17 12:46:44', 'mhp0034609087', '2011-03-17', '03:16:43', '660064100010740660', '100.00', '001713', '027', '01', 'APPROVED           *                    =', 'purchase', 'RituC', '5454***5454', 'M', '1103', '1', '7', '829300-0_7', 'CLIENT_DEPOSIT', 'CLIENT', '67', 'null', '', '', '', '', '', '', '', '', '', '', '', '', '', '', '', '', '', '', '', '', '', '', '', '', 'rituparna.das@exactlly.com', '', ''),
(82, '2011-03-23 16:32:56', 'mhp0087811219', '2011-03-23', '07:02:54', '660064100010850760', '1000.00', '001546', '027', '01', 'APPROVED           *                    =', 'purchase', 'Jayanta Jay', '5454***5454', 'M', '1503', '1', '7', '836657-0_7', 'CLIENT_DEPOSIT', 'CLIENT', '66', 'null', '', '', '', '', '', '', '', '', '', '', '', '', '', '', '', '', '', '', '', '', '', '', '', '', 'jayanta.karmakar@exactlly.com', '', ''),
(83, '2011-03-29 19:44:30', 'mhp0140804434', '2011-03-29', '10:14:26', '660064100010960390', '300.00', '004302', '027', '01', 'APPROVED           *                    =', 'purchase', 'Jayanta Jay', '5454***5454', 'M', '1503', '1', '7', '847951-0_7', 'CLIENT_DEPOSIT', 'CLIENT', '68', 'null', '', '', '', '', '', '', '', '', '', '', '', '', '', '', '', '', '', '', '', '', '', '', '', '', 'jayanta.karmakar@exactlly.com', '', ''),
(84, '2011-03-30 13:35:36', 'mhp0147231946', '2011-03-30', '04:05:34', '660064100010962390', '1200.00', '004441', '027', '01', 'APPROVED           *                    =', 'purchase', 'Jayanta Jay', '5454***5454', 'M', '1503', '1', '7', '848170-0_7', 'CLIENT_DEPOSIT', 'CLIENT', '68', 'null', '', '', '', '', '', '', '', '', '', '', '', '', '', '', '', '', '', '', '', '', '', '', '', '', 'jayanta.karmakar@exactlly.com', '', ''),
(85, '2011-04-01 18:16:44', 'mhp0166195435', '2011-04-01', '08:46:39', '660064100011010090', '10.00', '003983', '027', '01', 'APPROVED           *                    =', 'purchase', 'Ritu', '5454***5454', 'M', '1104', '1', '7', '851632-0_7', 'CLIENT_DEPOSIT', 'CLIENT', '15', 'null', '', '', '', '', '', '', '', '', '', '', '', '', '', '', '', '', '', '', '', '', '', '', '', '', 'user2@sritechnocrat.com', '', ''),
(86, '2011-04-01 18:20:09', 'mhp0166219492', '2011-04-01', '08:50:07', '660064100011010100', '10.00', '005981', '027', '01', 'APPROVED           *                    =', 'purchase', 'Ritu', '5454***5454', 'M', '1104', '1', '7', '851633-0_7', 'CLIENT_DEPOSIT', 'CLIENT', '15', 'null', '', '', '', '', '', '', '', '', '', '', '', '', '', '', '', '', '', '', '', '', '', '', '', '', 'user2@sritechnocrat.com', '', ''),
(87, '2011-04-01 18:23:08', 'mhp0166237733', '2011-04-01', '08:53:05', '660064100011010110', '1.00', '005982', '027', '01', 'APPROVED           *                    =', 'purchase', 'Ritu', '5454***5454', 'M', '1104', '1', '7', '851634-0_7', 'CLIENT_DEPOSIT', 'CLIENT', '15', 'null', '', '', '', '', '', '', '', '', '', '', '', '', '', '', '', '', '', '', '', '', '', '', '', '', 'user2@sritechnocrat.com', '', ''),
(88, '2011-04-01 18:26:25', 'mhp0166257206', '2011-04-01', '08:56:21', '660064100011010120', '1.00', '005000', '027', '01', 'APPROVED           *                    =', 'purchase', 'Ritu', '5454***5454', 'M', '1104', '1', '7', '851635-0_7', 'CLIENT_DEPOSIT', 'CLIENT', '15', 'null', '', '', '', '', '', '', '', '', '', '', '', '', '', '', '', '', '', '', '', '', '', '', '', '', 'user2@sritechnocrat.com', '', ''),
(89, '2011-04-06 14:30:21', 'mhp0208039658', '2011-04-06', '05:00:19', '660064100011054980', '100.00', '007149', '027', '01', 'APPROVED           *                    =', 'purchase', 'Jayanta Jay', '5454***5454', 'M', '1504', '1', '7', '872248-0_7', 'LAWYER_DEPOSIT', 'LAWYER', 'aab3238922bcc25a1036f606eb525ffdc563', 'null', '', '', '', '', '', '', '', '', '', '', '', '', '', '', '', '', '', '', '', '', '', '', '', '', '', '', ''),
(90, '2011-04-06 15:16:04', 'mhp0208311932', '2011-04-06', '05:46:02', '660064100011055170', '8.00', '806125', '027', '01', 'APPROVED           *                    =', 'purchase', 'John', '5454***5454', 'M', '1505', '1', '7', '872267-0_7', 'CLIENT_DEPOSIT', 'CLIENT', '70', 'null', '', '', '', '', '', '', '', '', '', '', '', '', '', '', '', '', '', '', '', '', '', '', '', '', 'jayanta_rcc@yahoo.co.in', '', ''),
(91, '2011-04-07 11:31:49', 'mhp0215603537', '2011-04-07', '02:01:46', '660064100011062300', '20.00', '007278', '027', '01', 'APPROVED           *                    =', 'purchase', 'Lucas', '5454***5454', 'M', '1104', '1', '7', '872653-0_7', 'CLIENT_DEPOSIT', 'CLIENT', '71', 'null', '', '', '', '', '', '', '', '', '', '', '', '', '', '', '', '', '', '', '', '', '', '', '', '', 'xenif911@yahoo.ca', '', ''),
(92, '2011-04-07 12:08:34', 'mhp0215827717', '2011-04-07', '02:38:33', '660064100011062340', '200.00', '006256', '027', '01', 'APPROVED           *                    =', 'purchase', 'Lucas Lawyer', '5454***5454', 'M', '1104', '1', '7', '872657-0_7', 'LAWYER_DEPOSIT', 'LAWYER', 'aab3238922bcc25a1046f606eb525ffdc563', 'null', '', '', '', '', '', '', '', '', '', '', '', '', '', '', '', '', '', '', '', '', '', '', '', '', '', '', ''),
(93, '2011-04-08 11:41:39', 'mhp0224308066', '2011-04-08', '02:11:36', '660064100011081270', '600.00', '007380', '027', '01', 'APPROVED           *                    =', 'purchase', 'Lucas', '5454***5454', 'M', '1104', '1', '7', '872978-0_7', 'CLIENT_DEPOSIT', 'CLIENT', '71', 'null', '', '', '', '', '', '', '', '', '', '', '', '', '', '', '', '', '', '', '', '', '', '', '', '', 'xenif911@yahoo.ca', '', ''),
(94, '2011-04-13 15:30:54', 'mhp0268884094', '2011-04-13', '06:00:51', '660064100011142820', '100.00', '009106', '027', '01', 'APPROVED           *                    =', 'purchase', 'Ritu', '5454***5454', 'M', '1104', '1', '7', '874064-0_7', 'CLIENT_DEPOSIT', 'CLIENT', '69', 'null', '', '', '', '', '', '', '', '', '', '', '', '', '', '', '', '', '', '', '', '', '', '', '', '', 'rituparna.das@exactlly.com', '', ''),
(95, '2011-04-13 16:09:57', 'mhp0269115303', '2011-04-13', '06:39:55', '660064100011142830', '100.00', '009119', '027', '01', 'APPROVED           *                    =', 'purchase', 'Ritu', '5454***5454', 'M', '1104', '1', '7', '874065-0_7', 'LAWYER_DEPOSIT', 'LAWYER', 'c51ce410c124a10e1020db5e4b97fc2af393', 'null', '', '', '', '', '', '', '', '', '', '', '', '', '', '', '', '', '', '', '', '', '', '', '', '', '', '', ''),
(96, '2011-04-13 16:27:16', 'mhp0269221514', '2011-04-13', '06:57:15', '660064100011142840', '1.00', '009125', '027', '01', 'APPROVED           *                    =', 'purchase', 'ritu', '5454***5454', 'M', '1104', '1', '7', '874066-0_7', 'LAWYER_DEPOSIT', 'LAWYER', '45c48cce2e2d7fbd102ea1afc51c7c6ad263', 'null', '', '', '', '', '', '', '', '', '', '', '', '', '', '', '', '', '', '', '', '', '', '', '', '', '', '', ''),
(97, '2011-04-13 19:08:07', 'mhp0270187331', '2011-04-13', '09:38:03', '660064100011150380', '200.00', '007192', '027', '01', 'APPROVED           *                    =', 'purchase', 'Ritu', '5454***5454', 'M', '1104', '1', '7', '874114-0_7', 'CLIENT_DEPOSIT', 'CLIENT', '68', 'null', '', '', '', '', '', '', '', '', '', '', '', '', '', '', '', '', '', '', '', '', '', '', '', '', 'jayanta.karmakar@exactlly.com', '', ''),
(98, '2011-04-16 11:36:36', 'mhp0293398498', '2011-04-16', '02:06:34', '660064100011205610', '30.00', '002340', '027', '01', 'APPROVED           *                    =', 'purchase', 'Ritu', '5454***5454', 'M', '1104', '1', '7', '875328-0_7', 'CLIENT_DEPOSIT', 'CLIENT', '69', 'null', '', '', '', '', '', '', '', '', '', '', '', '', '', '', '', '', '', '', '', '', '', '', '', '', 'rituparna.das@exactlly.com', '', ''),
(99, '2011-04-23 09:00:54', 'mhp0352939629', '2011-04-22', '23:30:45', '660064100011330530', '300.00', '006515', '027', '01', 'APPROVED           *                    =', 'purchase', 'client test', '5454***5454', 'M', '1104', '1', '7', '876821-0_7', 'CLIENT_DEPOSIT', 'CLIENT', '73', 'null', '', '', '', '', '', '', '', '', '', '', '', '', '', '', '', '', '', '', '', '', '', '', '', '', 'info@salesteam.ca', '', ''),
(100, '2011-05-02 18:47:00', 'mhp0434218486', '2011-05-02', '09:16:39', '660064100011460320', '10.00', '003908', '027', '01', 'APPROVED           *                    =', 'purchase', 'Ritu', '5454***5454', 'M', '1105', '1', '7', '879768-0_7', 'LAWYER_DEPOSIT', 'LAWYER', '45c48cce2e2d7fbd62ea1afc51c7c6ad262', 'null', '', '', '', '', '', '', '', '', '', '', '', '', '', '', '', '', '', '', '', '', '', '', '', '', '', '', '');

-- --------------------------------------------------------

--
-- Table structure for table `lm_expertise_tbl`
--

CREATE TABLE IF NOT EXISTS `lm_expertise_tbl` (
  `ExpertiseId` int(11) NOT NULL AUTO_INCREMENT,
  `ExpertiseName` varchar(255) NOT NULL DEFAULT '',
  `LawyerCategoryId` int(11) NOT NULL DEFAULT '0',
  PRIMARY KEY (`ExpertiseId`)
) ENGINE=MyISAM  DEFAULT CHARSET=latin1 AUTO_INCREMENT=31 ;

--
-- Dumping data for table `lm_expertise_tbl`
--

INSERT INTO `lm_expertise_tbl` (`ExpertiseId`, `ExpertiseName`, `LawyerCategoryId`) VALUES
(25, 'Workers Compensations', 1),
(27, 'Workers Compensation', 3),
(28, 'some exp', 1),
(29, 'some more exp', 1),
(30, 'Criminal', 17);

-- --------------------------------------------------------

--
-- Table structure for table `lm_faq_tbl`
--

CREATE TABLE IF NOT EXISTS `lm_faq_tbl` (
  `FaqId` int(11) NOT NULL AUTO_INCREMENT,
  `FaqQuestion` longtext NOT NULL,
  `FaqAnswer` longtext NOT NULL,
  `FaqDate` timestamp NOT NULL DEFAULT CURRENT_TIMESTAMP,
  PRIMARY KEY (`FaqId`)
) ENGINE=MyISAM  DEFAULT CHARSET=latin1 AUTO_INCREMENT=9 ;

--
-- Dumping data for table `lm_faq_tbl`
--

INSERT INTO `lm_faq_tbl` (`FaqId`, `FaqQuestion`, `FaqAnswer`, `FaqDate`) VALUES
(8, 'Why do I need to pay for this service?', 'This site is independent from any other organization. Funds collected are spent for advertising and support.', '2011-04-23 01:11:05');

-- --------------------------------------------------------

--
-- Table structure for table `lm_feedbackdetail_tbl`
--

CREATE TABLE IF NOT EXISTS `lm_feedbackdetail_tbl` (
  `FeedbackDetailId` int(11) NOT NULL AUTO_INCREMENT,
  `FeedbackId` int(11) NOT NULL DEFAULT '0',
  `CreateDate` timestamp NOT NULL DEFAULT CURRENT_TIMESTAMP,
  `MilestoneId` int(11) NOT NULL DEFAULT '0',
  `FeedbackToClient` text,
  `RatingToClient` int(1) NOT NULL DEFAULT '0',
  `RatingToLawyer` int(1) NOT NULL DEFAULT '0',
  `FeedbackToLawyer` text,
  `LawyerId` int(11) NOT NULL DEFAULT '0',
  `ClinetId` int(11) NOT NULL DEFAULT '0',
  `HideFeedback` int(1) NOT NULL DEFAULT '0',
  PRIMARY KEY (`FeedbackDetailId`)
) ENGINE=MyISAM  DEFAULT CHARSET=latin1 AUTO_INCREMENT=22 ;

--
-- Dumping data for table `lm_feedbackdetail_tbl`
--

INSERT INTO `lm_feedbackdetail_tbl` (`FeedbackDetailId`, `FeedbackId`, `CreateDate`, `MilestoneId`, `FeedbackToClient`, `RatingToClient`, `RatingToLawyer`, `FeedbackToLawyer`, `LawyerId`, `ClinetId`, `HideFeedback`) VALUES
(1, 1, '2011-02-25 18:02:29', 5, 'Daniel is great.', 5, 4, 'Sharon is good at his work.', 62, 15, 0),
(3, 3, '2011-02-25 20:08:14', 73, '', 0, 4, 'Communication is not up to the mark otherwise good.', 95, 60, 0),
(4, 4, '2011-03-01 16:54:36', 81, 'Excellent client!!', 5, 5, 'Excellent work done!! I will hire him again.', 99, 62, 0),
(5, 5, '2011-03-18 16:00:51', 93, 'RituC is good during work.', 4, 0, NULL, 101, 67, 0),
(9, 9, '2011-03-31 18:29:13', 100, 'Well assistance.', 5, 5, 'Worked well.', 102, 69, 0),
(8, 8, '2011-03-24 20:57:44', 97, 'Very good as client', 5, 5, 'Very good', 101, 67, 0),
(10, 10, '2011-03-31 21:02:57', 107, 'Thanks for the payment.. ', 5, 5, 'Did a good job for me.', 99, 68, 0),
(11, 11, '2011-04-01 12:24:20', 92, 'good', 0, 0, 'good as lawyer', 62, 15, 0),
(12, 12, '2011-04-01 12:24:50', 92, NULL, 0, 4, 'good', 62, 15, 0),
(13, 13, '2011-04-01 13:10:27', 90, 'Very good', 5, 4, 'test test...', 62, 15, 0),
(14, 14, '2011-04-08 12:54:27', 111, 'Efficient client.', 5, 5, 'Very efficient work.', 62, 15, 0),
(15, 15, '2011-04-08 15:39:54', 112, 'Thanks for quick payment', 5, 0, 'Sharon you are welcome.', 62, 15, 0),
(16, 16, '2011-04-14 10:45:19', 110, 'very good service', 5, 5, 'everything went as planned', 104, 71, 0),
(17, 17, '2011-04-21 07:12:47', 109, 'Client paid as promissed', 4, 5, 'Good work', 104, 71, 0),
(18, 18, '2011-04-21 07:13:52', 124, 'Client was very cooperative', 5, 5, 'Very good, but it is mixing Ilestones here', 104, 71, 0),
(19, 19, '2011-04-21 14:02:18', 119, 'Good client.', 4, 4, 'Good work', 102, 69, 0),
(20, 20, '2011-04-21 14:11:28', 125, 'Very good client.', 5, 5, 'Very good work.', 102, 69, 0),
(21, 21, '2011-04-21 15:14:04', 128, 'Very good client.', 5, 5, 'Very good.', 102, 69, 0);

-- --------------------------------------------------------

--
-- Table structure for table `lm_feedbackmaster_tbl`
--

CREATE TABLE IF NOT EXISTS `lm_feedbackmaster_tbl` (
  `FeedbackId` int(11) NOT NULL AUTO_INCREMENT,
  `CaseId` int(11) NOT NULL DEFAULT '0',
  `Status` int(1) NOT NULL DEFAULT '0',
  `CreateDate` timestamp NOT NULL DEFAULT CURRENT_TIMESTAMP,
  PRIMARY KEY (`FeedbackId`)
) ENGINE=MyISAM  DEFAULT CHARSET=latin1 AUTO_INCREMENT=22 ;

--
-- Dumping data for table `lm_feedbackmaster_tbl`
--

INSERT INTO `lm_feedbackmaster_tbl` (`FeedbackId`, `CaseId`, `Status`, `CreateDate`) VALUES
(1, 43, 1, '2011-02-25 18:02:29'),
(3, 95, 1, '2011-02-25 20:08:14'),
(4, 103, 1, '2011-03-01 16:54:36'),
(5, 111, 1, '2011-03-18 16:00:51'),
(8, 115, 1, '2011-03-24 20:57:44'),
(9, 119, 1, '2011-03-31 18:29:12'),
(10, 117, 1, '2011-03-31 21:02:57'),
(11, 107, 1, '2011-04-01 12:24:20'),
(12, 107, 1, '2011-04-01 12:24:50'),
(13, 107, 1, '2011-04-01 13:10:27'),
(14, 118, 1, '2011-04-08 12:54:27'),
(15, 118, 1, '2011-04-08 15:39:54'),
(16, 121, 1, '2011-04-14 10:45:18'),
(17, 121, 1, '2011-04-21 07:12:47'),
(18, 121, 1, '2011-04-21 07:13:51'),
(19, 122, 1, '2011-04-21 14:02:18'),
(20, 124, 1, '2011-04-21 14:11:28'),
(21, 125, 1, '2011-04-21 15:14:04');

-- --------------------------------------------------------

--
-- Table structure for table `lm_feedback_tbl`
--

CREATE TABLE IF NOT EXISTS `lm_feedback_tbl` (
  `FeedbackId` int(11) NOT NULL AUTO_INCREMENT,
  `FeedbackCaseId` int(11) NOT NULL DEFAULT '0',
  `FeedbackClientId` int(11) NOT NULL DEFAULT '0',
  `FeedbackLawyerId` int(11) NOT NULL DEFAULT '0',
  `FeedbackRate` int(11) NOT NULL DEFAULT '0',
  `FeedbackMessage` longtext NOT NULL,
  `FeedbackSubmittedBy` char(1) NOT NULL DEFAULT '',
  `FeedbackStatus` int(11) NOT NULL DEFAULT '0',
  `FeedbackDate` timestamp NOT NULL DEFAULT CURRENT_TIMESTAMP,
  PRIMARY KEY (`FeedbackId`)
) ENGINE=MyISAM  DEFAULT CHARSET=latin1 AUTO_INCREMENT=26 ;

--
-- Dumping data for table `lm_feedback_tbl`
--

INSERT INTO `lm_feedback_tbl` (`FeedbackId`, `FeedbackCaseId`, `FeedbackClientId`, `FeedbackLawyerId`, `FeedbackRate`, `FeedbackMessage`, `FeedbackSubmittedBy`, `FeedbackStatus`, `FeedbackDate`) VALUES
(25, 4, 15, 44, 10, 'Testing feedback', 'C', 0, '2011-01-22 11:01:29');

-- --------------------------------------------------------

--
-- Table structure for table `lm_forumpost_tbl`
--

CREATE TABLE IF NOT EXISTS `lm_forumpost_tbl` (
  `ForumPostId` int(11) NOT NULL AUTO_INCREMENT,
  `ForumTopicId` int(11) NOT NULL,
  `ClientId` int(11) NOT NULL,
  `LawyerId` int(11) NOT NULL,
  `PostContent` text COLLATE utf8_unicode_ci NOT NULL,
  `PostDate` timestamp NOT NULL DEFAULT CURRENT_TIMESTAMP ON UPDATE CURRENT_TIMESTAMP,
  PRIMARY KEY (`ForumPostId`)
) ENGINE=MyISAM  DEFAULT CHARSET=utf8 COLLATE=utf8_unicode_ci AUTO_INCREMENT=8 ;

--
-- Dumping data for table `lm_forumpost_tbl`
--

INSERT INTO `lm_forumpost_tbl` (`ForumPostId`, `ForumTopicId`, `ClientId`, `LawyerId`, `PostContent`, `PostDate`) VALUES
(1, 1, 15, 0, '<p>Cricket world cup 2011 live streaming, cricket world cup 2011 coverage,  cricket world cup statistics, best live cricket streaming, free online  cricket score, world cup cricket tour, live cricket streaming websites,  star sports live streaming free, live cricket score websites, one day  cricket world cup, free live cricket tv channels,all cricket world  cup,live cricket video streaming free, free cricket live video  streaming, live international cricket scores, cricket world cup scores,  live cricket video online free, world cup cricket news, online live  cricket tv free, free online live cricket tv, live cricket streaming hd,  live cricket score streaming, cricket live score streaming</p>', '2011-03-28 13:36:27'),
(2, 1, 15, 0, '<p>Cricket world cup 2011 live streaming, cricket world cup 2011 coverage,  cricket world cup statistics, best live cricket streaming, free online  cricket score, world cup cricket tour, live cricket streaming websites,  star sports live streaming free, live cricket score websites, one day  cricket world cup, free live cricket tv channels,all cricket world  cup,live cricket video streaming free, free cricket live video  streaming, live international cricket scores, cricket world cup scores,  live cricket video online free, world cup cricket news, online live  cricket tv free, free online live cricket tv, live cricket streaming hd,  live cricket score streaming, cricket live score streaming</p>', '2011-03-28 13:36:37'),
(3, 2, 0, 99, '<p>There are many types of technologies which are used to support the  world wide web and more are being developed all the time. There are  several groups involved in the development and coordination of these  technologies.</p>\r\n<ul>\r\n<li>IAB - Internet Architecture Board. Web site: <a href="http://www.iab.org/iab">IAB</a>.  The IAB websites states that "The IAB does not aim to produce polished  technical proposals on such topics. Rather, the intention is to  stimulate action by the IESG or within the IETF community that will lead  to proposals that meet general consensus." </li>\r\n<li>IANA - Internet Assigned Numbers Authority. Web site: <a href="http://www.iana.org/">IANA</a>. They control the assignment of internet addresses and domain names. </li>\r\n<li>IESG - The Internet Engineering Steering Group. Web site: <a href="http://www.ietf.org/iesg.html">IESG</a>.  According to RFC 2418, the IESG "has responsibility for developing and  reviewing specifications intended as Internet Standards." &nbsp;</li>\r\n</ul>', '2011-04-01 17:09:36'),
(4, 1, 0, 62, '<p>What will happen in the final? Will India win against Sri Lanka? Just wait and watch...</p>', '2011-04-01 18:08:28'),
(5, 1, 0, 62, 'India won the world cup 2011. Fantastic match...we all enjoyed it... :)', '2011-04-04 17:37:13'),
(6, 2, 0, 62, 'Modern devices support the same web technologies you''re familiar with on PCs; HTML, JavaScript, CSS... When developing for mobile devices, some tuning is needed to your web pages or web application to ensure users get the best mobile-Internet experience. All web pages may not look fancy on mobile browsers so some UI optimization may be needed, or you may want to develop a widget, small application created using standard web technologies.', '2011-04-04 17:39:10'),
(7, 2, 0, 62, 'The Web is a system for client/server communication on the Internet.  The World Wide Web is a hypermedia information and communication system popularly used on the Internet computer network with data communications operating according to a client/server model. Web clients (browsers) can access multiprotocol and hypermedia information from servers (possibly using helper applications in conjunction with the browser) by way of an addressing scheme', '2011-04-04 18:17:56');

-- --------------------------------------------------------

--
-- Table structure for table `lm_forumtopic_tbl`
--

CREATE TABLE IF NOT EXISTS `lm_forumtopic_tbl` (
  `ForumTopicId` int(11) NOT NULL AUTO_INCREMENT,
  `ForumTopic` varchar(255) COLLATE utf8_unicode_ci NOT NULL,
  `ForumTopicContent` text COLLATE utf8_unicode_ci NOT NULL,
  `ForumTopicDate` timestamp NOT NULL DEFAULT CURRENT_TIMESTAMP ON UPDATE CURRENT_TIMESTAMP,
  PRIMARY KEY (`ForumTopicId`)
) ENGINE=MyISAM  DEFAULT CHARSET=utf8 COLLATE=utf8_unicode_ci AUTO_INCREMENT=3 ;

--
-- Dumping data for table `lm_forumtopic_tbl`
--

INSERT INTO `lm_forumtopic_tbl` (`ForumTopicId`, `ForumTopic`, `ForumTopicContent`, `ForumTopicDate`) VALUES
(1, 'Cricket World Cup 2011', 'WC 2011 has been moved out of pakistan due to unstable political situation and security fears in the country. An expected decision but I didn''t expected this so early.\r\nafter what happened to the srilankan players it was obvious that PAK''s WC hosting rights would be in danger. This must be a huge set back for all Pakistani cricket lovers and for cricket in PAK. from my side I believe it is a fair decision considering the fact that inspite of so many high claims the PCB could do nothing when the terrorists attacked the SLN team and after such a dangerous incident, it is almost impossible to convince the ICC and other nations about security and safety in the country.\r\n \r\nPAK will have to be patient and hope that cricket returns to the country in 3-4 years. The 16 matches that were to be hosted in PAK will now be shared by IND, BAN and SLN.', '2011-03-29 13:25:50'),
(2, 'Web Technology', 'Modern devices support the same web technologies you''re familiar with on PCs; HTML, JavaScript, CSS... When developing for mobile devices, some tuning is needed to your web pages or web application to ensure users get the best mobile-Internet experience. All web pages may not look fancy on mobile browsers so some UI optimization may be needed, or you may want to develop a widget, small application created using standard web technologies.', '2011-03-29 15:42:11');

-- --------------------------------------------------------

--
-- Table structure for table `lm_lawyearinvite_tbl`
--

CREATE TABLE IF NOT EXISTS `lm_lawyearinvite_tbl` (
  `invitationid` int(11) NOT NULL AUTO_INCREMENT,
  `clientid` int(11) NOT NULL,
  `caseid` int(11) NOT NULL,
  `lawyerid` int(11) NOT NULL,
  `status` int(1) NOT NULL DEFAULT '0',
  `accepted_on` datetime NOT NULL,
  `invtation_on` timestamp NOT NULL DEFAULT CURRENT_TIMESTAMP,
  PRIMARY KEY (`invitationid`)
) ENGINE=MyISAM  DEFAULT CHARSET=latin1 AUTO_INCREMENT=59 ;

--
-- Dumping data for table `lm_lawyearinvite_tbl`
--

INSERT INTO `lm_lawyearinvite_tbl` (`invitationid`, `clientid`, `caseid`, `lawyerid`, `status`, `accepted_on`, `invtation_on`) VALUES
(7, 15, 12, 58, 0, '0000-00-00 00:00:00', '2011-01-04 06:11:56'),
(5, 15, 3, 44, 0, '0000-00-00 00:00:00', '2011-01-04 05:55:20'),
(9, 15, 55, 62, 1, '0000-00-00 00:00:00', '2011-01-11 13:04:19'),
(10, 15, 57, 62, 1, '0000-00-00 00:00:00', '2011-01-13 13:12:14'),
(11, 15, 68, 62, 0, '0000-00-00 00:00:00', '2011-01-25 14:50:07'),
(12, 45, 74, 80, 1, '0000-00-00 00:00:00', '2011-01-25 16:19:28'),
(13, 45, 74, 81, 1, '0000-00-00 00:00:00', '2011-01-25 16:19:44'),
(14, 15, 72, 63, 0, '0000-00-00 00:00:00', '2011-01-25 16:24:38'),
(15, 15, 75, 62, 0, '0000-00-00 00:00:00', '2011-01-27 15:34:24'),
(16, 15, 75, 63, 0, '0000-00-00 00:00:00', '2011-01-27 15:45:33'),
(17, 15, 75, 81, 1, '0000-00-00 00:00:00', '2011-01-27 15:48:23'),
(18, 15, 87, 62, 0, '0000-00-00 00:00:00', '2011-02-15 11:35:23'),
(19, 49, 89, 85, 0, '0000-00-00 00:00:00', '2011-02-15 16:06:18'),
(20, 59, 92, 94, 1, '0000-00-00 00:00:00', '2011-02-17 17:25:49'),
(21, 15, 94, 62, 0, '0000-00-00 00:00:00', '2011-02-18 14:48:15'),
(22, 60, 95, 95, 1, '0000-00-00 00:00:00', '2011-02-18 19:10:23'),
(23, 15, 98, 62, 0, '0000-00-00 00:00:00', '2011-02-19 15:32:29'),
(25, 15, 97, 95, 0, '0000-00-00 00:00:00', '2011-02-19 15:47:38'),
(26, 15, 98, 95, 0, '0000-00-00 00:00:00', '2011-02-19 18:53:48'),
(27, 62, 102, 95, 0, '0000-00-00 00:00:00', '2011-02-28 16:00:51'),
(28, 15, 96, 62, 1, '0000-00-00 00:00:00', '2011-02-28 16:43:55'),
(29, 15, 93, 62, 1, '0000-00-00 00:00:00', '2011-02-28 17:50:23'),
(30, 62, 103, 95, 0, '0000-00-00 00:00:00', '2011-03-01 16:04:40'),
(31, 62, 103, 99, 1, '0000-00-00 00:00:00', '2011-03-01 16:08:41'),
(32, 15, 107, 62, 1, '0000-00-00 00:00:00', '2011-03-10 18:13:57'),
(33, 15, 109, 62, 0, '0000-00-00 00:00:00', '2011-03-14 18:03:18'),
(34, 67, 110, 101, 1, '0000-00-00 00:00:00', '2011-03-17 12:54:16'),
(35, 67, 111, 101, 1, '0000-00-00 00:00:00', '2011-03-17 14:36:05'),
(36, 67, 112, 62, 1, '0000-00-00 00:00:00', '2011-03-23 12:51:48'),
(37, 67, 112, 101, 1, '0000-00-00 00:00:00', '2011-03-23 12:53:03'),
(38, 66, 114, 99, 1, '0000-00-00 00:00:00', '2011-03-23 17:21:32'),
(39, 15, 108, 62, 1, '0000-00-00 00:00:00', '2011-03-23 19:58:46'),
(40, 15, 106, 62, 1, '0000-00-00 00:00:00', '2011-03-23 20:03:01'),
(41, 67, 110, 62, 0, '0000-00-00 00:00:00', '2011-03-24 16:40:53'),
(42, 67, 112, 94, 0, '0000-00-00 00:00:00', '2011-03-24 17:02:00'),
(43, 67, 115, 101, 1, '0000-00-00 00:00:00', '2011-03-24 17:03:45'),
(44, 15, 116, 62, 1, '0000-00-00 00:00:00', '2011-03-28 20:01:53'),
(45, 68, 117, 99, 1, '0000-00-00 00:00:00', '2011-03-29 19:58:41'),
(46, 68, 117, 80, 0, '0000-00-00 00:00:00', '2011-03-29 19:58:59'),
(47, 15, 108, 101, 0, '0000-00-00 00:00:00', '2011-03-30 11:11:43'),
(48, 15, 118, 62, 1, '0000-00-00 00:00:00', '2011-03-31 13:22:38'),
(49, 69, 119, 102, 1, '0000-00-00 00:00:00', '2011-03-31 17:42:28'),
(50, 70, 120, 103, 0, '0000-00-00 00:00:00', '2011-04-06 15:21:16'),
(51, 70, 120, 99, 0, '0000-00-00 00:00:00', '2011-04-06 15:21:54'),
(52, 69, 122, 102, 1, '0000-00-00 00:00:00', '2011-04-13 16:44:27'),
(53, 69, 124, 102, 1, '0000-00-00 00:00:00', '2011-04-14 19:05:52'),
(54, 69, 125, 102, 1, '0000-00-00 00:00:00', '2011-04-21 14:51:27'),
(55, 15, 129, 62, 0, '0000-00-00 00:00:00', '2011-05-03 15:42:29'),
(56, 15, 130, 62, 1, '0000-00-00 00:00:00', '2011-05-03 15:47:05'),
(57, 15, 131, 62, 0, '0000-00-00 00:00:00', '2011-05-03 17:03:42'),
(58, 15, 132, 62, 0, '0000-00-00 00:00:00', '2011-05-03 17:05:32');

-- --------------------------------------------------------

--
-- Table structure for table `lm_lawyercategory_tbl`
--

CREATE TABLE IF NOT EXISTS `lm_lawyercategory_tbl` (
  `LawyerCategoryId` int(11) NOT NULL AUTO_INCREMENT,
  `LawyerCategoryName` varchar(50) COLLATE utf8_unicode_ci DEFAULT NULL,
  PRIMARY KEY (`LawyerCategoryId`)
) ENGINE=MyISAM  DEFAULT CHARSET=utf8 COLLATE=utf8_unicode_ci AUTO_INCREMENT=45 ;

--
-- Dumping data for table `lm_lawyercategory_tbl`
--

INSERT INTO `lm_lawyercategory_tbl` (`LawyerCategoryId`, `LawyerCategoryName`) VALUES
(2, 'Adoption'),
(3, 'ADR'),
(5, 'Aviation Law'),
(6, 'Bankruptcy'),
(7, 'Business Law'),
(8, 'Controlled Substance'),
(9, 'Car Accident'),
(10, 'Catastrophic Injuries'),
(11, 'Child Custody'),
(12, 'Children Rights'),
(13, 'Collaborative Law'),
(14, 'Consumer'),
(15, 'Credit Card Fraud'),
(16, 'Criminal Defense'),
(17, 'Criminal Law'),
(18, 'Divorce'),
(19, 'Discrimination'),
(20, 'Domestic Violence'),
(21, 'Drug Charges'),
(22, 'DUI - DWI'),
(23, 'Employment'),
(24, 'Estate Planning'),
(25, 'Family'),
(26, 'Foreclosure'),
(27, 'Immigration'),
(28, 'Intellectual Property'),
(29, 'Litigation'),
(30, 'Medical Malpractice'),
(31, 'Motor Vehicle'),
(32, 'Personal Injury'),
(33, 'Patent'),
(34, 'Real Estate'),
(35, 'Slip and Fall'),
(36, 'Taxation'),
(37, 'Trade'),
(38, 'Trademark'),
(39, 'Transportation'),
(40, 'Truck Accident'),
(41, 'Visas'),
(42, 'White Collar Crime'),
(43, 'Workplace Safety'),
(44, 'Worker Compensation');

-- --------------------------------------------------------

--
-- Table structure for table `lm_lawyerdeposit_tbl`
--

CREATE TABLE IF NOT EXISTS `lm_lawyerdeposit_tbl` (
  `LawyerDepositId` int(11) NOT NULL AUTO_INCREMENT,
  `LawyerDepositLawyerId` int(11) NOT NULL DEFAULT '0',
  `LawyerDepositAmount` decimal(10,2) NOT NULL DEFAULT '0.00',
  `LawyerDepositStatus` int(11) NOT NULL DEFAULT '0',
  `LawyerDepositDate` timestamp NOT NULL DEFAULT CURRENT_TIMESTAMP,
  `TransactionId` int(11) NOT NULL,
  `CurrencyId` int(11) NOT NULL DEFAULT '0',
  `CurrencyValue` decimal(10,2) NOT NULL DEFAULT '0.00',
  PRIMARY KEY (`LawyerDepositId`)
) ENGINE=MyISAM  DEFAULT CHARSET=latin1 AUTO_INCREMENT=63 ;

--
-- Dumping data for table `lm_lawyerdeposit_tbl`
--

INSERT INTO `lm_lawyerdeposit_tbl` (`LawyerDepositId`, `LawyerDepositLawyerId`, `LawyerDepositAmount`, `LawyerDepositStatus`, `LawyerDepositDate`, `TransactionId`, `CurrencyId`, `CurrencyValue`) VALUES
(34, 62, '15.70', 1, '2011-01-18 18:42:12', 5, 0, '0.00'),
(35, 81, '30.00', 1, '2011-01-25 17:44:54', 31, 0, '0.00'),
(36, 80, '115.00', 1, '2011-01-25 17:49:44', 33, 0, '0.00'),
(37, 81, '30.00', 1, '2011-01-25 17:52:13', 35, 0, '0.00'),
(38, 81, '30.00', 1, '2011-01-25 17:54:47', 37, 0, '0.00'),
(39, 81, '30.00', 1, '2011-01-25 17:55:51', 39, 0, '0.00'),
(40, 81, '10.00', 1, '2011-01-25 18:03:26', 41, 0, '0.00'),
(41, 81, '10.00', 1, '2011-01-25 18:56:52', 45, 0, '0.00'),
(42, 80, '50.00', 1, '2011-01-25 19:09:53', 53, 0, '0.00'),
(43, 84, '15.00', 1, '2011-01-31 16:57:50', 84, 0, '0.00'),
(44, 84, '10.00', 1, '2011-02-01 13:18:42', 88, 0, '0.00'),
(45, 44, '500.00', 1, '2011-02-05 04:26:51', 116, 0, '0.00'),
(46, 87, '5.00', 1, '2011-02-05 14:45:13', 156, 0, '0.00'),
(47, 87, '25.00', 1, '2011-02-05 15:08:09', 160, 0, '0.00'),
(48, 85, '300.00', 1, '2011-02-09 19:38:29', 194, 0, '0.00'),
(49, 88, '500.00', 1, '2011-02-09 19:47:46', 200, 0, '0.00'),
(50, 89, '15.00', 1, '2011-02-16 14:57:59', 242, 0, '0.00'),
(51, 89, '5.00', 1, '2011-02-16 15:01:54', 248, 0, '0.00'),
(52, 89, '10.00', 1, '2011-02-16 15:05:48', 252, 0, '0.00'),
(53, 89, '15.00', 1, '2011-02-16 15:20:05', 256, 0, '0.00'),
(54, 94, '30.00', 1, '2011-02-17 17:00:48', 264, 0, '0.00'),
(55, 95, '500.00', 1, '2011-02-18 19:37:33', 301, 0, '0.00'),
(56, 98, '55.00', 1, '2011-03-01 22:41:37', 344, 0, '0.00'),
(57, 98, '55.00', 1, '2011-03-01 22:42:22', 348, 0, '0.00'),
(58, 98, '55.00', 1, '2011-03-01 22:43:17', 352, 0, '0.00'),
(59, 62, '1.00', 1, '2011-03-02 17:24:55', 364, 0, '0.00'),
(60, 101, '10.00', 1, '2011-03-24 15:51:33', 446, 1, '10.00'),
(61, 102, '5.59', 1, '2011-03-31 17:35:59', 486, 1, '5.59'),
(62, 102, '1030.00', 1, '2011-03-31 17:39:28', 492, 2, '1000.00');

-- --------------------------------------------------------

--
-- Table structure for table `lm_lawyerexpertise_tbl`
--

CREATE TABLE IF NOT EXISTS `lm_lawyerexpertise_tbl` (
  `LawyerExpertiseId` int(11) NOT NULL AUTO_INCREMENT,
  `LawyerId` int(11) NOT NULL DEFAULT '0',
  `ExpertiseId` int(11) NOT NULL DEFAULT '0',
  PRIMARY KEY (`LawyerExpertiseId`)
) ENGINE=MyISAM  DEFAULT CHARSET=utf8 COLLATE=utf8_unicode_ci AUTO_INCREMENT=13 ;

--
-- Dumping data for table `lm_lawyerexpertise_tbl`
--

INSERT INTO `lm_lawyerexpertise_tbl` (`LawyerExpertiseId`, `LawyerId`, `ExpertiseId`) VALUES
(7, 62, 25),
(6, 62, 28),
(8, 98, 28),
(9, 98, 29),
(10, 98, 27),
(11, 98, 25),
(12, 110, 27);

-- --------------------------------------------------------

--
-- Table structure for table `lm_lawyerinvoice_tbl`
--

CREATE TABLE IF NOT EXISTS `lm_lawyerinvoice_tbl` (
  `LawyerInvoiceId` int(11) NOT NULL AUTO_INCREMENT,
  `LawyerInvoiceLawyerId` int(11) NOT NULL DEFAULT '0',
  `LawyerInvoiceAmount` decimal(10,2) NOT NULL DEFAULT '0.00',
  `LawyerInvoiceRemark` varchar(255) DEFAULT '',
  `LawyerInvoiceDate` timestamp NOT NULL DEFAULT CURRENT_TIMESTAMP,
  `CurrencyId` int(11) NOT NULL DEFAULT '0',
  `CurrencyValue` decimal(10,2) NOT NULL DEFAULT '0.00',
  PRIMARY KEY (`LawyerInvoiceId`)
) ENGINE=MyISAM  DEFAULT CHARSET=latin1 AUTO_INCREMENT=117 ;

--
-- Dumping data for table `lm_lawyerinvoice_tbl`
--

INSERT INTO `lm_lawyerinvoice_tbl` (`LawyerInvoiceId`, `LawyerInvoiceLawyerId`, `LawyerInvoiceAmount`, `LawyerInvoiceRemark`, `LawyerInvoiceDate`, `CurrencyId`, `CurrencyValue`) VALUES
(5, 44, '5.00', 'Subscription Taken: Premium', '2009-12-05 00:18:27', 0, '0.00'),
(4, 65, '15.00', 'Subscription Taken: Gold', '2009-12-05 00:09:04', 0, '0.00'),
(3, 63, '5.00', 'Subscription Taken: Premium', '2009-12-05 00:05:31', 0, '0.00'),
(6, 63, '454.00', 'Escrowed Amount:454', '2009-12-09 00:57:39', 0, '0.00'),
(7, 63, '454.00', 'Escrowed Amount:454', '2009-12-09 00:58:26', 0, '0.00'),
(8, 62, '67.00', 'Escrowed Amount:67', '2009-12-09 01:56:43', 0, '0.00'),
(9, 62, '500.00', 'Amount Submitted:500.00', '2009-12-09 02:09:17', 0, '0.00'),
(10, 62, '5.00', 'Subscription Taken: Premium', '2009-12-09 02:09:40', 0, '0.00'),
(11, 62, '234.00', 'Escrowed Amount:234', '2009-12-09 02:21:31', 0, '0.00'),
(12, 44, '234.00', 'Escrowed Amount:234', '2009-12-09 03:16:02', 0, '0.00'),
(13, 62, '20.00', 'Escrowed Amount:20', '2009-12-09 04:49:50', 0, '0.00'),
(14, 62, '60.00', 'Escrowed Amount:60', '2009-12-09 04:57:34', 0, '0.00'),
(15, 62, '60.00', 'Escrowed Amount:60', '2009-12-09 04:59:36', 0, '0.00'),
(16, 62, '30.00', 'Escrowed Amount:30', '2009-12-09 05:01:05', 0, '0.00'),
(17, 63, '120.00', 'Escrowed Amount:120', '2009-12-09 05:14:44', 0, '0.00'),
(18, 63, '5.00', 'Subscription Taken: Premium', '2009-12-09 21:38:01', 0, '0.00'),
(19, 63, '5.00', 'Amount Submitted:5.00', '2009-12-11 22:07:06', 0, '0.00'),
(20, 63, '10.00', 'Subscription Taken: Silver', '2009-12-11 22:07:20', 0, '0.00'),
(21, 44, '23.00', 'Escrowed Amount:23', '2009-12-11 23:12:26', 0, '0.00'),
(22, 63, '5.00', 'Subscription Taken: Premium', '2010-02-10 10:29:41', 0, '0.00'),
(23, 63, '10.00', 'Subscription Taken: Silver', '2010-02-10 10:37:01', 0, '0.00'),
(24, 63, '5.00', 'Subscription Taken: Premium', '2010-05-21 21:31:36', 0, '0.00'),
(25, 70, '500.00', 'Amount Submitted:500.00', '2010-05-21 23:10:18', 0, '0.00'),
(26, 73, '400.00', 'Amount Submitted:400.00', '2010-05-21 23:27:16', 0, '0.00'),
(27, 73, '5.00', 'Subscription Taken: Premium', '2010-05-21 23:27:31', 0, '0.00'),
(28, 63, '5.00', 'Subscription Taken: Premium', '2010-06-03 23:00:02', 0, '0.00'),
(29, 63, '5.00', 'Escrowed Amount:5', '2010-09-15 13:09:08', 0, '0.00'),
(30, 63, '5.00', 'Subscription Taken: Premium', '2010-09-15 13:25:38', 0, '0.00'),
(31, 62, '5.00', 'Subscription Taken: Premium', '2011-01-06 13:18:15', 0, '0.00'),
(32, 62, '10.00', 'Amount Deposited: 10.00', '2011-01-10 20:32:21', 0, '0.00'),
(33, 62, '5.00', 'Amount Deposited: 5.00', '2011-01-13 12:28:12', 0, '0.00'),
(34, 62, '8.00', 'Amount Deposited: 8.00', '2011-01-13 12:40:09', 0, '0.00'),
(35, 62, '15.70', 'Amount Deposited: 15.70', '2011-01-18 18:42:12', 0, '0.00'),
(36, 62, '5.00', 'Subscription Taken: Premium', '2011-01-22 13:38:12', 0, '0.00'),
(37, 62, '10.00', 'Subscription Taken: Silver', '2011-01-22 13:38:22', 0, '0.00'),
(38, 62, '30.00', 'Subscription Taken: test', '2011-01-22 13:38:33', 0, '0.00'),
(39, 62, '1.00', 'Escrowed Amount:1.00', '2011-01-25 13:08:22', 0, '0.00'),
(40, 62, '10.00', 'Subscription Taken: Silver', '2011-01-25 17:41:33', 0, '0.00'),
(41, 81, '30.00', 'Amount Deposited: 30.00', '2011-01-25 17:44:54', 0, '0.00'),
(42, 80, '115.00', 'Amount Deposited: 115.00', '2011-01-25 17:49:44', 0, '0.00'),
(43, 81, '30.00', 'Amount Deposited: 30.00', '2011-01-25 17:52:13', 0, '0.00'),
(44, 81, '30.00', 'Amount Deposited: 30.00', '2011-01-25 17:54:47', 0, '0.00'),
(45, 81, '30.00', 'Amount Deposited: 30.00', '2011-01-25 17:55:51', 0, '0.00'),
(46, 81, '10.00', 'Amount Deposited: 10.00', '2011-01-25 18:03:26', 0, '0.00'),
(47, 81, '10.00', 'Amount Deposited: 10.00', '2011-01-25 18:56:52', 0, '0.00'),
(48, 81, '5.00', 'Subscription Taken: Premium', '2011-01-25 19:00:01', 0, '0.00'),
(49, 81, '5.00', 'Subscription Taken: Premium', '2011-01-25 19:00:42', 0, '0.00'),
(50, 81, '5.00', 'Subscription Taken: Premium', '2011-01-25 19:05:35', 0, '0.00'),
(51, 80, '50.00', 'Amount Deposited: 50.00', '2011-01-25 19:09:53', 0, '0.00'),
(52, 80, '10.00', 'Subscription Taken: Silver', '2011-01-25 19:10:05', 0, '0.00'),
(53, 44, '100.00', 'Confirm Release Request Amount: 100.00', '2011-01-28 16:44:08', 0, '0.00'),
(54, 84, '15.00', 'Amount Deposited: 15.00', '2011-01-31 16:57:50', 0, '0.00'),
(55, 84, '10.00', 'Subscription Taken: Silver', '2011-01-31 17:47:13', 0, '0.00'),
(56, 84, '10.00', 'Amount Deposited: 10.00', '2011-02-01 13:18:42', 0, '0.00'),
(57, 62, '1.00', 'Escrowed Amount:1.00', '2011-02-03 10:22:06', 0, '0.00'),
(58, 62, '1.00', 'Escrowed Amount:1.00', '2011-02-03 10:22:07', 0, '0.00'),
(59, 62, '2.00', 'Escrowed Amount:2.00', '2011-02-04 17:17:26', 0, '0.00'),
(60, 62, '2.00', 'Escrowed Amount:2.00', '2011-02-04 17:17:27', 0, '0.00'),
(61, 62, '2.00', 'Escrowed Amount:2.00', '2011-02-04 17:38:50', 0, '0.00'),
(62, 62, '2.00', 'Escrowed Amount:2.00', '2011-02-04 17:38:51', 0, '0.00'),
(63, 62, '2.00', 'Escrowed Amount:2.00', '2011-02-04 17:40:29', 0, '0.00'),
(64, 62, '2.00', 'Escrowed Amount:2.00', '2011-02-04 17:40:29', 0, '0.00'),
(65, 62, '2.00', 'Escrowed Amount:2.00', '2011-02-04 17:49:10', 0, '0.00'),
(66, 62, '2.00', 'Escrowed Amount:2.00', '2011-02-04 17:50:07', 0, '0.00'),
(67, 62, '2.00', 'Escrowed Amount:2.00', '2011-02-04 17:52:02', 0, '0.00'),
(68, 62, '2.00', 'Escrowed Amount:2.00', '2011-02-04 18:02:48', 0, '0.00'),
(69, 44, '500.00', 'Amount Deposited: 500.00', '2011-02-05 04:26:51', 0, '0.00'),
(70, 87, '5.00', 'Amount Deposited: 5.00', '2011-02-05 14:45:13', 0, '0.00'),
(71, 87, '25.00', 'Amount Deposited: 25.00', '2011-02-05 15:08:09', 0, '0.00'),
(72, 87, '15.00', 'Subscription Taken: Gold', '2011-02-05 15:12:07', 0, '0.00'),
(73, 81, '5.00', 'Subscription Taken: Premium', '2011-02-07 19:38:56', 0, '0.00'),
(74, 85, '300.00', 'Amount Deposited: 300.00', '2011-02-09 19:38:29', 0, '0.00'),
(75, 85, '5.00', 'Subscription Taken: Premium', '2011-02-09 19:39:42', 0, '0.00'),
(76, 88, '500.00', 'Amount Deposited: 500.00', '2011-02-09 19:47:46', 0, '0.00'),
(77, 88, '5.00', 'Subscription Taken: Premium', '2011-02-09 19:48:19', 0, '0.00'),
(78, 62, '5.00', 'Subscription Taken: Premium', '2011-02-15 12:39:06', 0, '0.00'),
(79, 89, '15.00', 'Amount Deposited: 15.00', '2011-02-16 14:57:59', 0, '0.00'),
(80, 89, '15.00', 'Subscription Taken: Gold', '2011-02-16 14:58:16', 0, '0.00'),
(81, 89, '5.00', 'Amount Deposited: 5.00', '2011-02-16 15:01:54', 0, '0.00'),
(82, 89, '10.00', 'Amount Deposited: 10.00', '2011-02-16 15:05:48', 0, '0.00'),
(83, 89, '15.00', 'Amount Deposited: 15.00', '2011-02-16 15:20:05', 0, '0.00'),
(84, 94, '30.00', 'Amount Deposited: 30.00', '2011-02-17 17:00:48', 0, '0.00'),
(85, 94, '30.00', 'Subscription Taken: test', '2011-02-17 17:02:43', 0, '0.00'),
(86, 94, '30.00', 'Subscription Taken: test', '2011-02-17 17:05:09', 0, '0.00'),
(87, 95, '500.00', 'Amount Deposited: 500.00', '2011-02-18 19:37:33', 0, '0.00'),
(88, 95, '15.00', 'Subscription Taken: Gold', '2011-02-18 19:43:08', 0, '0.00'),
(89, 98, '15.00', 'Amount Submitted:15.00', '2011-02-22 15:00:28', 0, '0.00'),
(90, 98, '15.00', 'Amount Submitted:15.00', '2011-02-22 15:18:22', 0, '0.00'),
(91, 98, '15.00', 'Subscription Taken: Gold', '2011-02-22 15:26:06', 0, '0.00'),
(92, 62, '30.00', 'Subscription Taken: test', '2011-02-23 19:20:14', 0, '0.00'),
(93, 99, '50.00', 'Amount Submitted:50.00', '2011-02-23 19:38:43', 0, '0.00'),
(94, 98, '5.00', 'Subscription Taken: Premium', '2011-02-26 00:39:42', 0, '0.00'),
(95, 99, '50.00', 'Subscription Taken: testrd', '2011-02-28 17:14:49', 0, '0.00'),
(96, 98, '55.00', 'Amount Deposited: 55.00', '2011-03-01 22:41:37', 0, '0.00'),
(97, 98, '55.00', 'Amount Deposited: 55.00', '2011-03-01 22:42:22', 0, '0.00'),
(98, 98, '55.00', 'Amount Deposited: 55.00', '2011-03-01 22:43:17', 0, '0.00'),
(99, 62, '1.00', 'Amount Submitted:1.00', '2011-03-02 17:12:21', 0, '0.00'),
(100, 62, '1.00', 'Amount Deposited: 1.00', '2011-03-02 17:24:55', 0, '0.00'),
(101, 62, '11.20', 'Subscription Taken: Silver', '2011-03-16 13:09:34', 2, '10.98'),
(102, 101, '5.60', 'Subscription Taken: Premium', '2011-03-17 12:55:32', 2, '5.54'),
(103, 95, '10.00', 'Escrowed Amount:10.00', '2011-03-21 17:58:06', 0, '0.00'),
(104, 95, '10.00', 'Escrowed Amount:10.00', '2011-03-21 17:58:07', 0, '0.00'),
(105, 102, '5.59', 'Subscription Taken: Premium', '2011-03-31 17:36:40', 0, '0.00'),
(106, 103, '16.78', 'Subscription Taken: Gold', '2011-04-06 14:37:54', 0, '0.00'),
(107, 104, '5.60', 'Subscription Taken: Premium', '2011-04-07 12:13:15', 0, '0.00'),
(108, 104, '5.60', 'Subscription Taken: Premium', '2011-04-07 12:14:09', 0, '0.00'),
(109, 104, '11.18', 'Subscription Taken: Silver', '2011-04-07 12:14:29', 0, '0.00'),
(110, 104, '5.60', 'Subscription Taken: Premium', '2011-04-07 12:20:31', 0, '0.00'),
(111, 62, '5.60', 'Subscription Taken: Premium', '2011-04-07 18:13:45', 0, '0.00'),
(112, 62, '5.60', 'Subscription Taken: Premium', '2011-04-07 18:16:31', 0, '0.00'),
(113, 95, '5.65', 'Subscription Taken: Premium', '2011-04-19 12:29:16', 0, '0.00'),
(114, 95, '5.60', 'Subscription Taken: Premium', '2011-04-19 12:49:56', 0, '0.00'),
(115, 95, '5.60', 'Subscription Taken: Premium', '2011-04-19 13:05:29', 0, '0.00'),
(116, 95, '5.60', 'Subscription Taken: Premium', '2011-04-19 13:06:14', 0, '0.00');

-- --------------------------------------------------------

--
-- Table structure for table `lm_lawyersubscription_tbl`
--

CREATE TABLE IF NOT EXISTS `lm_lawyersubscription_tbl` (
  `LawyerSubscriptionId` int(11) NOT NULL AUTO_INCREMENT,
  `LawyerSubscriptionLawyerId` int(11) NOT NULL DEFAULT '0',
  `LawyerSubscriptionSubId` int(11) NOT NULL DEFAULT '0',
  `LawyerSubscriptionBidleft` int(11) NOT NULL DEFAULT '0',
  `LawyerSubscriptionStartDate` datetime NOT NULL DEFAULT '0000-00-00 00:00:00',
  `LawyerSubscriptionEndDate` datetime NOT NULL DEFAULT '0000-00-00 00:00:00',
  `LawyerSubscriptionDate` timestamp NOT NULL DEFAULT CURRENT_TIMESTAMP,
  `LawyerSubscriptionStatus` int(11) NOT NULL DEFAULT '1',
  `isClosed` tinyint(11) NOT NULL DEFAULT '0',
  PRIMARY KEY (`LawyerSubscriptionId`),
  KEY `LawyerSubscriptionStatus` (`LawyerSubscriptionStatus`)
) ENGINE=MyISAM  DEFAULT CHARSET=latin1 AUTO_INCREMENT=66 ;

--
-- Dumping data for table `lm_lawyersubscription_tbl`
--

INSERT INTO `lm_lawyersubscription_tbl` (`LawyerSubscriptionId`, `LawyerSubscriptionLawyerId`, `LawyerSubscriptionSubId`, `LawyerSubscriptionBidleft`, `LawyerSubscriptionStartDate`, `LawyerSubscriptionEndDate`, `LawyerSubscriptionDate`, `LawyerSubscriptionStatus`, `isClosed`) VALUES
(1, 63, 1, 50, '2009-11-27 13:58:57', '2009-12-27 13:58:57', '2009-11-28 01:28:57', 0, 0),
(2, 65, 1, 50, '2009-11-30 11:57:08', '2009-12-30 11:57:08', '2009-11-30 23:27:08', 0, 0),
(3, 63, 2, 100, '2009-11-30 13:06:05', '2009-12-30 13:06:05', '2009-12-01 00:36:05', 0, 0),
(11, 63, 1, 50, '2009-11-30 17:18:59', '2009-12-30 17:18:59', '2009-12-01 04:48:59', 0, 0),
(10, 63, 1, 50, '2009-11-30 17:17:49', '2009-12-30 17:17:49', '2009-12-01 04:47:49', 0, 0),
(9, 63, 1, 48, '2009-11-30 13:37:31', '2009-12-30 13:37:31', '2009-12-01 01:07:31', 0, 0),
(12, 63, 1, 50, '2009-11-30 17:22:50', '2009-12-30 17:22:50', '2009-12-01 04:52:50', 0, 0),
(13, 63, 1, 50, '2009-11-30 17:23:46', '2009-12-30 17:23:46', '2009-12-01 04:53:46', 0, 0),
(14, 63, 2, 100, '2009-11-30 17:24:54', '2009-12-30 17:24:54', '2009-12-01 04:54:54', 0, 0),
(15, 63, 1, 50, '2009-12-04 10:49:47', '2010-01-03 10:49:47', '2009-12-04 22:19:47', 0, 0),
(16, 63, 2, 100, '2009-12-04 12:29:06', '2010-01-03 12:29:06', '2009-12-04 23:59:06', 0, 0),
(17, 63, 2, 100, '2009-12-04 12:30:35', '2010-01-03 12:30:35', '2009-12-05 00:00:35', 0, 0),
(18, 63, 1, 49, '2009-12-04 12:35:31', '2010-01-03 12:35:31', '2009-12-05 00:05:31', 0, 0),
(19, 65, 3, 150, '2009-12-04 12:39:04', '2010-01-03 12:39:04', '2009-12-05 00:09:04', 1, 0),
(20, 44, 1, 48, '2009-12-04 12:48:27', '2010-01-03 12:48:27', '2009-12-05 00:18:27', 1, 0),
(21, 62, 1, 48, '2009-12-08 14:39:40', '2010-01-07 14:39:40', '2009-12-09 02:09:40', 0, 0),
(22, 63, 1, 50, '2009-12-09 10:08:01', '2010-01-08 10:08:01', '2009-12-09 21:38:02', 0, 0),
(23, 63, 2, 100, '2009-12-11 10:37:20', '2010-01-10 10:37:20', '2009-12-11 22:07:20', 0, 0),
(24, 63, 1, 50, '2010-02-09 22:59:41', '2010-03-11 22:59:41', '2010-02-10 10:29:41', 0, 0),
(25, 63, 2, 100, '2010-02-09 23:07:01', '2010-03-11 23:07:01', '2010-02-10 10:37:01', 0, 0),
(26, 63, 1, 50, '2010-05-21 11:01:36', '2010-06-20 11:01:36', '2010-05-21 21:31:36', 0, 0),
(27, 73, 1, 49, '2010-05-21 12:57:31', '2010-06-20 12:57:31', '2010-05-21 23:27:31', 1, 0),
(28, 63, 1, 50, '2010-06-03 12:30:02', '2010-07-03 12:30:02', '2010-06-03 23:00:02', 0, 0),
(29, 63, 1, 50, '2010-09-15 02:55:38', '2010-10-15 02:55:38', '2010-09-15 13:25:38', 1, 0),
(30, 62, 1, 39, '2011-01-06 01:48:15', '2011-02-05 01:48:15', '2011-01-06 13:18:15', 0, 0),
(31, 62, 1, 50, '2011-01-22 02:08:12', '2011-02-21 02:08:12', '2011-01-22 13:38:12', 0, 0),
(32, 62, 2, 100, '2011-01-22 02:08:22', '2011-02-21 02:08:22', '2011-01-22 13:38:22', 0, 0),
(33, 62, 7, 25, '2011-01-22 02:08:33', '2011-02-01 02:08:33', '2011-01-22 13:38:33', 0, 0),
(34, 62, 2, 95, '2011-01-25 06:11:33', '2011-02-24 06:11:33', '2011-01-25 17:41:33', 0, 0),
(35, 81, 1, 50, '2011-01-25 07:30:01', '2011-02-24 07:30:01', '2011-01-25 19:00:01', 0, 0),
(36, 81, 1, 50, '2011-01-25 07:30:42', '2011-02-24 07:30:42', '2011-01-25 19:00:42', 0, 0),
(37, 81, 1, 49, '2011-01-25 07:35:35', '2011-02-24 07:35:35', '2011-01-25 19:05:35', 0, 0),
(38, 80, 2, 99, '2011-01-25 07:40:05', '2011-02-24 07:40:05', '2011-01-25 19:10:05', 1, 0),
(39, 84, 2, 100, '2011-01-31 06:17:13', '2011-03-02 06:17:13', '2011-01-31 17:47:13', 1, 0),
(40, 87, 3, 148, '2011-02-05 03:42:07', '2011-03-07 03:42:07', '2011-02-05 15:12:07', 1, 0),
(41, 81, 1, 49, '2011-02-07 08:08:56', '2011-03-09 08:08:56', '2011-02-07 19:38:56', 1, 0),
(42, 85, 1, 47, '2011-02-09 08:09:42', '2011-03-11 08:09:42', '2011-02-09 19:39:42', 1, 0),
(43, 88, 1, 48, '2011-02-09 08:18:19', '2011-03-11 08:18:19', '2011-02-09 19:48:19', 1, 0),
(44, 62, 1, 49, '2011-02-15 01:09:06', '2011-03-17 01:09:06', '2011-02-15 12:39:06', 0, 0),
(45, 89, 3, 147, '2011-02-16 03:28:16', '2011-03-18 03:28:16', '2011-02-16 14:58:16', 1, 0),
(46, 94, 7, 25, '2011-02-17 05:32:43', '2011-02-27 05:32:43', '2011-02-17 17:02:43', 0, 0),
(47, 94, 7, 23, '2011-02-17 05:35:09', '2011-02-27 05:35:09', '2011-02-17 17:05:09', 1, 0),
(48, 95, 3, 146, '2011-02-18 08:13:08', '2011-03-20 08:13:08', '2011-02-18 19:43:08', 0, 1),
(49, 98, 3, 150, '2011-02-22 03:56:06', '2011-03-24 03:56:06', '2011-02-22 15:26:06', 0, 0),
(50, 62, 7, 25, '2011-02-23 07:50:14', '2011-03-05 07:50:14', '2011-02-23 19:20:14', 0, 0),
(51, 98, 1, 50, '2011-02-25 13:09:42', '2011-03-27 13:09:42', '2011-02-26 00:39:42', 0, 0),
(52, 99, 8, 200, '2011-02-28 05:44:49', '2011-04-29 05:44:49', '2011-02-28 17:14:49', 0, 0),
(53, 62, 2, 100, '2011-03-16 02:39:33', '2011-04-15 02:39:33', '2011-03-16 13:09:34', 0, 0),
(54, 101, 1, 50, '2011-03-17 02:25:33', '2011-04-16 02:25:33', '2011-03-17 12:55:32', 0, 0),
(55, 102, 1, 50, '2011-03-31 07:06:40', '2011-04-30 07:06:40', '2011-03-31 17:36:40', 0, 0),
(56, 103, 3, 150, '2011-04-06 04:07:54', '2011-05-06 04:07:54', '2011-04-06 14:37:54', 0, 0),
(57, 104, 1, 50, '2011-04-07 01:43:15', '2011-05-07 01:43:15', '2011-04-07 12:13:16', 0, 0),
(58, 104, 1, 50, '2011-04-07 01:44:08', '2011-05-07 01:44:08', '2011-04-07 12:14:09', 0, 0),
(59, 104, 2, 100, '2011-04-07 01:44:29', '2011-05-07 01:44:29', '2011-04-07 12:14:29', 0, 0),
(60, 104, 1, 50, '2011-04-07 01:50:31', '2011-05-07 01:50:31', '2011-04-07 12:20:31', 0, 0),
(61, 62, 1, 50, '2011-04-07 07:43:44', '2011-05-07 07:43:44', '2011-04-07 18:13:46', 0, 0),
(62, 62, 1, 50, '2011-04-07 07:46:30', '2011-05-07 07:46:30', '2011-04-07 18:16:31', 0, 0),
(63, 95, 1, 50, '2011-04-19 01:59:15', '2011-05-19 01:59:15', '2011-04-19 12:29:16', 0, 1),
(64, 95, 1, 50, '2011-04-19 02:19:56', '2011-05-19 02:19:56', '2011-04-19 12:49:56', 0, 1),
(65, 95, 1, 49, '2011-04-19 02:36:14', '2011-05-19 02:36:14', '2011-04-19 13:06:14', 1, 0);

-- --------------------------------------------------------

--
-- Table structure for table `lm_msg_tbl`
--

CREATE TABLE IF NOT EXISTS `lm_msg_tbl` (
  `MsgId` int(11) NOT NULL AUTO_INCREMENT,
  `MsgClientId` int(11) NOT NULL DEFAULT '0',
  `MsgLawyerId` int(11) NOT NULL DEFAULT '0',
  `MsgCaseId` int(11) NOT NULL DEFAULT '0',
  `MsgMessage` varchar(255) NOT NULL DEFAULT '',
  `MsgReadFlag` int(11) NOT NULL DEFAULT '1',
  `MsgDate` timestamp NOT NULL DEFAULT CURRENT_TIMESTAMP,
  PRIMARY KEY (`MsgId`)
) ENGINE=MyISAM  DEFAULT CHARSET=latin1 AUTO_INCREMENT=18 ;

--
-- Dumping data for table `lm_msg_tbl`
--

INSERT INTO `lm_msg_tbl` (`MsgId`, `MsgClientId`, `MsgLawyerId`, `MsgCaseId`, `MsgMessage`, `MsgReadFlag`, `MsgDate`) VALUES
(17, 32, 73, 41, 'hello', 1, '2010-05-21 23:46:59'),
(16, 32, 73, 41, 'hello', 1, '2010-05-21 23:45:58'),
(13, 15, 44, 4, 'welcomw', 1, '2009-11-21 22:32:32'),
(14, 23, 63, 30, 'hello lucas...i need more information abt ur case?', 1, '2009-11-23 22:23:41'),
(15, 23, 63, 30, 'hii..i got ur message..i will reply soon?', 1, '2009-11-23 22:42:45');

-- --------------------------------------------------------

--
-- Table structure for table `lm_news_tbl`
--

CREATE TABLE IF NOT EXISTS `lm_news_tbl` (
  `NewsId` int(11) NOT NULL AUTO_INCREMENT,
  `NewsTitle` varchar(255) NOT NULL DEFAULT '',
  `NewsDetail` longtext,
  `NewsDate` timestamp NOT NULL DEFAULT CURRENT_TIMESTAMP,
  PRIMARY KEY (`NewsId`)
) ENGINE=MyISAM  DEFAULT CHARSET=latin1 AUTO_INCREMENT=7 ;

--
-- Dumping data for table `lm_news_tbl`
--

INSERT INTO `lm_news_tbl` (`NewsId`, `NewsTitle`, `NewsDetail`, `NewsDate`) VALUES
(1, 'PM for emission cut target with equitable burden sharing', 'Pushing for a legally binding substantive outcome at Copenhagen meet, Manmohan Singh said India is willing to sign on to global target for emission cut if it is accompanied by an equitable burden-sharing ', '2009-11-29 01:01:13'),
(3, 'Gatecrashers met Obama, US Secret Service embarrassed', 'A new photo released by the White House showed a smiling Barack Obama greeting the allegedly uninvited couple, Tareq and Michaele Salahi, at a state dinner hosted for Manmohan Singh.', '2009-11-29 01:28:49'),
(4, 'Madhu Koda arrested in Jharkhand', 'Former Jharkhand chief minister Madhu Koda, who is in the centre of a Rs 2500-crore money laundering scam, was arrested in Chaibasa on Monday, police said.', '2009-12-01 01:37:43'),
(5, 'PM says sorry for Cong MPs foul talk about Atal', 'Prime Minister Manmohan Singh on Wednesday apologised for comments made by Congress MP Beni Prasad Verma against senior Bharatiya Janata Party leaders Atal Bihari Vajpayee and LK Advani in the Lok Sabha. Verma had made personal remarks against Vajpayee and Advani. He had made the remarks during the debate on Liberhan Commission report on Babri Masjid demolition in the Lok Sabha. The BJP had threatened that it would not allow Parliament to function till Verma apologised.', '2009-12-09 23:27:09'),
(6, 'Srishti made very good news', 'Today, Lucas has for the first time seen admin site', '2009-12-11 23:30:14');

-- --------------------------------------------------------

--
-- Table structure for table `lm_notification_tbl`
--

CREATE TABLE IF NOT EXISTS `lm_notification_tbl` (
  `NotificationId` int(11) NOT NULL AUTO_INCREMENT,
  `DateCreated` timestamp NOT NULL DEFAULT CURRENT_TIMESTAMP,
  `NotificationType` int(1) NOT NULL DEFAULT '0',
  `NotificationFrom` int(11) NOT NULL DEFAULT '0',
  `NotificationFromType` varchar(10) COLLATE utf8_unicode_ci DEFAULT NULL,
  `NotificationTo` int(11) NOT NULL DEFAULT '0',
  `NotificationToType` varchar(10) COLLATE utf8_unicode_ci DEFAULT NULL,
  `NotificationText` text COLLATE utf8_unicode_ci,
  `HideNotification` int(1) NOT NULL DEFAULT '0',
  PRIMARY KEY (`NotificationId`)
) ENGINE=MyISAM  DEFAULT CHARSET=utf8 COLLATE=utf8_unicode_ci AUTO_INCREMENT=1120 ;

--
-- Dumping data for table `lm_notification_tbl`
--

INSERT INTO `lm_notification_tbl` (`NotificationId`, `DateCreated`, `NotificationType`, `NotificationFrom`, `NotificationFromType`, `NotificationTo`, `NotificationToType`, `NotificationText`, `HideNotification`) VALUES
(1, '2011-01-11 11:35:15', 0, 62, 'LAWYER', 23, 'CLIENT', 'Lawyer <a href="http://exactllydigital.com/staging/reachlawyer/LawyerDetail.php?lawyerid=62">Sharon Addison</a> has accepted your case <a href="http://exactllydigital.com/staging/reachlawyer/CaseDetail.php?caseid=31">TSU Desdparite Treatment</a>', 0),
(2, '2011-01-11 11:35:15', 0, 62, 'LAWYER', 62, 'LAWYER', 'You have accepted case <a href="http://exactllydigital.com/staging/reachlawyer/CaseDetail.php?caseid=31">TSU Desdparite Treatment</a> from <a href="http://exactllydigital.com/staging/reachlawyer/ClientDetail.php?clientid=23">lucas Stolba</a>', 0),
(3, '2011-01-11 11:39:53', 0, 62, 'LAWYER', 21, 'CLIENT', 'Lawyer <a href="http://exactllydigital.com/staging/reachlawyer/LawyerDetail.php?lawyerid=62">Sharon Addison</a> has accepted your case <a href="http://exactllydigital.com/staging/reachlawyer/CaseDetail.php?caseid=23">wrongful termination</a>', 0),
(4, '2011-01-11 11:39:53', 0, 62, 'LAWYER', 62, 'LAWYER', 'You have accepted case <a href="http://exactllydigital.com/staging/reachlawyer/CaseDetail.php?caseid=23">wrongful termination</a> from <a href="http://exactllydigital.com/staging/reachlawyer/ClientDetail.php?clientid=21">praveen dwivedi</a>', 0),
(5, '2011-01-11 12:03:05', 0, 62, 'LAWYER', 23, 'CLIENT', 'Lawyer <a href="http://exactllydigital.com/staging/reachlawyer/LawyerDetail.php?lawyerid=62">Sharon Addison</a> created milestone <a href="http://exactllydigital.com/staging/reachlawyer/Client/ClientMilestone.php?MilestoneId=4">Test Milestone</a> of case <a href="http://exactllydigital.com/staging/reachlawyer/CaseDetail.php?caseid=31">TSU Desdparite Treatment</a>', 0),
(6, '2011-01-11 12:03:05', 0, 62, 'LAWYER', 62, 'LAWYER', 'You have created milestone <a href="http://exactllydigital.com/staging/reachlawyer/Client/ClientMilestone.php?MilestoneId=4">Test Milestone</a> of case <a href="http://exactllydigital.com/staging/reachlawyer/CaseDetail.php?caseid=31">TSU Desdparite Treatment</a>', 0),
(7, '2011-01-11 12:05:48', 0, 62, 'LAWYER', 23, 'CLIENT', 'Lawyer <a href="http://exactllydigital.com/staging/reachlawyer/LawyerDetail.php?lawyerid=62">Sharon Addison</a> accepted milestone <a href="http://exactllydigital.com/staging/reachlawyer/Client/ClientMilestone.php?MilestoneId=">Test Milestone</a> of case <a href="http://exactllydigital.com/staging/reachlawyer/CaseDetail.php?caseid=31">TSU Desdparite Treatment</a>', 0),
(8, '2011-01-11 12:05:48', 0, 62, 'LAWYER', 62, 'LAWYER', 'You have accepted milestone <a href="http://exactllydigital.com/staging/reachlawyer/Client/ClientMilestone.php?MilestoneId=">Test Milestone</a> of case <a href="http://exactllydigital.com/staging/reachlawyer/CaseDetail.php?caseid=31">TSU Desdparite Treatment</a>', 0),
(9, '2011-01-11 12:11:12', 0, 62, 'LAWYER', 23, 'CLIENT', 'Lawyer <a href="http://exactllydigital.com/staging/reachlawyer/LawyerDetail.php?lawyerid=62">Sharon Addison</a> accepted milestone <a href="http://exactllydigital.com/staging/reachlawyer/Client/ClientMilestone.php?MilestoneId=">Test Milestone</a> of case <a href="http://exactllydigital.com/staging/reachlawyer/CaseDetail.php?caseid=31">TSU Desdparite Treatment</a>', 0),
(10, '2011-01-11 12:11:12', 0, 62, 'LAWYER', 62, 'LAWYER', 'You have accepted milestone <a href="http://exactllydigital.com/staging/reachlawyer/Client/ClientMilestone.php?MilestoneId=">Test Milestone</a> of case <a href="http://exactllydigital.com/staging/reachlawyer/CaseDetail.php?caseid=31">TSU Desdparite Treatment</a>', 0),
(11, '2011-01-11 12:11:48', 0, 15, 'CLIENT', 44, 'LAWYER', 'Client <a href="http://exactllydigital.com/staging/reachlawyer/Client/ClientAccount.php?clientid=15">daniel islam</a> created milestone <a href="http://exactllydigital.com/staging/reachlawyer/Client/ClientMilestone.php?MilestoneId=5">testMS1</a> of case <a href="http://exactllydigital.com/staging/reachlawyer/CaseDetail.php?caseid=43">Test Case</a>', 0),
(12, '2011-01-11 12:11:48', 0, 15, 'CLIENT', 15, 'CLIENT', 'You have created milestone <a href="http://exactllydigital.com/staging/reachlawyer/Client/ClientMilestone.php?MilestoneId=5">testMS1</a> of case <a href="http://exactllydigital.com/staging/reachlawyer/CaseDetail.php?caseid=43">Test Case</a>', 0),
(13, '2011-01-11 12:24:34', 0, 15, 'CLIENT', 44, 'LAWYER', 'Client <a href="http://exactllydigital.com/staging/reachlawyer/ClientDetail.php?clientid=15">daniel islam</a> accepted milestone <a href="http://exactllydigital.com/staging/reachlawyer/Client/ClientMilestone.php?MilestoneId=5">testMS1</a> of case <a href="http://exactllydigital.com/staging/reachlawyer/CaseDetail.php?caseid=43">Test Case</a>', 0),
(14, '2011-01-11 12:24:34', 0, 15, 'CLIENT', 15, 'CLIENT', 'You have accepted milestone <a href="http://exactllydigital.com/staging/reachlawyer/Client/ClientMilestone.php?MilestoneId=5">testMS1</a> of case <a href="http://exactllydigital.com/staging/reachlawyer/CaseDetail.php?caseid=43">Test Case</a>', 0),
(15, '2011-01-11 12:26:34', 0, 0, 'ADMIN', 15, 'ADMIN', 'The <a href="http://exactllydigital.com/staging/reachlawyer/Client/Account.php?clientid=15">account</a> of <a href="http://exactllydigital.com/staging/reachlawyer/Client/ClientAccount.php?clientid=15"></a> has been updated with an escrowed amount $1. The amount has been deducted for the project <a href="http://exactllydigital.com/staging/reachlawyer/CaseDetail.php?caseid=43">Test Case</a>', 0),
(16, '2011-01-11 12:28:11', 0, 0, 'ADMIN', 15, 'ADMIN', 'The <a href="http://exactllydigital.com/staging/reachlawyer/Client/Account.php?clientid=15">account</a> of <a href="http://exactllydigital.com/staging/reachlawyer/Client/ClientAccount.php?clientid=15">daniel islam</a> has been updated with an escrowed amount $1. The amount has been deducted for the project <a href="http://exactllydigital.com/staging/reachlawyer/CaseDetail.php?caseid=43">Test Case</a>', 0),
(17, '2011-01-11 12:39:39', 0, 0, 'ADMIN', 15, 'CLIENT', 'Your <a href="http://exactllydigital.com/staging/reachlawyer/Client/Account.php">account</a> has been updated with an escrowed amount $2. The amount has been deducted for the project <a href="http://exactllydigital.com/staging/reachlawyer/CaseDetail.php?caseid=43">Test Case</a>', 0),
(18, '2011-01-11 12:39:39', 0, 0, '', 0, 'ADMIN', 'The <a href="http://exactllydigital.com/staging/reachlawyer/Client/Account.php?clientid=15">account</a> of <a href="http://exactllydigital.com/staging/reachlawyer/Client/ClientAccount.php?clientid=15">daniel islam</a> has been updated with an escrowed amount $2. The amount has been deducted for the project <a href="http://exactllydigital.com/staging/reachlawyer/CaseDetail.php?caseid=43">Test Case</a>', 0),
(19, '2011-01-11 12:41:25', 0, 15, 'CLIENT', 44, 'LAWYER', 'Client <a href="http://exactllydigital.com/staging/reachlawyer/Client/ClientAccount.php?clientid=15">daniel islam</a> updated milestone <a href="http://exactllydigital.com/staging/reachlawyer/Client/ClientMilestone.php?MilestoneId=5">testMS1</a> of case <a href="http://exactllydigital.com/staging/reachlawyer/CaseDetail.php?caseid=43">Test Case</a>', 0),
(20, '2011-01-11 12:41:25', 0, 15, 'CLIENT', 15, 'CLIENT', 'You have updated milestone <a href="http://exactllydigital.com/staging/reachlawyer/Client/ClientMilestone.php?MilestoneId=5">testMS1</a> of case <a href="http://exactllydigital.com/staging/reachlawyer/CaseDetail.php?caseid=43">Test Case</a>', 0),
(21, '2011-01-11 13:04:19', 0, 15, 'CLIENT', 62, 'LAWYER', 'You have an invitation from <a href="http://exactllydigital.com/staging/reachlawyer/Client/ClientAccount.php?clientid=15">daniel islam</a> to fight the case <a href="http://exactllydigital.com/staging/reachlawyer/CaseDetail.php?caseid=55">test case123</a>.', 0),
(22, '2011-01-11 13:16:41', 0, 62, 'LAWYER', 15, 'CLIENT', 'You have a <a href="http://exactllydigital.com/staging/reachlawyer/Client/SelectLawyer.php?caseid=55">New Bid</a> from <a href="http://exactllydigital.com/staging/reachlawyer/LawyerDetail.php?lawyerid=62">Sharon Addison</a> for the Case <a href="http://exactllydigital.com/staging/reachlawyer/CaseDetail.php?caseid=55">test case123</a>', 0),
(23, '2011-01-11 13:26:01', 0, 15, 'CLIENT', 62, 'LAWYER', 'Your bid for the case <a href="http://exactllydigital.com/staging/reachlawyer/CaseDetail.php?caseid=55">test case123</a> has been declined by the client <a href="http://exactllydigital.com/staging/reachlawyer/Client/ClientAccount.php?clientid=15">daniel islam</a>.', 0),
(24, '2011-01-11 13:34:50', 0, 62, 'LAWYER', 15, 'CLIENT', 'You have a <a href="http://exactllydigital.com/staging/reachlawyer/Client/SelectLawyer.php?caseid=56">New Bid</a> from <a href="http://exactllydigital.com/staging/reachlawyer/LawyerDetail.php?lawyerid=62">Sharon Addison</a> for the Case <a href="http://exactllydigital.com/staging/reachlawyer/CaseDetail.php?caseid=56">testcase2</a>', 0),
(25, '2011-01-11 13:41:24', 0, 62, 'LAWYER', 15, 'CLIENT', 'Lawyer <a href="http://exactllydigital.com/staging/reachlawyer/LawyerDetail.php?lawyerid=62">Sharon Addison</a> has accepted your case <a href="http://exactllydigital.com/staging/reachlawyer/CaseDetail.php?caseid=56">testcase2</a>', 0),
(26, '2011-01-11 13:41:24', 0, 62, 'LAWYER', 62, 'LAWYER', 'You have accepted case <a href="http://exactllydigital.com/staging/reachlawyer/CaseDetail.php?caseid=56">testcase2</a> from <a href="http://exactllydigital.com/staging/reachlawyer/ClientDetail.php?clientid=15">daniel islam</a>', 0),
(27, '2011-01-11 15:13:29', 0, 62, 'LAWYER', 15, 'CLIENT', 'Lawyer <a href="http://exactllydigital.com/staging/reachlawyer/LawyerDetail.php?lawyerid=62">Sharon Addison</a> created milestone <a href="http://exactllydigital.com/staging/reachlawyer/Client/ClientMilestone.php?MilestoneId=6">TC2-MS1</a> of case <a href="http://exactllydigital.com/staging/reachlawyer/CaseDetail.php?caseid=56">testcase2</a>', 0),
(28, '2011-01-11 15:13:29', 0, 62, 'LAWYER', 62, 'LAWYER', 'You have created milestone <a href="http://exactllydigital.com/staging/reachlawyer/Client/ClientMilestone.php?MilestoneId=6">TC2-MS1</a> of case <a href="http://exactllydigital.com/staging/reachlawyer/CaseDetail.php?caseid=56">testcase2</a>', 0),
(29, '2011-01-13 12:15:28', 0, 62, 'LAWYER', 15, 'CLIENT', 'You have a <a href="http://exactllydigital.com/staging/reachlawyer/Client/SelectLawyer.php?caseid=55">New Bid</a> from <a href="http://exactllydigital.com/staging/reachlawyer/LawyerDetail.php?lawyerid=62">Sharon Addison</a> for the Case <a href="http://exactllydigital.com/staging/reachlawyer/CaseDetail.php?caseid=55">test case123</a>', 0),
(30, '2011-01-13 12:23:32', 0, 0, 'ADMIN', 15, 'CLIENT', 'Your <a href="http://exactllydigital.com/staging/reachlawyer/Client/Account.php">account</a> has been updated with an escrowed amount $2. The amount has been deducted for the project <a href="http://exactllydigital.com/staging/reachlawyer/CaseDetail.php?caseid=56">testcase2</a>', 0),
(31, '2011-01-13 12:23:32', 0, 0, '', 0, 'ADMIN', 'The <a href="http://exactllydigital.com/staging/reachlawyer/Client/Account.php?clientid=15">account</a> of <a href="http://exactllydigital.com/staging/reachlawyer/Client/ClientAccount.php?clientid=15">daniel islam</a> has been updated with an escrowed amount $2. The amount has been deducted for the project <a href="http://exactllydigital.com/staging/reachlawyer/CaseDetail.php?caseid=56">testcase2</a>', 0),
(32, '2011-01-13 13:12:15', 0, 15, 'CLIENT', 62, 'LAWYER', 'You have been invited by <a href="http://exactllydigital.com/staging/reachlawyer/Client/ClientAccount.php?clientid=15">daniel islam</a> to bid on the case <a href="http://exactllydigital.com/staging/reachlawyer/CaseDetail.php?caseid=57">Write a legal letter</a>.', 0),
(33, '2011-01-13 13:12:17', 0, 15, 'CLIENT', 62, 'LAWYER', 'You have been invited by <a href="http://exactllydigital.com/staging/reachlawyer/Client/ClientAccount.php?clientid=15">daniel islam</a> to bid on the case <a href="http://exactllydigital.com/staging/reachlawyer/CaseDetail.php?caseid=57">Write a legal letter</a>.', 0),
(34, '2011-01-13 13:34:54', 0, 62, 'LAWYER', 15, 'CLIENT', 'You have a <a href="http://exactllydigital.com/staging/reachlawyer/Client/SelectLawyer.php?caseid=57">New Bid</a> from <a href="http://exactllydigital.com/staging/reachlawyer/LawyerDetail.php?lawyerid=62">Sharon Addison</a> for the Case <a href="http://exactllydigital.com/staging/reachlawyer/CaseDetail.php?caseid=57">Write a legal letter</a>', 0),
(35, '2011-01-13 13:36:29', 0, 62, 'LAWYER', 14, 'CLIENT', 'Lawyer <a href="http://exactllydigital.com/staging/reachlawyer/LawyerDetail.php?lawyerid=62">Sharon Addison</a> has accepted your case <a href="http://exactllydigital.com/staging/reachlawyer/CaseDetail.php?caseid=22">tenant/landlord</a>', 0),
(36, '2011-01-13 13:36:29', 0, 62, 'LAWYER', 62, 'LAWYER', 'You have accepted case <a href="http://exactllydigital.com/staging/reachlawyer/CaseDetail.php?caseid=22">tenant/landlord</a> from <a href="http://exactllydigital.com/staging/reachlawyer/ClientDetail.php?clientid=14">ashish tiwari</a>', 0),
(37, '2011-01-13 13:46:03', 0, 62, 'LAWYER', 15, 'CLIENT', 'Lawyer <a href="http://exactllydigital.com/staging/reachlawyer/LawyerDetail.php?lawyerid=62">Sharon Addison</a> has accepted your case <a href="http://exactllydigital.com/staging/reachlawyer/CaseDetail.php?caseid=57">Write a legal letter</a>', 0),
(38, '2011-01-13 13:46:03', 0, 62, 'LAWYER', 62, 'LAWYER', 'You have accepted case <a href="http://exactllydigital.com/staging/reachlawyer/CaseDetail.php?caseid=57">Write a legal letter</a> from <a href="http://exactllydigital.com/staging/reachlawyer/ClientDetail.php?clientid=15">daniel islam</a>', 0),
(39, '2011-01-13 13:51:30', 0, 62, 'LAWYER', 15, 'CLIENT', 'Lawyer <a href="http://exactllydigital.com/staging/reachlawyer/LawyerDetail.php?lawyerid=62">Sharon Addison</a> created milestone <a href="http://exactllydigital.com/staging/reachlawyer/Client/ClientMilestone.php?MilestoneId=8">Introduction letter</a> of case <a href="http://exactllydigital.com/staging/reachlawyer/CaseDetail.php?caseid=57">Write a legal letter</a>', 0),
(40, '2011-01-13 13:51:30', 0, 62, 'LAWYER', 62, 'LAWYER', 'You have created milestone <a href="http://exactllydigital.com/staging/reachlawyer/Lawyer/ViewMilestone.php?MilestoneId=8">Introduction letter</a> of case <a href="http://exactllydigital.com/staging/reachlawyer/CaseDetail.php?caseid=57">Write a legal letter</a>', 0),
(41, '2011-01-22 13:31:42', 0, 62, 'LAWYER', 14, 'CLIENT', 'Lawyer <a href="http://exactllydigital.com/staging/reachlawyer/LawyerDetail.php?lawyerid=62">Sharon Addison</a> created milestone <a href="http://exactllydigital.com/staging/reachlawyer/Client/ClientMilestone.php?MilestoneId=9">First Milestone</a> of case <a href="http://exactllydigital.com/staging/reachlawyer/CaseDetail.php?caseid=22">tenant/landlord</a>', 0),
(42, '2011-01-22 13:31:42', 0, 62, 'LAWYER', 62, 'LAWYER', 'You have created milestone <a href="http://exactllydigital.com/staging/reachlawyer/Lawyer/ViewMilestone.php?MilestoneId=9">First Milestone</a> of case <a href="http://exactllydigital.com/staging/reachlawyer/CaseDetail.php?caseid=22">tenant/landlord</a>', 0),
(43, '2011-01-22 13:36:15', 0, 14, 'CLIENT', 44, 'LAWYER', 'Client <a href="http://exactllydigital.com/staging/reachlawyer/ClientDetail.php?clientid=14">ashish tiwari</a> accepted milestone <a href="http://exactllydigital.com/staging/reachlawyer/Client/ClientMilestone.php?MilestoneId=9">First Milestone</a> of case <a href="http://exactllydigital.com/staging/reachlawyer/CaseDetail.php?caseid=22">tenant/landlord</a>', 0),
(44, '2011-01-22 13:36:15', 0, 14, 'CLIENT', 14, 'CLIENT', 'You have accepted milestone <a href="http://exactllydigital.com/staging/reachlawyer/Client/ClientMilestone.php?MilestoneId=9">First Milestone</a> of case <a href="http://exactllydigital.com/staging/reachlawyer/CaseDetail.php?caseid=22">tenant/landlord</a>', 0),
(45, '2011-01-22 13:38:12', 0, 62, 'LAWYER', 62, 'LAWYER', 'You bought a subscription of 50 on 01/22/2011', 0),
(46, '2011-01-22 13:38:12', 0, 62, 'LAWYER', 0, 'ADMIN', 'Lawyer Sharon Addison bought a subscription of 50 on 01/22/2011', 0),
(47, '2011-01-22 13:38:22', 0, 62, 'LAWYER', 62, 'LAWYER', 'You bought a subscription of 100 on 01/22/2011', 0),
(48, '2011-01-22 13:38:22', 0, 62, 'LAWYER', 0, 'ADMIN', 'Lawyer Sharon Addison bought a subscription of 100 on 01/22/2011', 0),
(49, '2011-01-22 13:38:33', 0, 62, 'LAWYER', 62, 'LAWYER', 'You bought a subscription of 25 on 01/22/2011', 0),
(50, '2011-01-22 13:38:33', 0, 62, 'LAWYER', 0, 'ADMIN', 'Lawyer Sharon Addison bought a subscription of 25 on 01/22/2011', 0),
(51, '2011-01-25 14:50:07', 0, 15, 'CLIENT', 62, 'LAWYER', 'You have been invited by <a href="http://exactllydigital.com/staging/reachlawyer/Client/ClientAccount.php?clientid=15">daniel islam</a> to bid on the case <a href="http://exactllydigital.com/staging/reachlawyer/CaseDetail.php?caseid=68">testRD8</a>.', 0),
(52, '2011-01-25 14:50:28', 0, 15, 'CLIENT', 62, 'LAWYER', 'You have been invited by <a href="http://exactllydigital.com/staging/reachlawyer/Client/ClientAccount.php?clientid=15">daniel islam</a> to bid on the case <a href="http://exactllydigital.com/staging/reachlawyer/CaseDetail.php?caseid=68">testRD8</a>.', 0),
(53, '2011-01-25 17:41:33', 0, 62, 'LAWYER', 62, 'LAWYER', 'You bought a subscription of 100 on 01/25/2011', 0),
(54, '2011-01-25 17:41:33', 0, 62, 'LAWYER', 0, 'ADMIN', 'Lawyer Sharon Addison bought a subscription of 100 on 01/25/2011', 0),
(55, '2011-01-25 19:00:01', 0, 81, 'LAWYER', 81, 'LAWYER', 'You bought a subscription of 50 on 01/25/2011', 0),
(56, '2011-01-25 19:00:01', 0, 81, 'LAWYER', 0, 'ADMIN', 'Lawyer Souvik Mondal bought a subscription of 50 on 01/25/2011', 0),
(57, '2011-01-25 19:00:42', 0, 81, 'LAWYER', 81, 'LAWYER', 'You bought a subscription of 50 on 01/25/2011', 0),
(58, '2011-01-25 19:00:42', 0, 81, 'LAWYER', 0, 'ADMIN', 'Lawyer Souvik Mondal bought a subscription of 50 on 01/25/2011', 0),
(59, '2011-01-25 19:05:35', 0, 81, 'LAWYER', 81, 'LAWYER', 'You bought a subscription of 50 on 01/25/2011', 0),
(60, '2011-01-25 19:05:35', 0, 81, 'LAWYER', 0, 'ADMIN', 'Lawyer Souvik Mondal bought a subscription of 50 on 01/25/2011', 0),
(61, '2011-01-25 19:10:05', 0, 80, 'LAWYER', 80, 'LAWYER', 'You bought a subscription of 100 on 01/25/2011', 0),
(62, '2011-01-25 19:10:05', 0, 80, 'LAWYER', 0, 'ADMIN', 'Lawyer John Carla bought a subscription of 100 on 01/25/2011', 0),
(63, '2011-01-25 20:29:21', 0, 45, 'CLIENT', 81, 'LAWYER', 'The case <a href="http://exactllydigital.com/staging/reachlawyer/CaseDetail.php?caseid=74">I didnt get my home handed over though I paid in full.</a> has been awarded to you by <a href="http://exactllydigital.com/staging/reachlawyer/Client/ClientAccount.php?clientid=45">Jayanta Karmakat</a>.', 0),
(64, '2011-01-27 14:13:14', 0, 81, 'LAWYER', 45, 'CLIENT', 'Lawyer <a href="http://exactllydigital.com/staging/reachlawyer/LawyerDetail.php?lawyerid=81">Souvik Mondal</a> has accepted your case <a href="http://exactllydigital.com/staging/reachlawyer/CaseDetail.php?caseid=74">I didnt get my home handed over though I paid in full.</a>', 0),
(65, '2011-01-27 14:13:14', 0, 81, 'LAWYER', 81, 'LAWYER', 'You have accepted case <a href="http://exactllydigital.com/staging/reachlawyer/CaseDetail.php?caseid=74">I didnt get my home handed over though I paid in full.</a> from <a href="http://exactllydigital.com/staging/reachlawyer/ClientDetail.php?clientid=45">Jayanta Karmakat</a>', 0),
(66, '2011-01-27 15:34:25', 0, 15, 'CLIENT', 62, 'LAWYER', 'You have been invited by <a href="http://exactllydigital.com/staging/reachlawyer/Client/ClientAccount.php?clientid=15">daniel islam</a> to bid on the case <a href="http://exactllydigital.com/staging/reachlawyer/CaseDetail.php?caseid=75">ChkMail</a>.', 0),
(67, '2011-01-27 15:45:34', 0, 15, 'CLIENT', 63, 'LAWYER', 'You have been invited by <a href="http://exactllydigital.com/staging/reachlawyer/Client/ClientAccount.php?clientid=15">daniel islam</a> to bid on the case <a href="http://exactllydigital.com/staging/reachlawyer/CaseDetail.php?caseid=75">ChkMail</a>.', 0),
(68, '2011-01-27 15:48:23', 0, 15, 'CLIENT', 81, 'LAWYER', 'You have been invited by <a href="http://exactllydigital.com/staging/reachlawyer/Client/ClientAccount.php?clientid=15">daniel islam</a> to bid on the case <a href="http://exactllydigital.com/staging/reachlawyer/CaseDetail.php?caseid=75">ChkMail</a>.', 0),
(69, '2011-01-27 15:50:10', 0, 15, 'CLIENT', 81, 'LAWYER', 'You have been invited by <a href="http://exactllydigital.com/staging/reachlawyer/Client/ClientAccount.php?clientid=15">daniel islam</a> to bid on the case <a href="http://exactllydigital.com/staging/reachlawyer/CaseDetail.php?caseid=75">ChkMail</a>.', 0),
(70, '2011-01-27 15:51:32', 0, 45, 'CLIENT', 44, 'LAWYER', 'Client <a href="http://exactllydigital.com/staging/reachlawyer/Client/ClientAccount.php?clientid=45">Jayanta Karmakat</a> created milestone <a href="http://exactllydigital.com/staging/reachlawyer/Client/ClientMilestone.php?MilestoneId=10">M1</a> of case <a href="http://exactllydigital.com/staging/reachlawyer/CaseDetail.php?caseid=74">I didnt get my home handed over though I paid in full.</a>', 0),
(71, '2011-01-27 15:51:32', 0, 45, 'CLIENT', 45, 'CLIENT', 'You have created milestone <a href="http://exactllydigital.com/staging/reachlawyer/Client/ClientMilestone.php?MilestoneId=10">M1</a> of case <a href="http://exactllydigital.com/staging/reachlawyer/CaseDetail.php?caseid=74">I didnt get my home handed over though I paid in full.</a>', 0),
(72, '2011-01-27 16:48:09', 0, 45, 'CLIENT', 44, 'LAWYER', 'Client <a href="http://exactllydigital.com/staging/reachlawyer/Client/ClientAccount.php?clientid=45">Jayanta Karmakat</a> created milestone <a href="http://exactllydigital.com/staging/reachlawyer/Client/ClientMilestone.php?MilestoneId=11">M2</a> of case <a href="http://exactllydigital.com/staging/reachlawyer/CaseDetail.php?caseid=74">I didnt get my home handed over though I paid in full.</a>', 0),
(73, '2011-01-27 16:48:09', 0, 45, 'CLIENT', 45, 'CLIENT', 'You have created milestone <a href="http://exactllydigital.com/staging/reachlawyer/Client/ClientMilestone.php?MilestoneId=11">M2</a> of case <a href="http://exactllydigital.com/staging/reachlawyer/CaseDetail.php?caseid=74">I didnt get my home handed over though I paid in full.</a>', 0),
(74, '2011-01-27 16:55:21', 0, 15, 'CLIENT', 44, 'LAWYER', 'Client <a href="http://exactllydigital.com/staging/reachlawyer/Client/ClientAccount.php?clientid=15">daniel islam</a> created milestone <a href="http://exactllydigital.com/staging/reachlawyer/Client/ClientMilestone.php?MilestoneId=12">Test</a> of case <a href="http://exactllydigital.com/staging/reachlawyer/CaseDetail.php?caseid=17">kjdfhjrh</a>', 0),
(75, '2011-01-27 16:55:21', 0, 15, 'CLIENT', 15, 'CLIENT', 'You have created milestone <a href="http://exactllydigital.com/staging/reachlawyer/Client/ClientMilestone.php?MilestoneId=12">Test</a> of case <a href="http://exactllydigital.com/staging/reachlawyer/CaseDetail.php?caseid=17">kjdfhjrh</a>', 0),
(76, '2011-01-27 17:23:21', 0, 81, 'LAWYER', 45, 'CLIENT', 'Lawyer <a href="http://exactllydigital.com/staging/reachlawyer/LawyerDetail.php?lawyerid=81">Souvik Mondal</a> accepted milestone <a href="http://exactllydigital.com/staging/reachlawyer/Client/ClientMilestone.php?MilestoneId=10">M1</a> of case <a href="http://exactllydigital.com/staging/reachlawyer/CaseDetail.php?caseid=74">I didnt get my home handed over though I paid in full.</a>', 0),
(77, '2011-01-27 17:23:21', 0, 81, 'LAWYER', 81, 'LAWYER', 'You have accepted milestone <a href="http://exactllydigital.com/staging/reachlawyer/Lawyer/ViewMilestone.php?MilestoneId=10">M1</a> of case <a href="http://exactllydigital.com/staging/reachlawyer/CaseDetail.php?caseid=74">I didnt get my home handed over though I paid in full.</a>', 0),
(78, '2011-01-27 18:05:53', 0, 62, 'LAWYER', 15, 'CLIENT', 'You have a <a href="http://exactllydigital.com/staging/reachlawyer/Client/SelectLawyer.php?caseid=75">New Bid</a> from <a href="http://exactllydigital.com/staging/reachlawyer/LawyerDetail.php?lawyerid=62">Sharon Addison</a> for the Case <a href="http://exactllydigital.com/staging/reachlawyer/CaseDetail.php?caseid=75">ChkMail</a>', 0),
(79, '2011-01-27 18:35:52', 0, 62, 'LAWYER', 15, 'CLIENT', 'You have a <a href="http://exactllydigital.com/staging/reachlawyer/Client/SelectLawyer.php?caseid=70">New Bid</a> from <a href="http://exactllydigital.com/staging/reachlawyer/LawyerDetail.php?lawyerid=62">Sharon Addison</a> for the Case <a href="http://exactllydigital.com/staging/reachlawyer/CaseDetail.php?caseid=70">testRD10</a>', 0),
(80, '2011-01-27 19:01:42', 0, 15, 'CLIENT', 62, 'LAWYER', 'Your bid for the case <a href="http://exactllydigital.com/staging/reachlawyer/CaseDetail.php?caseid=70">testRD10</a> has been declined by the client <a href="http://exactllydigital.com/staging/reachlawyer/Client/ClientAccount.php?clientid=15">daniel islam</a>.', 0),
(81, '2011-01-27 19:05:29', 0, 45, 'CLIENT', 81, 'LAWYER', 'Client <a href="http://exactllydigital.com/staging/reachlawyer/Client/ClientAccount.php?clientid=45">Jayanta Karmakat</a> created milestone <a href="http://exactllydigital.com/staging/reachlawyer/Client/ClientMilestone.php?MilestoneId=15">new milestone</a> of case <a href="http://exactllydigital.com/staging/reachlawyer/CaseDetail.php?caseid=74">I didnt get my home handed over though I paid in full.</a>', 0),
(82, '2011-01-27 19:05:29', 0, 45, 'CLIENT', 45, 'CLIENT', 'You have created milestone <a href="http://exactllydigital.com/staging/reachlawyer/Client/ClientMilestone.php?MilestoneId=15">new milestone</a> of case <a href="http://exactllydigital.com/staging/reachlawyer/CaseDetail.php?caseid=74">I didnt get my home handed over though I paid in full.</a>', 0),
(83, '2011-01-27 19:30:04', 0, 15, 'CLIENT', 62, 'LAWYER', 'The case <a href="http://exactllydigital.com/staging/reachlawyer/CaseDetail.php?caseid=75">ChkMail</a> has been awarded to you by <a href="http://exactllydigital.com/staging/reachlawyer/ClientDetail.php?clientid=15">daniel islam</a>.', 0),
(84, '2011-01-27 20:02:19', 0, 81, 'LAWYER', 45, 'CLIENT', 'Lawyer <a href="http://exactllydigital.com/staging/reachlawyer/LawyerDetail.php?lawyerid=81">Souvik Mondal</a> updated milestone <a href="http://exactllydigital.com/staging/reachlawyer/Client/ClientMilestone.php?MilestoneId=13">new milestone1</a> of case <a href="http://exactllydigital.com/staging/reachlawyer/CaseDetail.php?caseid=74">I didnt get my home handed over though I paid in full.</a>', 0),
(85, '2011-01-27 20:02:19', 0, 81, 'LAWYER', 81, 'LAWYER', 'You have updated milestone <a href="http://exactllydigital.com/staging/reachlawyer/Lawyer/ViewMilestone.php?MilestoneId=13">new milestone1</a> of case <a href="http://exactllydigital.com/staging/reachlawyer/CaseDetail.php?caseid=74">I didnt get my home handed over though I paid in full.</a>', 0),
(86, '2011-01-27 20:10:22', 0, 81, 'LAWYER', 45, 'CLIENT', 'Lawyer <a href="http://exactllydigital.com/staging/reachlawyer/LawyerDetail.php?lawyerid=81">Souvik Mondal</a> updated milestone <a href="http://exactllydigital.com/staging/reachlawyer/Client/ClientMilestone.php?MilestoneId=13">new milestone11</a> of case <a href="http://exactllydigital.com/staging/reachlawyer/CaseDetail.php?caseid=74">I didnt get my home handed over though I paid in full.</a>', 0),
(87, '2011-01-27 20:10:22', 0, 81, 'LAWYER', 81, 'LAWYER', 'You have updated milestone <a href="http://exactllydigital.com/staging/reachlawyer/Lawyer/ViewMilestone.php?MilestoneId=13">new milestone11</a> of case <a href="http://exactllydigital.com/staging/reachlawyer/CaseDetail.php?caseid=74">I didnt get my home handed over though I paid in full.</a>', 0),
(88, '2011-01-27 20:13:35', 0, 45, 'CLIENT', 81, 'LAWYER', 'Client <a href="http://exactllydigital.com/staging/reachlawyer/Client/ClientAccount.php?clientid=45">Jayanta Karmakat</a> updated milestone <a href="http://exactllydigital.com/staging/reachlawyer/Client/ClientMilestone.php?MilestoneId=13">new milestone11_1</a> of case <a href="http://exactllydigital.com/staging/reachlawyer/CaseDetail.php?caseid=74">I didnt get my home handed over though I paid in full.</a>', 0),
(89, '2011-01-27 20:13:35', 0, 45, 'CLIENT', 45, 'CLIENT', 'You have updated milestone <a href="http://exactllydigital.com/staging/reachlawyer/Client/ClientMilestone.php?MilestoneId=13">new milestone11_1</a> of case <a href="http://exactllydigital.com/staging/reachlawyer/CaseDetail.php?caseid=74">I didnt get my home handed over though I paid in full.</a>', 0),
(90, '2011-01-28 11:11:50', 0, 62, 'LAWYER', 15, 'CLIENT', 'You have a <a href="http://exactllydigital.com/staging/reachlawyer/Client/SelectLawyer.php?caseid=68">New Bid</a> from <a href="http://exactllydigital.com/staging/reachlawyer/LawyerDetail.php?lawyerid=62">Sharon Addison</a> for the Case <a href="http://exactllydigital.com/staging/reachlawyer/CaseDetail.php?caseid=68">testRD8</a>', 0),
(91, '2011-01-28 13:15:17', 0, 45, 'CLIENT', 81, 'LAWYER', 'Client <a href="http://exactllydigital.com/staging/reachlawyer/Client/ClientAccount.php?clientid=45">Jayanta Karmakat</a> created milestone <a href="http://exactllydigital.com/staging/reachlawyer/Client/ClientMilestone.php?MilestoneId=16">New Milestone</a> of case <a href="http://exactllydigital.com/staging/reachlawyer/CaseDetail.php?caseid=74">I didnt get my home handed over though I paid in full.</a>', 0),
(92, '2011-01-28 13:15:17', 0, 45, 'CLIENT', 45, 'CLIENT', 'You have created milestone <a href="http://exactllydigital.com/staging/reachlawyer/Client/ClientMilestone.php?MilestoneId=16">New Milestone</a> of case <a href="http://exactllydigital.com/staging/reachlawyer/CaseDetail.php?caseid=74">I didnt get my home handed over though I paid in full.</a>', 0),
(93, '2011-01-28 13:20:44', 0, 45, 'CLIENT', 81, 'LAWYER', 'Client <a href="http://exactllydigital.com/staging/reachlawyer/Client/ClientAccount.php?clientid=45">Jayanta Karmakat</a> created milestone <a href="http://exactllydigital.com/staging/reachlawyer/Client/ClientMilestone.php?MilestoneId=17">New Milestone saving</a> of case <a href="http://exactllydigital.com/staging/reachlawyer/CaseDetail.php?caseid=74">I didnt get my home handed over though I paid in full.</a>', 0),
(94, '2011-01-28 13:20:44', 0, 45, 'CLIENT', 45, 'CLIENT', 'You have created milestone <a href="http://exactllydigital.com/staging/reachlawyer/Client/ClientMilestone.php?MilestoneId=17">New Milestone saving</a> of case <a href="http://exactllydigital.com/staging/reachlawyer/CaseDetail.php?caseid=74">I didnt get my home handed over though I paid in full.</a>', 0),
(95, '2011-01-28 13:28:42', 0, 81, 'LAWYER', 45, 'CLIENT', 'Lawyer <a href="http://exactllydigital.com/staging/reachlawyer/LawyerDetail.php?lawyerid=81">Souvik Mondal</a> created milestone <a href="http://exactllydigital.com/staging/reachlawyer/Client/ClientMilestone.php?MilestoneId=18">Lawyer Milestone</a> of case <a href="http://exactllydigital.com/staging/reachlawyer/CaseDetail.php?caseid=74">I didnt get my home handed over though I paid in full.</a>', 0),
(96, '2011-01-28 13:28:42', 0, 81, 'LAWYER', 81, 'LAWYER', 'You have created milestone <a href="http://exactllydigital.com/staging/reachlawyer/Lawyer/ViewMilestone.php?MilestoneId=18">Lawyer Milestone</a> of case <a href="http://exactllydigital.com/staging/reachlawyer/CaseDetail.php?caseid=74">I didnt get my home handed over though I paid in full.</a>', 0),
(97, '2011-01-28 14:26:25', 0, 0, 'ADMIN', 15, 'CLIENT', 'You have escrowed an amount of USD 1.00 for the case <a href=http://exactllydigital.com/staging/reachlawyer/CaseDetail.php?caseid=43>Test Case</a>', 0),
(98, '2011-01-28 14:28:48', 0, 0, 'ADMIN', 15, 'CLIENT', 'You have escrowed an amount of USD 1.00 for the case <a href=http://exactllydigital.com/staging/reachlawyer/CaseDetail.php?caseid=43>Test Case</a>', 0),
(99, '2011-01-28 14:29:38', 0, 0, 'ADMIN', 15, 'CLIENT', 'You have escrowed an amount of USD 1.00 for the case <a href=http://exactllydigital.com/staging/reachlawyer/CaseDetail.php?caseid=43>Test Case</a>', 0),
(100, '2011-01-28 14:33:26', 0, 0, 'ADMIN', 15, 'CLIENT', 'You have escrowed an amount of USD 2.00 for the case <a href=http://exactllydigital.com/staging/reachlawyer/CaseDetail.php?caseid=43>Test Case</a>', 0),
(101, '2011-01-28 14:40:30', 0, 0, 'ADMIN', 15, 'CLIENT', 'You have escrowed an amount of USD 3.00 for the case <a href=http://exactllydigital.com/staging/reachlawyer/CaseDetail.php?caseid=43>Test Case</a>', 0),
(102, '2011-01-28 14:47:55', 0, 0, 'ADMIN', 15, 'CLIENT', 'You have escrowed an amount of USD 1.00 for the case <a href=http://exactllydigital.com/staging/reachlawyer/CaseDetail.php?caseid=43>Test Case</a>', 0),
(103, '2011-01-28 16:01:57', 0, 45, 'CLIENT', 81, 'LAWYER', 'Client <a href="http://exactllydigital.com/staging/reachlawyer/Client/ClientAccount.php?clientid=45">Jayanta Karmakat</a> updated milestone <a href="http://exactllydigital.com/staging/reachlawyer/Client/ClientMilestone.php?MilestoneId=17">New Milestone saving - updated</a> of case <a href="http://exactllydigital.com/staging/reachlawyer/CaseDetail.php?caseid=74">I didnt get my home handed over though I paid in full.</a>', 0),
(104, '2011-01-28 16:01:58', 0, 45, 'CLIENT', 45, 'CLIENT', 'You have updated milestone <a href="http://exactllydigital.com/staging/reachlawyer/Client/ClientMilestone.php?MilestoneId=17">New Milestone saving - updated</a> of case <a href="http://exactllydigital.com/staging/reachlawyer/CaseDetail.php?caseid=74">I didnt get my home handed over though I paid in full.</a>', 0),
(105, '2011-01-28 16:17:40', 0, 15, 'CLIENT', 62, 'LAWYER', 'Client <a href="http://exactllydigital.com/staging/reachlawyer/Client/ClientAccount.php?clientid=15">daniel islam</a> created milestone <a href="http://exactllydigital.com/staging/reachlawyer/Client/ClientMilestone.php?MilestoneId=19">test MS2</a> of case <a href="http://exactllydigital.com/staging/reachlawyer/CaseDetail.php?caseid=43">Test Case</a>', 0),
(106, '2011-01-28 16:17:40', 0, 15, 'CLIENT', 15, 'CLIENT', 'You have created milestone <a href="http://exactllydigital.com/staging/reachlawyer/Client/ClientMilestone.php?MilestoneId=19">test MS2</a> of case <a href="http://exactllydigital.com/staging/reachlawyer/CaseDetail.php?caseid=43">Test Case</a>', 0),
(107, '2011-01-28 16:44:08', 0, 45, 'CLIENT', 44, 'LAWYER', 'Your Release Request for the milestone My Milestone for the case <a href="http://exactllydigital.com/staging/reachlawyer/CaseDetail.php?caseid=74">I didnt get my home handed over though I paid in full.</a> has been confirmed. An amount of 100.00 has been added to your account.', 0),
(108, '2011-01-28 16:44:08', 0, 45, 'CLIENT', 45, 'CLIENT', 'The Release Request for the milestone My Milestone for the case <a href="http://exactllydigital.com/staging/reachlawyer/CaseDetail.php?caseid=74">I didnt get my home handed over though I paid in full.</a> is confirmed. An amount of 100.00 has been added to your account.', 0),
(109, '2011-01-28 16:44:08', 0, 45, 'CLIENT', 0, 'ADMIN', 'The Release Request for the milestone My Milestone for the case <a href="http://exactllydigital.com/staging/reachlawyer/CaseDetail.php?caseid=74">I didnt get my home handed over though I paid in full.</a> has been confirmed. Please release an amount of 100.00 to <a href="http://exactllydigital.com/staging/reachlawyer/Lawyer/LawyerAccount.php?lawyerid=44">Lucas Lawyer</a>.', 0),
(110, '2011-01-28 16:53:09', 0, 62, 'LAWYER', 15, 'CLIENT', 'Lawyer <a href="http://exactllydigital.com/staging/reachlawyer/LawyerDetail.php?lawyerid=62">Sharon Addison</a> accepted milestone <a href="http://exactllydigital.com/staging/reachlawyer/Client/ClientMilestone.php?MilestoneId=19">test MS2</a> of case <a href="http://exactllydigital.com/staging/reachlawyer/CaseDetail.php?caseid=43">Test Case</a>', 0),
(111, '2011-01-28 16:53:09', 0, 62, 'LAWYER', 62, 'LAWYER', 'You have accepted milestone <a href="http://exactllydigital.com/staging/reachlawyer/Lawyer/ViewMilestone.php?MilestoneId=19">test MS2</a> of case <a href="http://exactllydigital.com/staging/reachlawyer/CaseDetail.php?caseid=43">Test Case</a>', 0),
(112, '2011-01-28 17:08:55', 0, 62, 'LAWYER', 15, 'CLIENT', 'Lawyer <a href="http://exactllydigital.com/staging/reachlawyer/LawyerDetail.php?lawyerid=62">Sharon Addison</a> accepted milestone <a href="http://exactllydigital.com/staging/reachlawyer/Client/ClientMilestone.php?MilestoneId=19">test MS2</a> of case <a href="http://exactllydigital.com/staging/reachlawyer/CaseDetail.php?caseid=43">Test Case</a>', 0),
(113, '2011-01-28 17:08:55', 0, 62, 'LAWYER', 62, 'LAWYER', 'You have accepted milestone <a href="http://exactllydigital.com/staging/reachlawyer/Lawyer/ViewMilestone.php?MilestoneId=19">test MS2</a> of case <a href="http://exactllydigital.com/staging/reachlawyer/CaseDetail.php?caseid=43">Test Case</a>', 0),
(114, '2011-01-28 17:11:50', 0, 62, 'LAWYER', 15, 'CLIENT', 'Lawyer <a href="http://exactllydigital.com/staging/reachlawyer/LawyerDetail.php?lawyerid=62">Sharon Addison</a> accepted milestone <a href="http://exactllydigital.com/staging/reachlawyer/Client/ClientMilestone.php?MilestoneId=19">test MS2</a> of case <a href="http://exactllydigital.com/staging/reachlawyer/CaseDetail.php?caseid=43">Test Case</a>', 0),
(115, '2011-01-28 17:11:50', 0, 62, 'LAWYER', 62, 'LAWYER', 'You have accepted milestone <a href="http://exactllydigital.com/staging/reachlawyer/Lawyer/ViewMilestone.php?MilestoneId=19">test MS2</a> of case <a href="http://exactllydigital.com/staging/reachlawyer/CaseDetail.php?caseid=43">Test Case</a>', 0),
(116, '2011-01-28 17:30:26', 0, 81, 'LAWYER', 45, 'CLIENT', 'You have a <a href="http://exactllydigital.com/staging/reachlawyer/Client/ViewReleaseRequest.php?RequestId=6">Release Request</a> from <a href="http://exactllydigital.com/staging/reachlawyer/LawyerDetail.php?lawyerid=81">Souvik Mondal</a> for Case <a href="http://exactllydigital.com/staging/reachlawyer/CaseDetail.php?caseid=74">I didnt get my home handed over though I paid in full.</a>, Milestone <a href="http://exactllydigital.com/staging/reachlawyer/Client/ClientMilestone.php?MilestoneId=13">new milestone11_1</a>.', 0),
(117, '2011-01-28 17:30:26', 0, 81, 'LAWYER', 81, 'LAWYER', 'You have made a <a href="http://exactllydigital.com/staging/reachlawyer/Client/ViewReleaseRequest.php?RequestId=6">Release Request</a> to <a href="http://exactllydigital.com/staging/reachlawyer/ClientDetail.php?clientid=45">Jayanta Karmakat</a> for Case <a href="http://exactllydigital.com/staging/reachlawyer/CaseDetail.php?caseid=74">I didnt get my home handed over though I paid in full.</a>, Milestone <a href="http://exactllydigital.com/staging/reachlawyer/Client/ClientMilestone.php?MilestoneId=13">new milestone11_1</a>.', 0),
(118, '2011-01-31 17:47:13', 0, 84, 'LAWYER', 84, 'LAWYER', 'You bought a subscription of 100 on 01/31/2011', 0),
(119, '2011-01-31 17:47:13', 0, 84, 'LAWYER', 0, 'ADMIN', 'Lawyer Souvik  Mondal bought a subscription of 100 on 01/31/2011', 0),
(120, '2011-02-01 16:45:35', 0, 81, 'LAWYER', 45, 'CLIENT', 'You have a <a href="http://exactllydigital.com/staging/reachlawyer/Client/ViewReleaseRequest.php?RequestId=7">Release Request</a> from <a href="http://exactllydigital.com/staging/reachlawyer/LawyerDetail.php?lawyerid=81">Souvik Mondal</a> for Case <a href="http://exactllydigital.com/staging/reachlawyer/CaseDetail.php?caseid=74">I didnt get my home handed over though I paid in full.</a>, Milestone <a href="http://exactllydigital.com/staging/reachlawyer/Client/ClientMilestone.php?MilestoneId=11">M2</a>.', 0),
(121, '2011-02-01 16:45:35', 0, 81, 'LAWYER', 81, 'LAWYER', 'You have made a <a href="http://exactllydigital.com/staging/reachlawyer/Client/ViewReleaseRequest.php?RequestId=7">Release Request</a> to <a href="http://exactllydigital.com/staging/reachlawyer/ClientDetail.php?clientid=45">Jayanta Karmakat</a> for Case <a href="http://exactllydigital.com/staging/reachlawyer/CaseDetail.php?caseid=74">I didnt get my home handed over though I paid in full.</a>, Milestone <a href="http://exactllydigital.com/staging/reachlawyer/Client/ClientMilestone.php?MilestoneId=11">M2</a>.', 0),
(122, '2011-02-01 16:51:59', 0, 81, 'LAWYER', 45, 'CLIENT', 'You have a <a href="http://exactllydigital.com/staging/reachlawyer/Client/ViewReleaseRequest.php?RequestId=8">Release Request</a> from <a href="http://exactllydigital.com/staging/reachlawyer/LawyerDetail.php?lawyerid=81">Souvik Mondal</a> for Case <a href="http://exactllydigital.com/staging/reachlawyer/CaseDetail.php?caseid=74">I didnt get my home handed over though I paid in full.</a>, Milestone <a href="http://exactllydigital.com/staging/reachlawyer/Client/ClientMilestone.php?MilestoneId=11">M2</a>.', 0),
(123, '2011-02-01 16:51:59', 0, 81, 'LAWYER', 81, 'LAWYER', 'You have made a <a href="http://exactllydigital.com/staging/reachlawyer/Client/ViewReleaseRequest.php?RequestId=8">Release Request</a> to <a href="http://exactllydigital.com/staging/reachlawyer/ClientDetail.php?clientid=45">Jayanta Karmakat</a> for Case <a href="http://exactllydigital.com/staging/reachlawyer/CaseDetail.php?caseid=74">I didnt get my home handed over though I paid in full.</a>, Milestone <a href="http://exactllydigital.com/staging/reachlawyer/Client/ClientMilestone.php?MilestoneId=11">M2</a>.', 0),
(124, '2011-02-01 16:52:30', 0, 81, 'LAWYER', 45, 'CLIENT', 'You have a <a href="http://exactllydigital.com/staging/reachlawyer/Client/ViewReleaseRequest.php?RequestId=9">Release Request</a> from <a href="http://exactllydigital.com/staging/reachlawyer/LawyerDetail.php?lawyerid=81">Souvik Mondal</a> for Case <a href="http://exactllydigital.com/staging/reachlawyer/CaseDetail.php?caseid=74">I didnt get my home handed over though I paid in full.</a>, Milestone <a href="http://exactllydigital.com/staging/reachlawyer/Client/ClientMilestone.php?MilestoneId=16">New Milestone</a>.', 0),
(125, '2011-02-01 16:52:30', 0, 81, 'LAWYER', 81, 'LAWYER', 'You have made a <a href="http://exactllydigital.com/staging/reachlawyer/Client/ViewReleaseRequest.php?RequestId=9">Release Request</a> to <a href="http://exactllydigital.com/staging/reachlawyer/ClientDetail.php?clientid=45">Jayanta Karmakat</a> for Case <a href="http://exactllydigital.com/staging/reachlawyer/CaseDetail.php?caseid=74">I didnt get my home handed over though I paid in full.</a>, Milestone <a href="http://exactllydigital.com/staging/reachlawyer/Client/ClientMilestone.php?MilestoneId=16">New Milestone</a>.', 0),
(126, '2011-02-01 17:02:05', 0, 81, 'LAWYER', 45, 'CLIENT', 'You have a <a href="http://exactllydigital.com/staging/reachlawyer/Client/ViewReleaseRequest.php?RequestId=10">Release Request</a> from <a href="http://exactllydigital.com/staging/reachlawyer/LawyerDetail.php?lawyerid=81">Souvik Mondal</a> for Case <a href="http://exactllydigital.com/staging/reachlawyer/CaseDetail.php?caseid=74">I didnt get my home handed over though I paid in full.</a>, Milestone <a href="http://exactllydigital.com/staging/reachlawyer/Client/ClientMilestone.php?MilestoneId=16">New Milestone</a>.', 0),
(127, '2011-02-01 17:02:05', 0, 81, 'LAWYER', 81, 'LAWYER', 'You have made a <a href="http://exactllydigital.com/staging/reachlawyer/Client/ViewReleaseRequest.php?RequestId=10">Release Request</a> to <a href="http://exactllydigital.com/staging/reachlawyer/ClientDetail.php?clientid=45">Jayanta Karmakat</a> for Case <a href="http://exactllydigital.com/staging/reachlawyer/CaseDetail.php?caseid=74">I didnt get my home handed over though I paid in full.</a>, Milestone <a href="http://exactllydigital.com/staging/reachlawyer/Client/ClientMilestone.php?MilestoneId=16">New Milestone</a>.', 0),
(128, '2011-02-01 17:03:46', 0, 81, 'LAWYER', 45, 'CLIENT', 'You have a <a href="http://exactllydigital.com/staging/reachlawyer/Client/ViewReleaseRequest.php?RequestId=11">Release Request</a> from <a href="http://exactllydigital.com/staging/reachlawyer/LawyerDetail.php?lawyerid=81">Souvik Mondal</a> for Case <a href="http://exactllydigital.com/staging/reachlawyer/CaseDetail.php?caseid=74">I didnt get my home handed over though I paid in full.</a>, Milestone <a href="http://exactllydigital.com/staging/reachlawyer/Client/ClientMilestone.php?MilestoneId=16">New Milestone</a>.', 0),
(129, '2011-02-01 17:03:46', 0, 81, 'LAWYER', 81, 'LAWYER', 'You have made a <a href="http://exactllydigital.com/staging/reachlawyer/Client/ViewReleaseRequest.php?RequestId=11">Release Request</a> to <a href="http://exactllydigital.com/staging/reachlawyer/ClientDetail.php?clientid=45">Jayanta Karmakat</a> for Case <a href="http://exactllydigital.com/staging/reachlawyer/CaseDetail.php?caseid=74">I didnt get my home handed over though I paid in full.</a>, Milestone <a href="http://exactllydigital.com/staging/reachlawyer/Client/ClientMilestone.php?MilestoneId=16">New Milestone</a>.', 0),
(130, '2011-02-01 17:06:27', 0, 81, 'LAWYER', 45, 'CLIENT', 'You have a <a href="http://exactllydigital.com/staging/reachlawyer/Client/ViewReleaseRequest.php?RequestId=12">Release Request</a> from <a href="http://exactllydigital.com/staging/reachlawyer/LawyerDetail.php?lawyerid=81">Souvik Mondal</a> for Case <a href="http://exactllydigital.com/staging/reachlawyer/CaseDetail.php?caseid=74">I didnt get my home handed over though I paid in full.</a>, Milestone <a href="http://exactllydigital.com/staging/reachlawyer/Client/ClientMilestone.php?MilestoneId=16">New Milestone</a>.', 0),
(131, '2011-02-01 17:06:27', 0, 81, 'LAWYER', 81, 'LAWYER', 'You have made a <a href="http://exactllydigital.com/staging/reachlawyer/Client/ViewReleaseRequest.php?RequestId=12">Release Request</a> to <a href="http://exactllydigital.com/staging/reachlawyer/ClientDetail.php?clientid=45">Jayanta Karmakat</a> for Case <a href="http://exactllydigital.com/staging/reachlawyer/CaseDetail.php?caseid=74">I didnt get my home handed over though I paid in full.</a>, Milestone <a href="http://exactllydigital.com/staging/reachlawyer/Client/ClientMilestone.php?MilestoneId=16">New Milestone</a>.', 0),
(132, '2011-02-01 17:52:15', 0, 81, 'LAWYER', 45, 'CLIENT', 'You have a <a href="http://exactllydigital.com/staging/reachlawyer/Client/ViewReleaseRequest.php?RequestId=20">Release Request</a> from <a href="http://exactllydigital.com/staging/reachlawyer/LawyerDetail.php?lawyerid=81">Souvik Mondal</a> for Case <a href="http://exactllydigital.com/staging/reachlawyer/CaseDetail.php?caseid=74">I didnt get my home handed over though I paid in full.</a>, Milestone <a href="http://exactllydigital.com/staging/reachlawyer/Client/ClientMilestone.php?MilestoneId=11">M2</a>.', 0),
(133, '2011-02-01 17:52:15', 0, 81, 'LAWYER', 81, 'LAWYER', 'You have made a <a href="http://exactllydigital.com/staging/reachlawyer/Client/ViewReleaseRequest.php?RequestId=20">Release Request</a> to <a href="http://exactllydigital.com/staging/reachlawyer/ClientDetail.php?clientid=45">Jayanta Karmakat</a> for Case <a href="http://exactllydigital.com/staging/reachlawyer/CaseDetail.php?caseid=74">I didnt get my home handed over though I paid in full.</a>, Milestone <a href="http://exactllydigital.com/staging/reachlawyer/Client/ClientMilestone.php?MilestoneId=11">M2</a>.', 0),
(134, '2011-02-01 17:59:32', 0, 81, 'LAWYER', 45, 'CLIENT', 'You have a <a href="http://exactllydigital.com/staging/reachlawyer/Client/ViewReleaseRequest.php?RequestId=21">Release Request</a> from <a href="http://exactllydigital.com/staging/reachlawyer/LawyerDetail.php?lawyerid=81">Souvik Mondal</a> for Case <a href="http://exactllydigital.com/staging/reachlawyer/CaseDetail.php?caseid=74">I didnt get my home handed over though I paid in full.</a>, Milestone <a href="http://exactllydigital.com/staging/reachlawyer/Client/ClientMilestone.php?MilestoneId=11">M2</a>.', 0),
(135, '2011-02-01 17:59:32', 0, 81, 'LAWYER', 81, 'LAWYER', 'You have made a <a href="http://exactllydigital.com/staging/reachlawyer/Client/ViewReleaseRequest.php?RequestId=21">Release Request</a> to <a href="http://exactllydigital.com/staging/reachlawyer/ClientDetail.php?clientid=45">Jayanta Karmakat</a> for Case <a href="http://exactllydigital.com/staging/reachlawyer/CaseDetail.php?caseid=74">I didnt get my home handed over though I paid in full.</a>, Milestone <a href="http://exactllydigital.com/staging/reachlawyer/Client/ClientMilestone.php?MilestoneId=11">M2</a>.', 0),
(136, '2011-02-01 18:06:00', 0, 81, 'LAWYER', 45, 'CLIENT', 'You have a <a href="http://exactllydigital.com/staging/reachlawyer/Client/ViewReleaseRequest.php?RequestId=22">Release Request</a> from <a href="http://exactllydigital.com/staging/reachlawyer/LawyerDetail.php?lawyerid=81">Souvik Mondal</a> for Case <a href="http://exactllydigital.com/staging/reachlawyer/CaseDetail.php?caseid=74">I didnt get my home handed over though I paid in full.</a>, Milestone <a href="http://exactllydigital.com/staging/reachlawyer/Client/ClientMilestone.php?MilestoneId=11">M2</a>.', 0),
(137, '2011-02-01 18:06:00', 0, 81, 'LAWYER', 81, 'LAWYER', 'You have made a <a href="http://exactllydigital.com/staging/reachlawyer/Client/ViewReleaseRequest.php?RequestId=22">Release Request</a> to <a href="http://exactllydigital.com/staging/reachlawyer/ClientDetail.php?clientid=45">Jayanta Karmakat</a> for Case <a href="http://exactllydigital.com/staging/reachlawyer/CaseDetail.php?caseid=74">I didnt get my home handed over though I paid in full.</a>, Milestone <a href="http://exactllydigital.com/staging/reachlawyer/Client/ClientMilestone.php?MilestoneId=11">M2</a>.', 0);
INSERT INTO `lm_notification_tbl` (`NotificationId`, `DateCreated`, `NotificationType`, `NotificationFrom`, `NotificationFromType`, `NotificationTo`, `NotificationToType`, `NotificationText`, `HideNotification`) VALUES
(138, '2011-02-01 18:14:43', 0, 81, 'LAWYER', 45, 'CLIENT', 'You have a <a href="http://exactllydigital.com/staging/reachlawyer/Client/ViewReleaseRequest.php?RequestId=23">Release Request</a> from <a href="http://exactllydigital.com/staging/reachlawyer/LawyerDetail.php?lawyerid=81">Souvik Mondal</a> for Case <a href="http://exactllydigital.com/staging/reachlawyer/CaseDetail.php?caseid=74">I didnt get my home handed over though I paid in full.</a>, Milestone <a href="http://exactllydigital.com/staging/reachlawyer/Client/ClientMilestone.php?MilestoneId=11">M2</a>.', 0),
(139, '2011-02-01 18:14:43', 0, 81, 'LAWYER', 81, 'LAWYER', 'You have made a <a href="http://exactllydigital.com/staging/reachlawyer/Client/ViewReleaseRequest.php?RequestId=23">Release Request</a> to <a href="http://exactllydigital.com/staging/reachlawyer/ClientDetail.php?clientid=45">Jayanta Karmakat</a> for Case <a href="http://exactllydigital.com/staging/reachlawyer/CaseDetail.php?caseid=74">I didnt get my home handed over though I paid in full.</a>, Milestone <a href="http://exactllydigital.com/staging/reachlawyer/Client/ClientMilestone.php?MilestoneId=11">M2</a>.', 0),
(140, '2011-02-01 18:15:33', 0, 81, 'LAWYER', 45, 'CLIENT', 'You have a <a href="http://exactllydigital.com/staging/reachlawyer/Client/ViewReleaseRequest.php?RequestId=24">Release Request</a> from <a href="http://exactllydigital.com/staging/reachlawyer/LawyerDetail.php?lawyerid=81">Souvik Mondal</a> for Case <a href="http://exactllydigital.com/staging/reachlawyer/CaseDetail.php?caseid=74">I didnt get my home handed over though I paid in full.</a>, Milestone <a href="http://exactllydigital.com/staging/reachlawyer/Client/ClientMilestone.php?MilestoneId=11">M2</a>.', 0),
(141, '2011-02-01 18:15:33', 0, 81, 'LAWYER', 81, 'LAWYER', 'You have made a <a href="http://exactllydigital.com/staging/reachlawyer/Client/ViewReleaseRequest.php?RequestId=24">Release Request</a> to <a href="http://exactllydigital.com/staging/reachlawyer/ClientDetail.php?clientid=45">Jayanta Karmakat</a> for Case <a href="http://exactllydigital.com/staging/reachlawyer/CaseDetail.php?caseid=74">I didnt get my home handed over though I paid in full.</a>, Milestone <a href="http://exactllydigital.com/staging/reachlawyer/Client/ClientMilestone.php?MilestoneId=11">M2</a>.', 0),
(142, '2011-02-01 18:16:29', 0, 81, 'LAWYER', 45, 'CLIENT', 'You have a <a href="http://exactllydigital.com/staging/reachlawyer/Client/ViewReleaseRequest.php?RequestId=25">Release Request</a> from <a href="http://exactllydigital.com/staging/reachlawyer/LawyerDetail.php?lawyerid=81">Souvik Mondal</a> for Case <a href="http://exactllydigital.com/staging/reachlawyer/CaseDetail.php?caseid=74">I didnt get my home handed over though I paid in full.</a>, Milestone <a href="http://exactllydigital.com/staging/reachlawyer/Client/ClientMilestone.php?MilestoneId=11">M2</a>.', 0),
(143, '2011-02-01 18:16:29', 0, 81, 'LAWYER', 81, 'LAWYER', 'You have made a <a href="http://exactllydigital.com/staging/reachlawyer/Client/ViewReleaseRequest.php?RequestId=25">Release Request</a> to <a href="http://exactllydigital.com/staging/reachlawyer/ClientDetail.php?clientid=45">Jayanta Karmakat</a> for Case <a href="http://exactllydigital.com/staging/reachlawyer/CaseDetail.php?caseid=74">I didnt get my home handed over though I paid in full.</a>, Milestone <a href="http://exactllydigital.com/staging/reachlawyer/Client/ClientMilestone.php?MilestoneId=11">M2</a>.', 0),
(144, '2011-02-01 18:19:33', 0, 81, 'LAWYER', 45, 'CLIENT', 'You have a <a href="http://exactllydigital.com/staging/reachlawyer/Client/ViewReleaseRequest.php?RequestId=26">Release Request</a> from <a href="http://exactllydigital.com/staging/reachlawyer/LawyerDetail.php?lawyerid=81">Souvik Mondal</a> for Case <a href="http://exactllydigital.com/staging/reachlawyer/CaseDetail.php?caseid=74">I didnt get my home handed over though I paid in full.</a>, Milestone <a href="http://exactllydigital.com/staging/reachlawyer/Client/ClientMilestone.php?MilestoneId=11">M2</a>.', 0),
(145, '2011-02-01 18:19:34', 0, 81, 'LAWYER', 81, 'LAWYER', 'You have made a <a href="http://exactllydigital.com/staging/reachlawyer/Client/ViewReleaseRequest.php?RequestId=26">Release Request</a> to <a href="http://exactllydigital.com/staging/reachlawyer/ClientDetail.php?clientid=45">Jayanta Karmakat</a> for Case <a href="http://exactllydigital.com/staging/reachlawyer/CaseDetail.php?caseid=74">I didnt get my home handed over though I paid in full.</a>, Milestone <a href="http://exactllydigital.com/staging/reachlawyer/Client/ClientMilestone.php?MilestoneId=11">M2</a>.', 0),
(146, '2011-02-01 18:20:17', 0, 81, 'LAWYER', 45, 'CLIENT', 'You have a <a href="http://exactllydigital.com/staging/reachlawyer/Client/ViewReleaseRequest.php?RequestId=27">Release Request</a> from <a href="http://exactllydigital.com/staging/reachlawyer/LawyerDetail.php?lawyerid=81">Souvik Mondal</a> for Case <a href="http://exactllydigital.com/staging/reachlawyer/CaseDetail.php?caseid=74">I didnt get my home handed over though I paid in full.</a>, Milestone <a href="http://exactllydigital.com/staging/reachlawyer/Client/ClientMilestone.php?MilestoneId=11">M2</a>.', 0),
(147, '2011-02-01 18:20:17', 0, 81, 'LAWYER', 81, 'LAWYER', 'You have made a <a href="http://exactllydigital.com/staging/reachlawyer/Client/ViewReleaseRequest.php?RequestId=27">Release Request</a> to <a href="http://exactllydigital.com/staging/reachlawyer/ClientDetail.php?clientid=45">Jayanta Karmakat</a> for Case <a href="http://exactllydigital.com/staging/reachlawyer/CaseDetail.php?caseid=74">I didnt get my home handed over though I paid in full.</a>, Milestone <a href="http://exactllydigital.com/staging/reachlawyer/Client/ClientMilestone.php?MilestoneId=11">M2</a>.', 0),
(148, '2011-02-01 18:23:33', 0, 81, 'LAWYER', 45, 'CLIENT', 'You have a <a href="http://exactllydigital.com/staging/reachlawyer/Client/ViewReleaseRequest.php?RequestId=28">Release Request</a> from <a href="http://exactllydigital.com/staging/reachlawyer/LawyerDetail.php?lawyerid=81">Souvik Mondal</a> for Case <a href="http://exactllydigital.com/staging/reachlawyer/CaseDetail.php?caseid=74">I didnt get my home handed over though I paid in full.</a>, Milestone <a href="http://exactllydigital.com/staging/reachlawyer/Client/ClientMilestone.php?MilestoneId=11">M2</a>.', 0),
(149, '2011-02-01 18:23:33', 0, 81, 'LAWYER', 81, 'LAWYER', 'You have made a <a href="http://exactllydigital.com/staging/reachlawyer/Client/ViewReleaseRequest.php?RequestId=28">Release Request</a> to <a href="http://exactllydigital.com/staging/reachlawyer/ClientDetail.php?clientid=45">Jayanta Karmakat</a> for Case <a href="http://exactllydigital.com/staging/reachlawyer/CaseDetail.php?caseid=74">I didnt get my home handed over though I paid in full.</a>, Milestone <a href="http://exactllydigital.com/staging/reachlawyer/Client/ClientMilestone.php?MilestoneId=11">M2</a>.', 0),
(150, '2011-02-01 19:40:42', 0, 81, 'LAWYER', 45, 'CLIENT', 'You have a <a href="http://exactllydigital.com/staging/reachlawyer/Client/ConfirmReleaseRequest.php?MilestoneId=11">Release Request</a> from <a href="http://exactllydigital.com/staging/reachlawyer/LawyerDetail.php?lawyerid=81">Souvik Mondal</a> for Case <a href="http://exactllydigital.com/staging/reachlawyer/CaseDetail.php?caseid=74">I didnt get my home handed over though I paid in full.</a>, Milestone <a href="http://exactllydigital.com/staging/reachlawyer/Client/ClientMilestone.php?MilestoneId=11">M2</a>.', 0),
(151, '2011-02-01 19:40:42', 0, 81, 'LAWYER', 81, 'LAWYER', 'You have made a <a href="http://exactllydigital.com/staging/reachlawyer/Client/ConfirmReleaseRequest.php?MilestoneId=11">Release Request</a> to <a href="http://exactllydigital.com/staging/reachlawyer/ClientDetail.php?clientid=45">Jayanta Karmakat</a> for Case <a href="http://exactllydigital.com/staging/reachlawyer/CaseDetail.php?caseid=74">I didnt get my home handed over though I paid in full.</a>, Milestone <a href="http://exactllydigital.com/staging/reachlawyer/Client/ClientMilestone.php?MilestoneId=11">M2</a>.', 0),
(152, '2011-02-01 20:46:10', 0, 45, 'CLIENT', 44, 'LAWYER', 'Your Release Request for the milestone M2 for the case <a href="http://exactllydigital.com/staging/reachlawyer/CaseDetail.php?caseid=74">I didnt get my home handed over though I paid in full.</a> has been confirmed. An amount of 300.00 has been added to your account.', 0),
(153, '2011-02-01 20:46:10', 0, 45, 'CLIENT', 45, 'CLIENT', 'The Release Request for the milestone M2 for the case <a href="http://exactllydigital.com/staging/reachlawyer/CaseDetail.php?caseid=74">I didnt get my home handed over though I paid in full.</a> is confirmed. An amount of 300.00 has been added to your account.', 0),
(154, '2011-02-01 20:46:10', 0, 45, 'CLIENT', 0, 'ADMIN', 'The Release Request for the milestone M2 for the case <a href="http://exactllydigital.com/staging/reachlawyer/CaseDetail.php?caseid=74">I didnt get my home handed over though I paid in full.</a> has been confirmed. Please release an amount of 300.00 to <a href="http://exactllydigital.com/staging/reachlawyer/Lawyer/LawyerAccount.php?lawyerid=44">Lucas Lawyer</a>.', 0),
(155, '2011-02-01 20:48:48', 0, 45, 'CLIENT', 45, 'CLIENT', 'The Release Request for the milestone  for the case <a href="http://exactllydigital.com/staging/reachlawyer/CaseDetail.php?caseid="></a> is confirmed. An amount of  has been added to your account.', 0),
(156, '2011-02-01 20:48:48', 0, 45, 'CLIENT', 0, 'ADMIN', 'The Release Request for the milestone  for the case <a href="http://exactllydigital.com/staging/reachlawyer/CaseDetail.php?caseid="></a> has been confirmed. Please release an amount of  to <a href="http://exactllydigital.com/staging/reachlawyer/Lawyer/LawyerAccount.php?lawyerid="></a>.', 0),
(157, '2011-02-01 20:48:48', 0, 45, 'CLIENT', 45, 'CLIENT', 'The case <a href="http://exactllydigital.com/staging/reachlawyer/CaseDetail.php?caseid="></a> is closed.', 0),
(158, '2011-02-01 20:50:13', 0, 45, 'CLIENT', 45, 'CLIENT', 'The Release Request for the milestone  for the case <a href="http://exactllydigital.com/staging/reachlawyer/CaseDetail.php?caseid="></a> is confirmed. An amount of  has been added to your account.', 0),
(159, '2011-02-01 20:50:13', 0, 45, 'CLIENT', 0, 'ADMIN', 'The Release Request for the milestone  for the case <a href="http://exactllydigital.com/staging/reachlawyer/CaseDetail.php?caseid="></a> has been confirmed. Please release an amount of  to <a href="http://exactllydigital.com/staging/reachlawyer/Lawyer/LawyerAccount.php?lawyerid="></a>.', 0),
(160, '2011-02-01 20:50:13', 0, 45, 'CLIENT', 45, 'CLIENT', 'The case <a href="http://exactllydigital.com/staging/reachlawyer/CaseDetail.php?caseid="></a> is closed.', 0),
(161, '2011-02-01 20:50:32', 0, 45, 'CLIENT', 45, 'CLIENT', 'The Release Request for the milestone  for the case <a href="http://exactllydigital.com/staging/reachlawyer/CaseDetail.php?caseid="></a> is confirmed. An amount of  has been added to your account.', 0),
(162, '2011-02-01 20:50:32', 0, 45, 'CLIENT', 0, 'ADMIN', 'The Release Request for the milestone  for the case <a href="http://exactllydigital.com/staging/reachlawyer/CaseDetail.php?caseid="></a> has been confirmed. Please release an amount of  to <a href="http://exactllydigital.com/staging/reachlawyer/Lawyer/LawyerAccount.php?lawyerid="></a>.', 0),
(163, '2011-02-01 20:50:32', 0, 45, 'CLIENT', 45, 'CLIENT', 'The case <a href="http://exactllydigital.com/staging/reachlawyer/CaseDetail.php?caseid="></a> is closed.', 0),
(164, '2011-02-01 20:51:58', 0, 45, 'CLIENT', 45, 'CLIENT', 'The Release Request for the milestone  for the case <a href="http://exactllydigital.com/staging/reachlawyer/CaseDetail.php?caseid="></a> is confirmed. An amount of  has been added to your account.', 0),
(165, '2011-02-01 20:51:58', 0, 45, 'CLIENT', 0, 'ADMIN', 'The Release Request for the milestone  for the case <a href="http://exactllydigital.com/staging/reachlawyer/CaseDetail.php?caseid="></a> has been confirmed. Please release an amount of  to <a href="http://exactllydigital.com/staging/reachlawyer/Lawyer/LawyerAccount.php?lawyerid="></a>.', 0),
(166, '2011-02-01 20:51:58', 0, 45, 'CLIENT', 45, 'CLIENT', 'The case <a href="http://exactllydigital.com/staging/reachlawyer/CaseDetail.php?caseid="></a> is closed.', 0),
(167, '2011-02-01 20:53:19', 0, 45, 'CLIENT', 45, 'CLIENT', 'The Release Request for the milestone  for the case <a href="http://exactllydigital.com/staging/reachlawyer/CaseDetail.php?caseid="></a> is confirmed. An amount of  has been added to your account.', 0),
(168, '2011-02-01 20:53:19', 0, 45, 'CLIENT', 0, 'ADMIN', 'The Release Request for the milestone  for the case <a href="http://exactllydigital.com/staging/reachlawyer/CaseDetail.php?caseid="></a> has been confirmed. Please release an amount of  to <a href="http://exactllydigital.com/staging/reachlawyer/Lawyer/LawyerAccount.php?lawyerid="></a>.', 0),
(169, '2011-02-01 20:53:19', 0, 45, 'CLIENT', 45, 'CLIENT', 'The case <a href="http://exactllydigital.com/staging/reachlawyer/CaseDetail.php?caseid="></a> is closed.', 0),
(170, '2011-02-01 21:02:56', 0, 45, 'CLIENT', 45, 'CLIENT', 'The Release Request for the milestone  for the case <a href="http://exactllydigital.com/staging/reachlawyer/CaseDetail.php?caseid="></a> is confirmed. An amount of  has been added to your account.', 0),
(171, '2011-02-01 21:02:56', 0, 45, 'CLIENT', 0, 'ADMIN', 'The Release Request for the milestone  for the case <a href="http://exactllydigital.com/staging/reachlawyer/CaseDetail.php?caseid="></a> has been confirmed. Please release an amount of  to <a href="http://exactllydigital.com/staging/reachlawyer/Lawyer/LawyerAccount.php?lawyerid="></a>.', 0),
(172, '2011-02-01 21:02:56', 0, 45, 'CLIENT', 45, 'CLIENT', 'The case <a href="http://exactllydigital.com/staging/reachlawyer/CaseDetail.php?caseid="></a> is closed.', 0),
(173, '2011-02-02 16:05:39', 0, 45, 'CLIENT', 44, 'LAWYER', 'Your Release Request for the milestone new milestone11_1 for the case <a href="http://exactllydigital.com/staging/reachlawyer/CaseDetail.php?caseid=74">I didnt get my home handed over though I paid in full.</a> has been confirmed. An amount of 111.00 has been added to your account.', 0),
(174, '2011-02-02 16:05:39', 0, 45, 'CLIENT', 45, 'CLIENT', 'The Release Request for the milestone new milestone11_1 for the case <a href="http://exactllydigital.com/staging/reachlawyer/CaseDetail.php?caseid=74">I didnt get my home handed over though I paid in full.</a> is confirmed. An amount of 111.00 has been added to your account.', 0),
(175, '2011-02-02 16:05:39', 0, 45, 'CLIENT', 0, 'ADMIN', 'The Release Request for the milestone new milestone11_1 for the case <a href="http://exactllydigital.com/staging/reachlawyer/CaseDetail.php?caseid=74">I didnt get my home handed over though I paid in full.</a> has been confirmed. Please release an amount of 111.00 to <a href="http://exactllydigital.com/staging/reachlawyer/Lawyer/LawyerAccount.php?lawyerid=44">Lucas Lawyer</a>.', 0),
(176, '2011-02-02 16:28:56', 0, 45, 'CLIENT', 44, 'LAWYER', 'Your Release Request for the milestone New Milestone for the case <a href="http://exactllydigital.com/staging/reachlawyer/CaseDetail.php?caseid=74">I didnt get my home handed over though I paid in full.</a> has been confirmed. An amount of 200.00 has been added to your account.', 0),
(177, '2011-02-02 16:28:56', 0, 45, 'CLIENT', 45, 'CLIENT', 'The Release Request for the milestone New Milestone for the case <a href="http://exactllydigital.com/staging/reachlawyer/CaseDetail.php?caseid=74">I didnt get my home handed over though I paid in full.</a> is confirmed. An amount of 200.00 has been added to your account.', 0),
(178, '2011-02-02 16:28:56', 0, 45, 'CLIENT', 0, 'ADMIN', 'The Release Request for the milestone New Milestone for the case <a href="http://exactllydigital.com/staging/reachlawyer/CaseDetail.php?caseid=74">I didnt get my home handed over though I paid in full.</a> has been confirmed. Please release an amount of 200.00 to <a href="http://exactllydigital.com/staging/reachlawyer/Lawyer/LawyerAccount.php?lawyerid=44">Lucas Lawyer</a>.', 0),
(179, '2011-02-03 10:46:58', 0, 15, 'CLIENT', 63, 'LAWYER', 'Client <a href="http://exactllydigital.com/staging/reachlawyer/Client/ClientAccount.php?clientid=15">daniel islam</a> created milestone <a href="http://exactllydigital.com/staging/reachlawyer/Client/ClientMilestone.php?MilestoneId=20">First of five </a> of case <a href="http://exactllydigital.com/staging/reachlawyer/CaseDetail.php?caseid=17">kjdfhjrh</a>', 0),
(180, '2011-02-03 10:46:58', 0, 15, 'CLIENT', 15, 'CLIENT', 'You have created milestone <a href="http://exactllydigital.com/staging/reachlawyer/Client/ClientMilestone.php?MilestoneId=20">First of five </a> of case <a href="http://exactllydigital.com/staging/reachlawyer/CaseDetail.php?caseid=17">kjdfhjrh</a>', 0),
(181, '2011-02-03 11:39:03', 0, 63, 'LAWYER', 15, 'CLIENT', 'You have a <a href="http://exactllydigital.com/staging/reachlawyer/Client/ConfirmReleaseRequest.php?MilestoneId=20">Release Request</a> from <a href="http://exactllydigital.com/staging/reachlawyer/LawyerDetail.php?lawyerid=63">GUSTAVO CAMELINO</a> for Case <a href="http://exactllydigital.com/staging/reachlawyer/CaseDetail.php?caseid=17">kjdfhjrh</a>, Milestone <a href="http://exactllydigital.com/staging/reachlawyer/Client/ClientMilestone.php?MilestoneId=20">First of five </a>.', 0),
(182, '2011-02-03 11:39:04', 0, 63, 'LAWYER', 63, 'LAWYER', 'You have made a <a href="http://exactllydigital.com/staging/reachlawyer/Client/ConfirmReleaseRequest.php?MilestoneId=20">Release Request</a> to <a href="http://exactllydigital.com/staging/reachlawyer/ClientDetail.php?clientid=15">daniel islam</a> for Case <a href="http://exactllydigital.com/staging/reachlawyer/CaseDetail.php?caseid=17">kjdfhjrh</a>, Milestone <a href="http://exactllydigital.com/staging/reachlawyer/Client/ClientMilestone.php?MilestoneId=20">First of five </a>.', 0),
(183, '2011-02-03 11:57:18', 0, 63, 'LAWYER', 23, 'CLIENT', 'Lawyer <a href="http://exactllydigital.com/staging/reachlawyer/LawyerDetail.php?lawyerid=63">GUSTAVO CAMELINO</a> has accepted your case <a href="http://exactllydigital.com/staging/reachlawyer/CaseDetail.php?caseid=29">disability appeal</a>', 0),
(184, '2011-02-03 11:57:18', 0, 63, 'LAWYER', 63, 'LAWYER', 'You have accepted case <a href="http://exactllydigital.com/staging/reachlawyer/CaseDetail.php?caseid=29">disability appeal</a> from <a href="http://exactllydigital.com/staging/reachlawyer/ClientDetail.php?clientid=23">lucas Stolba</a>', 0),
(185, '2011-02-03 18:52:43', 0, 81, 'LAWYER', 45, 'CLIENT', 'You have a <a href="http://exactllydigital.com/staging/reachlawyer/Client/ConfirmReleaseRequest.php?MilestoneId=17">Release Request</a> from <a href="http://exactllydigital.com/staging/reachlawyer/LawyerDetail.php?lawyerid=81">Souvik Mondal</a> for Case <a href="http://exactllydigital.com/staging/reachlawyer/CaseDetail.php?caseid=74">I didnt get my home handed over though I paid in full.</a>, Milestone <a href="http://exactllydigital.com/staging/reachlawyer/Client/ClientMilestone.php?MilestoneId=17">New Milestone saving - updated</a>.', 0),
(186, '2011-02-03 18:52:43', 0, 81, 'LAWYER', 81, 'LAWYER', 'You have made a <a href="http://exactllydigital.com/staging/reachlawyer/Client/ConfirmReleaseRequest.php?MilestoneId=17">Release Request</a> to <a href="http://exactllydigital.com/staging/reachlawyer/ClientDetail.php?clientid=45">Jayanta Karmakat</a> for Case <a href="http://exactllydigital.com/staging/reachlawyer/CaseDetail.php?caseid=74">I didnt get my home handed over though I paid in full.</a>, Milestone <a href="http://exactllydigital.com/staging/reachlawyer/Client/ClientMilestone.php?MilestoneId=17">New Milestone saving - updated</a>.', 0),
(187, '2011-02-03 19:44:33', 0, 15, 'CLIENT', 63, 'LAWYER', 'Client <a href="http://exactllydigital.com/staging/reachlawyer/Client/ClientAccount.php?clientid=15">daniel islam</a> created milestone <a href="http://exactllydigital.com/staging/reachlawyer/Client/ClientMilestone.php?MilestoneId=24">test new MS</a> of case <a href="http://exactllydigital.com/staging/reachlawyer/CaseDetail.php?caseid=17">kjdfhjrh</a>', 0),
(188, '2011-02-03 19:44:33', 0, 15, 'CLIENT', 15, 'CLIENT', 'You have created milestone <a href="http://exactllydigital.com/staging/reachlawyer/Client/ClientMilestone.php?MilestoneId=24">test new MS</a> of case <a href="http://exactllydigital.com/staging/reachlawyer/CaseDetail.php?caseid=17">kjdfhjrh</a>', 0),
(189, '2011-02-03 19:49:31', 0, 15, 'CLIENT', 63, 'LAWYER', 'Client <a href="http://exactllydigital.com/staging/reachlawyer/Client/ClientAccount.php?clientid=15">daniel islam</a> created milestone <a href="http://exactllydigital.com/staging/reachlawyer/Client/ClientMilestone.php?MilestoneId=25">test new MS1</a> of case <a href="http://exactllydigital.com/staging/reachlawyer/CaseDetail.php?caseid=17">kjdfhjrh</a>', 0),
(190, '2011-02-03 19:49:31', 0, 15, 'CLIENT', 15, 'CLIENT', 'You have created milestone <a href="http://exactllydigital.com/staging/reachlawyer/Client/ClientMilestone.php?MilestoneId=25">test new MS1</a> of case <a href="http://exactllydigital.com/staging/reachlawyer/CaseDetail.php?caseid=17">kjdfhjrh</a>', 0),
(191, '2011-02-03 20:06:45', 0, 15, 'CLIENT', 63, 'LAWYER', 'Client <a href="http://exactllydigital.com/staging/reachlawyer/Client/ClientAccount.php?clientid=15">daniel islam</a> created milestone <a href="http://exactllydigital.com/staging/reachlawyer/Client/ClientMilestone.php?MilestoneId=26">test new MS1</a> of case <a href="http://exactllydigital.com/staging/reachlawyer/CaseDetail.php?caseid=17">kjdfhjrh</a>', 0),
(192, '2011-02-03 20:06:45', 0, 15, 'CLIENT', 15, 'CLIENT', 'You have created milestone <a href="http://exactllydigital.com/staging/reachlawyer/Client/ClientMilestone.php?MilestoneId=26">test new MS1</a> of case <a href="http://exactllydigital.com/staging/reachlawyer/CaseDetail.php?caseid=17">kjdfhjrh</a>', 0),
(193, '2011-02-03 20:07:07', 0, 15, 'CLIENT', 63, 'LAWYER', 'Client <a href="http://exactllydigital.com/staging/reachlawyer/Client/ClientAccount.php?clientid=15">daniel islam</a> created milestone <a href="http://exactllydigital.com/staging/reachlawyer/Client/ClientMilestone.php?MilestoneId=27">test new MS1</a> of case <a href="http://exactllydigital.com/staging/reachlawyer/CaseDetail.php?caseid=17">kjdfhjrh</a>', 0),
(194, '2011-02-03 20:07:07', 0, 15, 'CLIENT', 15, 'CLIENT', 'You have created milestone <a href="http://exactllydigital.com/staging/reachlawyer/Client/ClientMilestone.php?MilestoneId=27">test new MS1</a> of case <a href="http://exactllydigital.com/staging/reachlawyer/CaseDetail.php?caseid=17">kjdfhjrh</a>', 0),
(195, '2011-02-03 20:21:10', 0, 15, 'CLIENT', 63, 'LAWYER', 'Client <a href="http://exactllydigital.com/staging/reachlawyer/Client/ClientAccount.php?clientid=15">daniel islam</a> created milestone <a href="http://exactllydigital.com/staging/reachlawyer/Client/ClientMilestone.php?MilestoneId=28">test new MS1</a> of case <a href="http://exactllydigital.com/staging/reachlawyer/CaseDetail.php?caseid=17">kjdfhjrh</a>', 0),
(196, '2011-02-03 20:21:10', 0, 15, 'CLIENT', 15, 'CLIENT', 'You have created milestone <a href="http://exactllydigital.com/staging/reachlawyer/Client/ClientMilestone.php?MilestoneId=28">test new MS1</a> of case <a href="http://exactllydigital.com/staging/reachlawyer/CaseDetail.php?caseid=17">kjdfhjrh</a>', 0),
(197, '2011-02-03 20:21:20', 0, 15, 'CLIENT', 63, 'LAWYER', 'Client <a href="http://exactllydigital.com/staging/reachlawyer/Client/ClientAccount.php?clientid=15">daniel islam</a> created milestone <a href="http://exactllydigital.com/staging/reachlawyer/Client/ClientMilestone.php?MilestoneId=29">test new MS1</a> of case <a href="http://exactllydigital.com/staging/reachlawyer/CaseDetail.php?caseid=17">kjdfhjrh</a>', 0),
(198, '2011-02-03 20:21:20', 0, 15, 'CLIENT', 15, 'CLIENT', 'You have created milestone <a href="http://exactllydigital.com/staging/reachlawyer/Client/ClientMilestone.php?MilestoneId=29">test new MS1</a> of case <a href="http://exactllydigital.com/staging/reachlawyer/CaseDetail.php?caseid=17">kjdfhjrh</a>', 0),
(199, '2011-02-03 20:22:31', 0, 15, 'CLIENT', 63, 'LAWYER', 'Client <a href="http://exactllydigital.com/staging/reachlawyer/Client/ClientAccount.php?clientid=15">daniel islam</a> created milestone <a href="http://exactllydigital.com/staging/reachlawyer/Client/ClientMilestone.php?MilestoneId=30">test new MS2</a> of case <a href="http://exactllydigital.com/staging/reachlawyer/CaseDetail.php?caseid=17">kjdfhjrh</a>', 0),
(200, '2011-02-03 20:22:31', 0, 15, 'CLIENT', 15, 'CLIENT', 'You have created milestone <a href="http://exactllydigital.com/staging/reachlawyer/Client/ClientMilestone.php?MilestoneId=30">test new MS2</a> of case <a href="http://exactllydigital.com/staging/reachlawyer/CaseDetail.php?caseid=17">kjdfhjrh</a>', 0),
(201, '2011-02-03 20:23:12', 0, 15, 'CLIENT', 63, 'LAWYER', 'Client <a href="http://exactllydigital.com/staging/reachlawyer/Client/ClientAccount.php?clientid=15">daniel islam</a> created milestone <a href="http://exactllydigital.com/staging/reachlawyer/Client/ClientMilestone.php?MilestoneId=31">test new MS2</a> of case <a href="http://exactllydigital.com/staging/reachlawyer/CaseDetail.php?caseid=17">kjdfhjrh</a>', 0),
(202, '2011-02-03 20:23:12', 0, 15, 'CLIENT', 15, 'CLIENT', 'You have created milestone <a href="http://exactllydigital.com/staging/reachlawyer/Client/ClientMilestone.php?MilestoneId=31">test new MS2</a> of case <a href="http://exactllydigital.com/staging/reachlawyer/CaseDetail.php?caseid=17">kjdfhjrh</a>', 0),
(203, '2011-02-03 20:24:29', 0, 15, 'CLIENT', 63, 'LAWYER', 'Client <a href="http://exactllydigital.com/staging/reachlawyer/Client/ClientAccount.php?clientid=15">daniel islam</a> created milestone <a href="http://exactllydigital.com/staging/reachlawyer/Client/ClientMilestone.php?MilestoneId=32">test new MS2</a> of case <a href="http://exactllydigital.com/staging/reachlawyer/CaseDetail.php?caseid=17">kjdfhjrh</a>', 0),
(204, '2011-02-03 20:24:29', 0, 15, 'CLIENT', 15, 'CLIENT', 'You have created milestone <a href="http://exactllydigital.com/staging/reachlawyer/Client/ClientMilestone.php?MilestoneId=32">test new MS2</a> of case <a href="http://exactllydigital.com/staging/reachlawyer/CaseDetail.php?caseid=17">kjdfhjrh</a>', 0),
(205, '2011-02-03 20:25:08', 0, 15, 'CLIENT', 63, 'LAWYER', 'Client <a href="http://exactllydigital.com/staging/reachlawyer/Client/ClientAccount.php?clientid=15">daniel islam</a> created milestone <a href="http://exactllydigital.com/staging/reachlawyer/Client/ClientMilestone.php?MilestoneId=33">test new MS2</a> of case <a href="http://exactllydigital.com/staging/reachlawyer/CaseDetail.php?caseid=17">kjdfhjrh</a>', 0),
(206, '2011-02-03 20:25:08', 0, 15, 'CLIENT', 15, 'CLIENT', 'You have created milestone <a href="http://exactllydigital.com/staging/reachlawyer/Client/ClientMilestone.php?MilestoneId=33">test new MS2</a> of case <a href="http://exactllydigital.com/staging/reachlawyer/CaseDetail.php?caseid=17">kjdfhjrh</a>', 0),
(207, '2011-02-03 20:26:52', 0, 15, 'CLIENT', 63, 'LAWYER', 'Client <a href="http://exactllydigital.com/staging/reachlawyer/Client/ClientAccount.php?clientid=15">daniel islam</a> created milestone <a href="http://exactllydigital.com/staging/reachlawyer/Client/ClientMilestone.php?MilestoneId=34">test new MS2</a> of case <a href="http://exactllydigital.com/staging/reachlawyer/CaseDetail.php?caseid=17">kjdfhjrh</a>', 0),
(208, '2011-02-03 20:26:52', 0, 15, 'CLIENT', 15, 'CLIENT', 'You have created milestone <a href="http://exactllydigital.com/staging/reachlawyer/Client/ClientMilestone.php?MilestoneId=34">test new MS2</a> of case <a href="http://exactllydigital.com/staging/reachlawyer/CaseDetail.php?caseid=17">kjdfhjrh</a>', 0),
(209, '2011-02-03 20:27:47', 0, 15, 'CLIENT', 63, 'LAWYER', 'Client <a href="http://exactllydigital.com/staging/reachlawyer/Client/ClientAccount.php?clientid=15">daniel islam</a> created milestone <a href="http://exactllydigital.com/staging/reachlawyer/Client/ClientMilestone.php?MilestoneId=35">test new MS2</a> of case <a href="http://exactllydigital.com/staging/reachlawyer/CaseDetail.php?caseid=17">kjdfhjrh</a>', 0),
(210, '2011-02-03 20:27:47', 0, 15, 'CLIENT', 15, 'CLIENT', 'You have created milestone <a href="http://exactllydigital.com/staging/reachlawyer/Client/ClientMilestone.php?MilestoneId=35">test new MS2</a> of case <a href="http://exactllydigital.com/staging/reachlawyer/CaseDetail.php?caseid=17">kjdfhjrh</a>', 0),
(211, '2011-02-03 20:28:48', 0, 15, 'CLIENT', 63, 'LAWYER', 'Client <a href="http://exactllydigital.com/staging/reachlawyer/Client/ClientAccount.php?clientid=15">daniel islam</a> created milestone <a href="http://exactllydigital.com/staging/reachlawyer/Client/ClientMilestone.php?MilestoneId=36">test new MS2</a> of case <a href="http://exactllydigital.com/staging/reachlawyer/CaseDetail.php?caseid=17">kjdfhjrh</a>', 0),
(212, '2011-02-03 20:28:48', 0, 15, 'CLIENT', 15, 'CLIENT', 'You have created milestone <a href="http://exactllydigital.com/staging/reachlawyer/Client/ClientMilestone.php?MilestoneId=36">test new MS2</a> of case <a href="http://exactllydigital.com/staging/reachlawyer/CaseDetail.php?caseid=17">kjdfhjrh</a>', 0),
(213, '2011-02-03 20:29:33', 0, 15, 'CLIENT', 63, 'LAWYER', 'Client <a href="http://exactllydigital.com/staging/reachlawyer/Client/ClientAccount.php?clientid=15">daniel islam</a> created milestone <a href="http://exactllydigital.com/staging/reachlawyer/Client/ClientMilestone.php?MilestoneId=37">test new MS2</a> of case <a href="http://exactllydigital.com/staging/reachlawyer/CaseDetail.php?caseid=17">kjdfhjrh</a>', 0),
(214, '2011-02-03 20:29:33', 0, 15, 'CLIENT', 15, 'CLIENT', 'You have created milestone <a href="http://exactllydigital.com/staging/reachlawyer/Client/ClientMilestone.php?MilestoneId=37">test new MS2</a> of case <a href="http://exactllydigital.com/staging/reachlawyer/CaseDetail.php?caseid=17">kjdfhjrh</a>', 0),
(215, '2011-02-03 20:34:01', 0, 15, 'CLIENT', 63, 'LAWYER', 'Client <a href="http://exactllydigital.com/staging/reachlawyer/Client/ClientAccount.php?clientid=15">daniel islam</a> created milestone <a href="http://exactllydigital.com/staging/reachlawyer/Client/ClientMilestone.php?MilestoneId=38">test new MS2</a> of case <a href="http://exactllydigital.com/staging/reachlawyer/CaseDetail.php?caseid=17">kjdfhjrh</a>', 0),
(216, '2011-02-03 20:34:01', 0, 15, 'CLIENT', 15, 'CLIENT', 'You have created milestone <a href="http://exactllydigital.com/staging/reachlawyer/Client/ClientMilestone.php?MilestoneId=38">test new MS2</a> of case <a href="http://exactllydigital.com/staging/reachlawyer/CaseDetail.php?caseid=17">kjdfhjrh</a>', 0),
(217, '2011-02-03 20:35:50', 0, 15, 'CLIENT', 63, 'LAWYER', 'Client <a href="http://exactllydigital.com/staging/reachlawyer/Client/ClientAccount.php?clientid=15">daniel islam</a> created milestone <a href="http://exactllydigital.com/staging/reachlawyer/Client/ClientMilestone.php?MilestoneId=39">test new MS2</a> of case <a href="http://exactllydigital.com/staging/reachlawyer/CaseDetail.php?caseid=17">kjdfhjrh</a>', 0),
(218, '2011-02-03 20:35:50', 0, 15, 'CLIENT', 15, 'CLIENT', 'You have created milestone <a href="http://exactllydigital.com/staging/reachlawyer/Client/ClientMilestone.php?MilestoneId=39">test new MS2</a> of case <a href="http://exactllydigital.com/staging/reachlawyer/CaseDetail.php?caseid=17">kjdfhjrh</a>', 0),
(219, '2011-02-03 20:39:24', 0, 15, 'CLIENT', 63, 'LAWYER', 'Client <a href="http://exactllydigital.com/staging/reachlawyer/Client/ClientAccount.php?clientid=15">daniel islam</a> created milestone <a href="http://exactllydigital.com/staging/reachlawyer/Client/ClientMilestone.php?MilestoneId=40">test new MS2</a> of case <a href="http://exactllydigital.com/staging/reachlawyer/CaseDetail.php?caseid=17">kjdfhjrh</a>', 0),
(220, '2011-02-03 20:39:24', 0, 15, 'CLIENT', 15, 'CLIENT', 'You have created milestone <a href="http://exactllydigital.com/staging/reachlawyer/Client/ClientMilestone.php?MilestoneId=40">test new MS2</a> of case <a href="http://exactllydigital.com/staging/reachlawyer/CaseDetail.php?caseid=17">kjdfhjrh</a>', 0),
(221, '2011-02-03 22:13:32', 0, 0, 'ADMIN', 45, 'CLIENT', 'You have escrowed an amount of USD 200.00 for the case <a href=http://exactllydigital.com/staging/reachlawyer/CaseDetail.php?caseid=74>I didnt get my home handed over though I paid in full.</a>', 0),
(222, '2011-02-04 11:17:22', 0, 15, 'CLIENT', 63, 'LAWYER', 'Client <a href="http://exactllydigital.com/staging/reachlawyer/Client/ClientAccount.php?clientid=15">daniel islam</a> created milestone <a href="http://exactllydigital.com/staging/reachlawyer/Client/ClientMilestone.php?MilestoneId=41">test new MS3</a> of case <a href="http://exactllydigital.com/staging/reachlawyer/CaseDetail.php?caseid=17">kjdfhjrh</a>', 0),
(223, '2011-02-04 11:17:22', 0, 15, 'CLIENT', 15, 'CLIENT', 'You have created milestone <a href="http://exactllydigital.com/staging/reachlawyer/Client/ClientMilestone.php?MilestoneId=41">test new MS3</a> of case <a href="http://exactllydigital.com/staging/reachlawyer/CaseDetail.php?caseid=17">kjdfhjrh</a>', 0),
(224, '2011-02-04 11:44:51', 0, 15, 'CLIENT', 63, 'LAWYER', 'Client <a href="http://exactllydigital.com/staging/reachlawyer/Client/ClientAccount.php?clientid=15">daniel islam</a> created milestone <a href="http://exactllydigital.com/staging/reachlawyer/Client/ClientMilestone.php?MilestoneId=42">test new MS3</a> of case <a href="http://exactllydigital.com/staging/reachlawyer/CaseDetail.php?caseid=17">kjdfhjrh</a>', 0),
(225, '2011-02-04 11:44:51', 0, 15, 'CLIENT', 15, 'CLIENT', 'You have created milestone <a href="http://exactllydigital.com/staging/reachlawyer/Client/ClientMilestone.php?MilestoneId=42">test new MS3</a> of case <a href="http://exactllydigital.com/staging/reachlawyer/CaseDetail.php?caseid=17">kjdfhjrh</a>', 0),
(226, '2011-02-04 11:48:44', 0, 15, 'CLIENT', 63, 'LAWYER', 'Client <a href="http://exactllydigital.com/staging/reachlawyer/Client/ClientAccount.php?clientid=15">daniel islam</a> created milestone <a href="http://exactllydigital.com/staging/reachlawyer/Client/ClientMilestone.php?MilestoneId=43">test new MS3</a> of case <a href="http://exactllydigital.com/staging/reachlawyer/CaseDetail.php?caseid=17">kjdfhjrh</a>', 0),
(227, '2011-02-04 11:48:44', 0, 15, 'CLIENT', 15, 'CLIENT', 'You have created milestone <a href="http://exactllydigital.com/staging/reachlawyer/Client/ClientMilestone.php?MilestoneId=43">test new MS3</a> of case <a href="http://exactllydigital.com/staging/reachlawyer/CaseDetail.php?caseid=17">kjdfhjrh</a>', 0),
(228, '2011-02-04 11:55:46', 0, 15, 'CLIENT', 63, 'LAWYER', 'Client <a href="http://exactllydigital.com/staging/reachlawyer/Client/ClientAccount.php?clientid=15">daniel islam</a> created milestone <a href="http://exactllydigital.com/staging/reachlawyer/Client/ClientMilestone.php?MilestoneId=44">test new MS3</a> of case <a href="http://exactllydigital.com/staging/reachlawyer/CaseDetail.php?caseid=17">kjdfhjrh</a>', 0),
(229, '2011-02-04 11:55:46', 0, 15, 'CLIENT', 15, 'CLIENT', 'You have created milestone <a href="http://exactllydigital.com/staging/reachlawyer/Client/ClientMilestone.php?MilestoneId=44">test new MS3</a> of case <a href="http://exactllydigital.com/staging/reachlawyer/CaseDetail.php?caseid=17">kjdfhjrh</a>', 0),
(230, '2011-02-04 15:08:46', 0, 15, 'CLIENT', 63, 'LAWYER', 'Client <a href="http://exactllydigital.com/staging/reachlawyer/Client/ClientAccount.php?clientid=15">daniel islam</a> created milestone <a href="http://exactllydigital.com/staging/reachlawyer/Client/ClientMilestone.php?MilestoneId=45">test new MS3</a> of case <a href="http://exactllydigital.com/staging/reachlawyer/CaseDetail.php?caseid=17">kjdfhjrh</a>', 0),
(231, '2011-02-04 15:08:46', 0, 15, 'CLIENT', 15, 'CLIENT', 'You have created milestone <a href="http://exactllydigital.com/staging/reachlawyer/Client/ClientMilestone.php?MilestoneId=45">test new MS3</a> of case <a href="http://exactllydigital.com/staging/reachlawyer/CaseDetail.php?caseid=17">kjdfhjrh</a>', 0),
(232, '2011-02-04 15:13:14', 0, 15, 'CLIENT', 63, 'LAWYER', 'Client <a href="http://exactllydigital.com/staging/reachlawyer/Client/ClientAccount.php?clientid=15">daniel islam</a> created milestone <a href="http://exactllydigital.com/staging/reachlawyer/Client/ClientMilestone.php?MilestoneId=46">test new MS3</a> of case <a href="http://exactllydigital.com/staging/reachlawyer/CaseDetail.php?caseid=17">kjdfhjrh</a>', 0),
(233, '2011-02-04 15:13:14', 0, 15, 'CLIENT', 15, 'CLIENT', 'You have created milestone <a href="http://exactllydigital.com/staging/reachlawyer/Client/ClientMilestone.php?MilestoneId=46">test new MS3</a> of case <a href="http://exactllydigital.com/staging/reachlawyer/CaseDetail.php?caseid=17">kjdfhjrh</a>', 0),
(234, '2011-02-04 15:13:49', 0, 15, 'CLIENT', 63, 'LAWYER', 'Client <a href="http://exactllydigital.com/staging/reachlawyer/Client/ClientAccount.php?clientid=15">daniel islam</a> created milestone <a href="http://exactllydigital.com/staging/reachlawyer/Client/ClientMilestone.php?MilestoneId=47">test new MS3</a> of case <a href="http://exactllydigital.com/staging/reachlawyer/CaseDetail.php?caseid=17">kjdfhjrh</a>', 0),
(235, '2011-02-04 15:13:49', 0, 15, 'CLIENT', 15, 'CLIENT', 'You have created milestone <a href="http://exactllydigital.com/staging/reachlawyer/Client/ClientMilestone.php?MilestoneId=47">test new MS3</a> of case <a href="http://exactllydigital.com/staging/reachlawyer/CaseDetail.php?caseid=17">kjdfhjrh</a>', 0),
(236, '2011-02-04 15:16:36', 0, 15, 'CLIENT', 63, 'LAWYER', 'Client <a href="http://exactllydigital.com/staging/reachlawyer/Client/ClientAccount.php?clientid=15">daniel islam</a> created milestone <a href="http://exactllydigital.com/staging/reachlawyer/Client/ClientMilestone.php?MilestoneId=48">test new MS3</a> of case <a href="http://exactllydigital.com/staging/reachlawyer/CaseDetail.php?caseid=17">kjdfhjrh</a>', 0),
(237, '2011-02-04 15:16:36', 0, 15, 'CLIENT', 15, 'CLIENT', 'You have created milestone <a href="http://exactllydigital.com/staging/reachlawyer/Client/ClientMilestone.php?MilestoneId=48">test new MS3</a> of case <a href="http://exactllydigital.com/staging/reachlawyer/CaseDetail.php?caseid=17">kjdfhjrh</a>', 0),
(238, '2011-02-04 15:46:53', 0, 15, 'CLIENT', 63, 'LAWYER', 'Client <a href="http://exactllydigital.com/staging/reachlawyer/Client/ClientAccount.php?clientid=15">daniel islam</a> created milestone <a href="http://exactllydigital.com/staging/reachlawyer/Client/ClientMilestone.php?MilestoneId=49">test new MS6</a> of case <a href="http://exactllydigital.com/staging/reachlawyer/CaseDetail.php?caseid=17">kjdfhjrh</a>', 0),
(239, '2011-02-04 15:46:53', 0, 15, 'CLIENT', 15, 'CLIENT', 'You have created milestone <a href="http://exactllydigital.com/staging/reachlawyer/Client/ClientMilestone.php?MilestoneId=49">test new MS6</a> of case <a href="http://exactllydigital.com/staging/reachlawyer/CaseDetail.php?caseid=17">kjdfhjrh</a>', 0),
(240, '2011-02-05 15:12:07', 0, 87, 'LAWYER', 87, 'LAWYER', 'You bought a subscription of 150 on 02/05/2011', 0),
(241, '2011-02-05 15:12:07', 0, 87, 'LAWYER', 0, 'ADMIN', 'Lawyer   bought a subscription of 150 on 02/05/2011', 0),
(242, '2011-02-05 15:33:10', 0, 87, 'LAWYER', 53, 'CLIENT', 'You have a <a href="http://exactllydigital.com/staging/reachlawyer/Client/SelectLawyer.php?caseid=83">New Bid</a> from <a href="http://exactllydigital.com/staging/reachlawyer/LawyerDetail.php?lawyerid=87">Lucas Law</a> for the Case <a href="http://exactllydigital.com/staging/reachlawyer/CaseDetail.php?caseid=83">Demanding Letter #2</a>', 0),
(243, '2011-02-07 19:38:56', 0, 81, 'LAWYER', 81, 'LAWYER', 'You bought a subscription of 50 on 02/07/2011', 0),
(244, '2011-02-07 19:38:56', 0, 81, 'LAWYER', 0, 'ADMIN', 'Lawyer Souvik Mondal bought a subscription of 50 on 02/07/2011', 0),
(245, '2011-02-08 08:55:45', 0, 87, 'LAWYER', 53, 'CLIENT', 'You have a <a href="http://exactllydigital.com/staging/reachlawyer/Client/SelectLawyer.php?caseid=85">New Bid</a> from <a href="http://exactllydigital.com/staging/reachlawyer/LawyerDetail.php?lawyerid=87">Lucas Law</a> for the Case <a href="http://exactllydigital.com/staging/reachlawyer/CaseDetail.php?caseid=85">Write terms and conditions for my website</a>', 0),
(246, '2011-02-08 10:55:16', 0, 53, 'CLIENT', 87, 'LAWYER', 'The case <a href="http://exactllydigital.com/staging/reachlawyer/CaseDetail.php?caseid=85">Write terms and conditions for my website</a> has been awarded to you by <a href="http://exactllydigital.com/staging/reachlawyer/ClientDetail.php?clientid=53">Lucas Stolba</a>.', 0),
(247, '2011-02-08 11:17:36', 0, 87, 'LAWYER', 53, 'CLIENT', 'Lawyer <a href="http://exactllydigital.com/staging/reachlawyer/LawyerDetail.php?lawyerid=87">Lucas Law</a> has accepted your case <a href="http://exactllydigital.com/staging/reachlawyer/CaseDetail.php?caseid=85">Write terms and conditions for my website</a>', 0),
(248, '2011-02-08 11:17:36', 0, 87, 'LAWYER', 87, 'LAWYER', 'You have accepted case <a href="http://exactllydigital.com/staging/reachlawyer/CaseDetail.php?caseid=85">Write terms and conditions for my website</a> from <a href="http://exactllydigital.com/staging/reachlawyer/ClientDetail.php?clientid=53">Lucas Stolba</a>', 0),
(249, '2011-02-08 11:28:20', 0, 53, 'CLIENT', 87, 'LAWYER', 'Client <a href="http://exactllydigital.com/staging/reachlawyer/Client/ClientAccount.php?clientid=53">Lucas Stolba</a> created milestone <a href="http://exactllydigital.com/staging/reachlawyer/Client/ClientMilestone.php?MilestoneId=50">50%</a> of case <a href="http://exactllydigital.com/staging/reachlawyer/CaseDetail.php?caseid=85">Write terms and conditions for my website</a>', 0),
(250, '2011-02-08 11:28:20', 0, 53, 'CLIENT', 53, 'CLIENT', 'You have created milestone <a href="http://exactllydigital.com/staging/reachlawyer/Client/ClientMilestone.php?MilestoneId=50">50%</a> of case <a href="http://exactllydigital.com/staging/reachlawyer/CaseDetail.php?caseid=85">Write terms and conditions for my website</a>', 0),
(251, '2011-02-08 11:31:06', 0, 53, 'CLIENT', 87, 'LAWYER', 'Client <a href="http://exactllydigital.com/staging/reachlawyer/Client/ClientAccount.php?clientid=53">Lucas Stolba</a> created milestone <a href="http://exactllydigital.com/staging/reachlawyer/Client/ClientMilestone.php?MilestoneId=51">55%</a> of case <a href="http://exactllydigital.com/staging/reachlawyer/CaseDetail.php?caseid=85">Write terms and conditions for my website</a>', 0),
(252, '2011-02-08 11:31:06', 0, 53, 'CLIENT', 53, 'CLIENT', 'You have created milestone <a href="http://exactllydigital.com/staging/reachlawyer/Client/ClientMilestone.php?MilestoneId=51">55%</a> of case <a href="http://exactllydigital.com/staging/reachlawyer/CaseDetail.php?caseid=85">Write terms and conditions for my website</a>', 0),
(253, '2011-02-08 11:31:57', 0, 53, 'CLIENT', 87, 'LAWYER', 'Client <a href="http://exactllydigital.com/staging/reachlawyer/Client/ClientAccount.php?clientid=53">Lucas Stolba</a> created milestone <a href="http://exactllydigital.com/staging/reachlawyer/Client/ClientMilestone.php?MilestoneId=52">75%</a> of case <a href="http://exactllydigital.com/staging/reachlawyer/CaseDetail.php?caseid=85">Write terms and conditions for my website</a>', 0),
(254, '2011-02-08 11:31:57', 0, 53, 'CLIENT', 53, 'CLIENT', 'You have created milestone <a href="http://exactllydigital.com/staging/reachlawyer/Client/ClientMilestone.php?MilestoneId=52">75%</a> of case <a href="http://exactllydigital.com/staging/reachlawyer/CaseDetail.php?caseid=85">Write terms and conditions for my website</a>', 0),
(255, '2011-02-08 11:42:38', 0, 87, 'LAWYER', 53, 'CLIENT', 'You have a <a href="http://exactllydigital.com/staging/reachlawyer/Client/ConfirmReleaseRequest.php?MilestoneId=50">Release Request</a> from <a href="http://exactllydigital.com/staging/reachlawyer/LawyerDetail.php?lawyerid=87">Lucas Law</a> for Case <a href="http://exactllydigital.com/staging/reachlawyer/CaseDetail.php?caseid=85">Write terms and conditions for my website</a>, Milestone <a href="http://exactllydigital.com/staging/reachlawyer/Client/ClientMilestone.php?MilestoneId=50">50%</a>.', 0),
(256, '2011-02-08 11:42:39', 0, 87, 'LAWYER', 87, 'LAWYER', 'You have made a <a href="http://exactllydigital.com/staging/reachlawyer/Client/ConfirmReleaseRequest.php?MilestoneId=50">Release Request</a> to <a href="http://exactllydigital.com/staging/reachlawyer/ClientDetail.php?clientid=53">Lucas Stolba</a> for Case <a href="http://exactllydigital.com/staging/reachlawyer/CaseDetail.php?caseid=85">Write terms and conditions for my website</a>, Milestone <a href="http://exactllydigital.com/staging/reachlawyer/Client/ClientMilestone.php?MilestoneId=50">50%</a>.', 0),
(257, '2011-02-08 11:43:14', 0, 53, 'CLIENT', 44, 'LAWYER', 'Your Release Request for the milestone 50% for the case <a href="http://exactllydigital.com/staging/reachlawyer/CaseDetail.php?caseid=85">Write terms and conditions for my website</a> has been confirmed. An amount of 10.00 has been added to your account.', 0),
(258, '2011-02-08 11:43:14', 0, 53, 'CLIENT', 53, 'CLIENT', 'The Release Request for the milestone 50% for the case <a href="http://exactllydigital.com/staging/reachlawyer/CaseDetail.php?caseid=85">Write terms and conditions for my website</a> is confirmed. An amount of 10.00 has been added to your account.', 0),
(259, '2011-02-08 11:43:14', 0, 53, 'CLIENT', 0, 'ADMIN', 'The Release Request for the milestone 50% for the case <a href="http://exactllydigital.com/staging/reachlawyer/CaseDetail.php?caseid=85">Write terms and conditions for my website</a> has been confirmed. Please release an amount of 10.00 to <a href="http://exactllydigital.com/staging/reachlawyer/Lawyer/LawyerAccount.php?lawyerid=44">Lucas Lawyer</a>.', 0),
(260, '2011-02-08 12:02:57', 0, 0, 'ADMIN', 53, 'CLIENT', 'You have escrowed an amount of USD 10.00 for the case <a href=http://exactllydigital.com/staging/reachlawyer/CaseDetail.php?caseid=85>Write terms and conditions for my website</a>', 0),
(261, '2011-02-08 12:06:35', 0, 87, 'LAWYER', 53, 'CLIENT', 'You have a <a href="http://exactllydigital.com/staging/reachlawyer/Client/ConfirmReleaseRequest.php?MilestoneId=51">Release Request</a> from <a href="http://exactllydigital.com/staging/reachlawyer/LawyerDetail.php?lawyerid=87">Lucas Law</a> for Case <a href="http://exactllydigital.com/staging/reachlawyer/CaseDetail.php?caseid=85">Write terms and conditions for my website</a>, Milestone <a href="http://exactllydigital.com/staging/reachlawyer/Client/ClientMilestone.php?MilestoneId=51">55%</a>.', 0),
(262, '2011-02-08 12:06:35', 0, 87, 'LAWYER', 87, 'LAWYER', 'You have made a <a href="http://exactllydigital.com/staging/reachlawyer/Client/ConfirmReleaseRequest.php?MilestoneId=51">Release Request</a> to <a href="http://exactllydigital.com/staging/reachlawyer/ClientDetail.php?clientid=53">Lucas Stolba</a> for Case <a href="http://exactllydigital.com/staging/reachlawyer/CaseDetail.php?caseid=85">Write terms and conditions for my website</a>, Milestone <a href="http://exactllydigital.com/staging/reachlawyer/Client/ClientMilestone.php?MilestoneId=51">55%</a>.', 0),
(263, '2011-02-08 12:07:21', 0, 53, 'CLIENT', 44, 'LAWYER', 'Your Release Request for the milestone 55% for the case <a href="http://exactllydigital.com/staging/reachlawyer/CaseDetail.php?caseid=85">Write terms and conditions for my website</a> has been confirmed. An amount of 40.00 has been added to your account.', 0),
(264, '2011-02-08 12:07:21', 0, 53, 'CLIENT', 53, 'CLIENT', 'The Release Request for the milestone 55% for the case <a href="http://exactllydigital.com/staging/reachlawyer/CaseDetail.php?caseid=85">Write terms and conditions for my website</a> is confirmed. An amount of 40.00 has been added to your account.', 0),
(265, '2011-02-08 12:07:21', 0, 53, 'CLIENT', 0, 'ADMIN', 'The Release Request for the milestone 55% for the case <a href="http://exactllydigital.com/staging/reachlawyer/CaseDetail.php?caseid=85">Write terms and conditions for my website</a> has been confirmed. Please release an amount of 40.00 to <a href="http://exactllydigital.com/staging/reachlawyer/Lawyer/LawyerAccount.php?lawyerid=44">Lucas Lawyer</a>.', 0),
(266, '2011-02-08 12:18:50', 0, 0, 'ADMIN', 53, 'CLIENT', 'You have escrowed an amount of USD 30.00 for the case <a href=http://exactllydigital.com/staging/reachlawyer/CaseDetail.php?caseid=85>Write terms and conditions for my website</a>', 0),
(267, '2011-02-08 12:25:45', 0, 0, 'ADMIN', 53, 'CLIENT', 'You have escrowed an amount of USD 55.00 for the case <a href=http://exactllydigital.com/staging/reachlawyer/CaseDetail.php?caseid=85>Write terms and conditions for my website</a>', 0),
(268, '2011-02-09 17:46:28', 0, 81, 'LAWYER', 45, 'CLIENT', 'You have a <a href="http://exactllydigital.com/staging/reachlawyer/Client/SelectLawyer.php?caseid=84">New Bid</a> from <a href="http://exactllydigital.com/staging/reachlawyer/LawyerDetail.php?lawyerid=81">Souvik Mondal</a> for the Case <a href="http://exactllydigital.com/staging/reachlawyer/CaseDetail.php?caseid=84">New case - Jayanta Testing</a>', 0),
(269, '2011-02-09 17:46:53', 0, 45, 'CLIENT', 81, 'LAWYER', 'The case <a href="http://exactllydigital.com/staging/reachlawyer/CaseDetail.php?caseid=84">New case - Jayanta Testing</a> has been awarded to you by <a href="http://exactllydigital.com/staging/reachlawyer/ClientDetail.php?clientid=45">Jayanta Karmakat</a>.', 0),
(270, '2011-02-09 17:59:08', 0, 81, 'LAWYER', 45, 'CLIENT', 'Lawyer <a href="http://exactllydigital.com/staging/reachlawyer/LawyerDetail.php?lawyerid=81">Souvik Mondal</a> has accepted your case <a href="http://exactllydigital.com/staging/reachlawyer/CaseDetail.php?caseid=84">New case - Jayanta Testing</a>', 0);
INSERT INTO `lm_notification_tbl` (`NotificationId`, `DateCreated`, `NotificationType`, `NotificationFrom`, `NotificationFromType`, `NotificationTo`, `NotificationToType`, `NotificationText`, `HideNotification`) VALUES
(271, '2011-02-09 17:59:08', 0, 81, 'LAWYER', 81, 'LAWYER', 'You have accepted case <a href="http://exactllydigital.com/staging/reachlawyer/CaseDetail.php?caseid=84">New case - Jayanta Testing</a> from <a href="http://exactllydigital.com/staging/reachlawyer/ClientDetail.php?clientid=45">Jayanta Karmakat</a>', 0),
(272, '2011-02-09 18:30:16', 0, 81, 'LAWYER', 45, 'CLIENT', 'You have a <a href="http://exactllydigital.com/staging/reachlawyer/Client/ConfirmReleaseRequest.php?MilestoneId=18">Release Request</a> from <a href="http://exactllydigital.com/staging/reachlawyer/LawyerDetail.php?lawyerid=81">Souvik Mondal</a> for Case <a href="http://exactllydigital.com/staging/reachlawyer/CaseDetail.php?caseid=74">I didnt get my home handed over though I paid in full.</a>, Milestone <a href="http://exactllydigital.com/staging/reachlawyer/Client/ClientMilestone.php?MilestoneId=18">Lawyer Milestone</a>.', 0),
(273, '2011-02-09 18:30:16', 0, 81, 'LAWYER', 81, 'LAWYER', 'You have made a <a href="http://exactllydigital.com/staging/reachlawyer/Client/ConfirmReleaseRequest.php?MilestoneId=18">Release Request</a> to <a href="http://exactllydigital.com/staging/reachlawyer/ClientDetail.php?clientid=45">Jayanta Karmakat</a> for Case <a href="http://exactllydigital.com/staging/reachlawyer/CaseDetail.php?caseid=74">I didnt get my home handed over though I paid in full.</a>, Milestone <a href="http://exactllydigital.com/staging/reachlawyer/Client/ClientMilestone.php?MilestoneId=18">Lawyer Milestone</a>.', 0),
(274, '2011-02-09 18:30:37', 0, 45, 'CLIENT', 62, 'LAWYER', 'Your Release Request for the milestone Lawyer Milestone for the case <a href="http://exactllydigital.com/staging/reachlawyer/CaseDetail.php?caseid=74">I didnt get my home handed over though I paid in full.</a> has been confirmed. An amount of 10.00 has been added to your account.', 0),
(275, '2011-02-09 18:30:37', 0, 45, 'CLIENT', 45, 'CLIENT', 'The Release Request for the milestone Lawyer Milestone for the case <a href="http://exactllydigital.com/staging/reachlawyer/CaseDetail.php?caseid=74">I didnt get my home handed over though I paid in full.</a> is confirmed. An amount of 10.00 has been added to your account.', 0),
(276, '2011-02-09 18:30:37', 0, 45, 'CLIENT', 0, 'ADMIN', 'The Release Request for the milestone Lawyer Milestone for the case <a href="http://exactllydigital.com/staging/reachlawyer/CaseDetail.php?caseid=74">I didnt get my home handed over though I paid in full.</a> has been confirmed. Please release an amount of 10.00 to <a href="http://exactllydigital.com/staging/reachlawyer/Lawyer/LawyerAccount.php?lawyerid=62">Sharon Addison</a>.', 0),
(277, '2011-02-09 18:30:37', 0, 45, 'CLIENT', 62, 'LAWYER', 'The case <a href="http://exactllydigital.com/staging/reachlawyer/CaseDetail.php?caseid=74">I didnt get my home handed over though I paid in full.</a> has been closed.', 0),
(278, '2011-02-09 18:30:37', 0, 45, 'CLIENT', 45, 'CLIENT', 'The case <a href="http://exactllydigital.com/staging/reachlawyer/CaseDetail.php?caseid=74">I didnt get my home handed over though I paid in full.</a> is closed.', 0),
(279, '2011-02-09 18:48:39', 0, 45, 'CLIENT', 81, 'LAWYER', 'Client <a href="http://exactllydigital.com/staging/reachlawyer/Client/ClientAccount.php?clientid=45">Jayanta Karmakat</a> created milestone <a href="http://exactllydigital.com/staging/reachlawyer/Client/ClientMilestone.php?MilestoneId=53">Milestone1</a> of case <a href="http://exactllydigital.com/staging/reachlawyer/CaseDetail.php?caseid=84">New case - Jayanta Testing</a>', 0),
(280, '2011-02-09 18:48:39', 0, 45, 'CLIENT', 45, 'CLIENT', 'You have created milestone <a href="http://exactllydigital.com/staging/reachlawyer/Client/ClientMilestone.php?MilestoneId=53">Milestone1</a> of case <a href="http://exactllydigital.com/staging/reachlawyer/CaseDetail.php?caseid=84">New case - Jayanta Testing</a>', 0),
(281, '2011-02-09 19:39:43', 0, 85, 'LAWYER', 85, 'LAWYER', 'You bought a subscription of 50 on 02/09/2011', 0),
(282, '2011-02-09 19:39:43', 0, 85, 'LAWYER', 0, 'ADMIN', 'Lawyer Alok Das bought a subscription of 50 on 02/09/2011', 0),
(283, '2011-02-09 19:41:30', 0, 85, 'LAWYER', 54, 'CLIENT', 'You have a <a href="http://exactllydigital.com/staging/reachlawyer/Client/SelectLawyer.php?caseid=86">New Bid</a> from <a href="http://exactllydigital.com/staging/reachlawyer/LawyerDetail.php?lawyerid=85">Alok Das</a> for the Case <a href="http://exactllydigital.com/staging/reachlawyer/CaseDetail.php?caseid=86">Alok Create a Case</a>', 0),
(284, '2011-02-09 19:48:19', 0, 88, 'LAWYER', 88, 'LAWYER', 'You bought a subscription of 50 on 02/09/2011', 0),
(285, '2011-02-09 19:48:19', 0, 88, 'LAWYER', 0, 'ADMIN', 'Lawyer Alok Das bought a subscription of 50 on 02/09/2011', 0),
(286, '2011-02-09 19:49:19', 0, 88, 'LAWYER', 54, 'CLIENT', 'You have a <a href="http://exactllydigital.com/staging/reachlawyer/Client/SelectLawyer.php?caseid=86">New Bid</a> from <a href="http://exactllydigital.com/staging/reachlawyer/LawyerDetail.php?lawyerid=88">Alok Das</a> for the Case <a href="http://exactllydigital.com/staging/reachlawyer/CaseDetail.php?caseid=86">Alok Create a Case</a>', 0),
(287, '2011-02-09 19:51:46', 0, 54, 'CLIENT', 85, 'LAWYER', 'The case <a href="http://exactllydigital.com/staging/reachlawyer/CaseDetail.php?caseid=86">Alok Create a Case</a> has been awarded to you by <a href="http://exactllydigital.com/staging/reachlawyer/ClientDetail.php?clientid=54"></a>.', 0),
(288, '2011-02-09 19:56:38', 0, 85, 'LAWYER', 54, 'CLIENT', 'Lawyer <a href="http://exactllydigital.com/staging/reachlawyer/LawyerDetail.php?lawyerid=85">Alok Das</a> has accepted your case <a href="http://exactllydigital.com/staging/reachlawyer/CaseDetail.php?caseid=86">Alok Create a Case</a>', 0),
(289, '2011-02-09 19:56:38', 0, 85, 'LAWYER', 85, 'LAWYER', 'You have accepted case <a href="http://exactllydigital.com/staging/reachlawyer/CaseDetail.php?caseid=86">Alok Create a Case</a> from <a href="http://exactllydigital.com/staging/reachlawyer/ClientDetail.php?clientid=54"> </a>', 0),
(290, '2011-02-10 16:24:02', 0, 54, 'CLIENT', 85, 'LAWYER', 'Client <a href="http://exactllydigital.com/staging/reachlawyer/Client/ClientAccount.php?clientid=54">alok das</a> created milestone <a href="http://exactllydigital.com/staging/reachlawyer/Client/ClientMilestone.php?MilestoneId=54">ml1</a> of case <a href="http://exactllydigital.com/staging/reachlawyer/CaseDetail.php?caseid=86">Alok Create a Case</a>', 0),
(291, '2011-02-10 16:24:02', 0, 54, 'CLIENT', 54, 'CLIENT', 'You have created milestone <a href="http://exactllydigital.com/staging/reachlawyer/Client/ClientMilestone.php?MilestoneId=54">ml1</a> of case <a href="http://exactllydigital.com/staging/reachlawyer/CaseDetail.php?caseid=86">Alok Create a Case</a>', 0),
(292, '2011-02-10 16:29:00', 0, 54, 'CLIENT', 85, 'LAWYER', 'Client <a href="http://exactllydigital.com/staging/reachlawyer/Client/ClientAccount.php?clientid=54">alok das</a> created milestone <a href="http://exactllydigital.com/staging/reachlawyer/Client/ClientMilestone.php?MilestoneId=55">m2</a> of case <a href="http://exactllydigital.com/staging/reachlawyer/CaseDetail.php?caseid=86">Alok Create a Case</a>', 0),
(293, '2011-02-10 16:29:00', 0, 54, 'CLIENT', 54, 'CLIENT', 'You have created milestone <a href="http://exactllydigital.com/staging/reachlawyer/Client/ClientMilestone.php?MilestoneId=55">m2</a> of case <a href="http://exactllydigital.com/staging/reachlawyer/CaseDetail.php?caseid=86">Alok Create a Case</a>', 0),
(294, '2011-02-10 16:29:21', 0, 54, 'CLIENT', 85, 'LAWYER', 'Client <a href="http://exactllydigital.com/staging/reachlawyer/Client/ClientAccount.php?clientid=54">alok das</a> created milestone <a href="http://exactllydigital.com/staging/reachlawyer/Client/ClientMilestone.php?MilestoneId=56">m2</a> of case <a href="http://exactllydigital.com/staging/reachlawyer/CaseDetail.php?caseid=86">Alok Create a Case</a>', 0),
(295, '2011-02-10 16:29:21', 0, 54, 'CLIENT', 54, 'CLIENT', 'You have created milestone <a href="http://exactllydigital.com/staging/reachlawyer/Client/ClientMilestone.php?MilestoneId=56">m2</a> of case <a href="http://exactllydigital.com/staging/reachlawyer/CaseDetail.php?caseid=86">Alok Create a Case</a>', 0),
(296, '2011-02-10 18:32:41', 0, 0, 'ADMIN', 15, 'CLIENT', 'You have escrowed an amount of USD  for the case <a href=http://exactllydigital.com/staging/reachlawyer/CaseDetail.php?caseid=17>kjdfhjrh</a>', 0),
(297, '2011-02-10 18:34:24', 0, 0, 'ADMIN', 15, 'CLIENT', 'You have escrowed an amount of USD  for the case <a href=http://exactllydigital.com/staging/reachlawyer/CaseDetail.php?caseid=17>kjdfhjrh</a>', 0),
(298, '2011-02-11 14:40:37', 0, 88, 'LAWYER', 15, 'CLIENT', 'You have a <a href="http://exactllydigital.com/staging/reachlawyer/Client/SelectLawyer.php?caseid=35">New Bid</a> from <a href="http://exactllydigital.com/staging/reachlawyer/LawyerDetail.php?lawyerid=88">Alok Das</a> for the Case <a href="http://exactllydigital.com/staging/reachlawyer/CaseDetail.php?caseid=35">aaa</a>', 0),
(299, '2011-02-11 14:42:10', 0, 85, 'LAWYER', 49, 'CLIENT', 'You have a <a href="http://exactllydigital.com/staging/reachlawyer/Client/SelectLawyer.php?caseid=88">New Bid</a> from <a href="http://exactllydigital.com/staging/reachlawyer/LawyerDetail.php?lawyerid=85">Alok Das</a> for the Case <a href="http://exactllydigital.com/staging/reachlawyer/CaseDetail.php?caseid=88">Pick Pocket</a>', 0),
(300, '2011-02-11 15:44:35', 0, 49, 'CLIENT', 85, 'LAWYER', 'The case <a href="http://exactllydigital.com/staging/reachlawyer/CaseDetail.php?caseid=88">Pick Pocket</a> has been awarded to you by <a href="http://exactllydigital.com/staging/reachlawyer/ClientDetail.php?clientid=49">Alok Client</a>.', 0),
(301, '2011-02-11 15:45:26', 0, 85, 'LAWYER', 49, 'CLIENT', 'Lawyer <a href="http://exactllydigital.com/staging/reachlawyer/LawyerDetail.php?lawyerid=85">Alok Das</a> has accepted your case <a href="http://exactllydigital.com/staging/reachlawyer/CaseDetail.php?caseid=88">Pick Pocket</a>', 0),
(302, '2011-02-11 15:45:26', 0, 85, 'LAWYER', 85, 'LAWYER', 'You have accepted case <a href="http://exactllydigital.com/staging/reachlawyer/CaseDetail.php?caseid=88">Pick Pocket</a> from <a href="http://exactllydigital.com/staging/reachlawyer/ClientDetail.php?clientid=49">Alok Client</a>', 0),
(303, '2011-02-11 15:46:55', 0, 49, 'CLIENT', 85, 'LAWYER', 'Client <a href="http://exactllydigital.com/staging/reachlawyer/Client/ClientAccount.php?clientid=49">Alok Client</a> created milestone <a href="http://exactllydigital.com/staging/reachlawyer/Client/ClientMilestone.php?MilestoneId=57">Letter Writting</a> of case <a href="http://exactllydigital.com/staging/reachlawyer/CaseDetail.php?caseid=88">Pick Pocket</a>', 0),
(304, '2011-02-11 15:46:55', 0, 49, 'CLIENT', 49, 'CLIENT', 'You have created milestone <a href="http://exactllydigital.com/staging/reachlawyer/Client/ClientMilestone.php?MilestoneId=57">Letter Writting</a> of case <a href="http://exactllydigital.com/staging/reachlawyer/CaseDetail.php?caseid=88">Pick Pocket</a>', 0),
(305, '2011-02-11 15:56:54', 0, 49, 'CLIENT', 85, 'LAWYER', 'Client <a href="http://exactllydigital.com/staging/reachlawyer/Client/ClientAccount.php?clientid=49">Alok Client</a> created milestone <a href="http://exactllydigital.com/staging/reachlawyer/Client/ClientMilestone.php?MilestoneId=58">Work</a> of case <a href="http://exactllydigital.com/staging/reachlawyer/CaseDetail.php?caseid=88">Pick Pocket</a>', 0),
(306, '2011-02-11 15:56:54', 0, 49, 'CLIENT', 49, 'CLIENT', 'You have created milestone <a href="http://exactllydigital.com/staging/reachlawyer/Client/ClientMilestone.php?MilestoneId=58">Work</a> of case <a href="http://exactllydigital.com/staging/reachlawyer/CaseDetail.php?caseid=88">Pick Pocket</a>', 0),
(307, '2011-02-11 15:57:15', 0, 49, 'CLIENT', 85, 'LAWYER', 'Client <a href="http://exactllydigital.com/staging/reachlawyer/Client/ClientAccount.php?clientid=49">Alok Client</a> created milestone <a href="http://exactllydigital.com/staging/reachlawyer/Client/ClientMilestone.php?MilestoneId=59">Finish</a> of case <a href="http://exactllydigital.com/staging/reachlawyer/CaseDetail.php?caseid=88">Pick Pocket</a>', 0),
(308, '2011-02-11 15:57:15', 0, 49, 'CLIENT', 49, 'CLIENT', 'You have created milestone <a href="http://exactllydigital.com/staging/reachlawyer/Client/ClientMilestone.php?MilestoneId=59">Finish</a> of case <a href="http://exactllydigital.com/staging/reachlawyer/CaseDetail.php?caseid=88">Pick Pocket</a>', 0),
(309, '2011-02-11 15:59:12', 0, 85, 'LAWYER', 49, 'CLIENT', 'Lawyer <a href="http://exactllydigital.com/staging/reachlawyer/LawyerDetail.php?lawyerid=85">Alok Das</a> accepted milestone <a href="http://exactllydigital.com/staging/reachlawyer/Client/ClientMilestone.php?MilestoneId=57">Letter Writting</a> of case <a href="http://exactllydigital.com/staging/reachlawyer/CaseDetail.php?caseid=88">Pick Pocket</a>', 0),
(310, '2011-02-11 15:59:12', 0, 85, 'LAWYER', 85, 'LAWYER', 'You have accepted milestone <a href="http://exactllydigital.com/staging/reachlawyer/Lawyer/ViewMilestone.php?MilestoneId=57">Letter Writting</a> of case <a href="http://exactllydigital.com/staging/reachlawyer/CaseDetail.php?caseid=88">Pick Pocket</a>', 0),
(311, '2011-02-11 15:59:18', 0, 85, 'LAWYER', 49, 'CLIENT', 'Lawyer <a href="http://exactllydigital.com/staging/reachlawyer/LawyerDetail.php?lawyerid=85">Alok Das</a> accepted milestone <a href="http://exactllydigital.com/staging/reachlawyer/Client/ClientMilestone.php?MilestoneId=58">Work</a> of case <a href="http://exactllydigital.com/staging/reachlawyer/CaseDetail.php?caseid=88">Pick Pocket</a>', 0),
(312, '2011-02-11 15:59:18', 0, 85, 'LAWYER', 85, 'LAWYER', 'You have accepted milestone <a href="http://exactllydigital.com/staging/reachlawyer/Lawyer/ViewMilestone.php?MilestoneId=58">Work</a> of case <a href="http://exactllydigital.com/staging/reachlawyer/CaseDetail.php?caseid=88">Pick Pocket</a>', 0),
(313, '2011-02-11 15:59:26', 0, 85, 'LAWYER', 49, 'CLIENT', 'Lawyer <a href="http://exactllydigital.com/staging/reachlawyer/LawyerDetail.php?lawyerid=85">Alok Das</a> accepted milestone <a href="http://exactllydigital.com/staging/reachlawyer/Client/ClientMilestone.php?MilestoneId=59">Finish</a> of case <a href="http://exactllydigital.com/staging/reachlawyer/CaseDetail.php?caseid=88">Pick Pocket</a>', 0),
(314, '2011-02-11 15:59:26', 0, 85, 'LAWYER', 85, 'LAWYER', 'You have accepted milestone <a href="http://exactllydigital.com/staging/reachlawyer/Lawyer/ViewMilestone.php?MilestoneId=59">Finish</a> of case <a href="http://exactllydigital.com/staging/reachlawyer/CaseDetail.php?caseid=88">Pick Pocket</a>', 0),
(315, '2011-02-11 16:42:27', 0, 0, 'ADMIN', 49, 'CLIENT', 'You have escrowed an amount of USD 50.00 for the case <a href=http://exactllydigital.com/staging/reachlawyer/CaseDetail.php?caseid=88>Pick Pocket</a>', 0),
(316, '2011-02-11 16:46:33', 0, 85, 'LAWYER', 49, 'CLIENT', 'You have a <a href="http://exactllydigital.com/staging/reachlawyer/Client/ConfirmReleaseRequest.php?MilestoneId=57">Release Request</a> from <a href="http://exactllydigital.com/staging/reachlawyer/LawyerDetail.php?lawyerid=85">Alok Das</a> for Case <a href="http://exactllydigital.com/staging/reachlawyer/CaseDetail.php?caseid=88">Pick Pocket</a>, Milestone <a href="http://exactllydigital.com/staging/reachlawyer/Client/ClientMilestone.php?MilestoneId=57">Letter Writting</a>.', 0),
(317, '2011-02-11 16:46:33', 0, 85, 'LAWYER', 85, 'LAWYER', 'You have made a <a href="http://exactllydigital.com/staging/reachlawyer/Client/ConfirmReleaseRequest.php?MilestoneId=57">Release Request</a> to <a href="http://exactllydigital.com/staging/reachlawyer/ClientDetail.php?clientid=49">Alok Client</a> for Case <a href="http://exactllydigital.com/staging/reachlawyer/CaseDetail.php?caseid=88">Pick Pocket</a>, Milestone <a href="http://exactllydigital.com/staging/reachlawyer/Client/ClientMilestone.php?MilestoneId=57">Letter Writting</a>.', 0),
(318, '2011-02-11 17:12:00', 0, 49, 'CLIENT', 85, 'LAWYER', 'Your Release Request for the milestone Letter Writting for the case <a href="http://exactllydigital.com/staging/reachlawyer/CaseDetail.php?caseid=88">Pick Pocket</a> has been confirmed. An amount of 20.00 has been added to your account.', 0),
(319, '2011-02-11 17:12:00', 0, 49, 'CLIENT', 49, 'CLIENT', 'The Release Request for the milestone Letter Writting for the case <a href="http://exactllydigital.com/staging/reachlawyer/CaseDetail.php?caseid=88">Pick Pocket</a> is confirmed. An amount of 20.00 has been added to your account.', 0),
(320, '2011-02-11 17:12:00', 0, 49, 'CLIENT', 0, 'ADMIN', 'The Release Request for the milestone Letter Writting for the case <a href="http://exactllydigital.com/staging/reachlawyer/CaseDetail.php?caseid=88">Pick Pocket</a> has been confirmed. Please release an amount of 20.00 to <a href="http://exactllydigital.com/staging/reachlawyer/Lawyer/LawyerAccount.php?lawyerid=85">Alok Das</a>.', 0),
(321, '2011-02-14 15:23:23', 0, 15, 'CLIENT', 62, 'LAWYER', 'Client <a href="http://exactllydigital.com/staging/reachlawyer/Client/ClientAccount.php?clientid=15">daniel1 islam1</a> created milestone <a href="http://exactllydigital.com/staging/reachlawyer/Client/ClientMilestone.php?MilestoneId=60">testMS3</a> of case <a href="http://exactllydigital.com/staging/reachlawyer/CaseDetail.php?caseid=43">Test Case</a>', 0),
(322, '2011-02-14 15:23:23', 0, 15, 'CLIENT', 15, 'CLIENT', 'You have created milestone <a href="http://exactllydigital.com/staging/reachlawyer/Client/ClientMilestone.php?MilestoneId=60">testMS3</a> of case <a href="http://exactllydigital.com/staging/reachlawyer/CaseDetail.php?caseid=43">Test Case</a>', 0),
(323, '2011-02-14 17:28:54', 0, 81, 'LAWYER', 45, 'CLIENT', 'You have a <a href="http://exactllydigital.com/staging/reachlawyer/Client/ConfirmReleaseRequest.php?MilestoneId=53">Release Request</a> from <a href="http://exactllydigital.com/staging/reachlawyer/LawyerDetail.php?lawyerid=81">Souvik Mondal</a> for Case <a href="http://exactllydigital.com/staging/reachlawyer/CaseDetail.php?caseid=84">New case - Jayanta Testing</a>, Milestone <a href="http://exactllydigital.com/staging/reachlawyer/Client/ClientMilestone.php?MilestoneId=53">Milestone1</a>.', 0),
(324, '2011-02-14 17:28:55', 0, 81, 'LAWYER', 81, 'LAWYER', 'You have made a <a href="http://exactllydigital.com/staging/reachlawyer/Client/ConfirmReleaseRequest.php?MilestoneId=53">Release Request</a> to <a href="http://exactllydigital.com/staging/reachlawyer/ClientDetail.php?clientid=45">Jayanta Karmakat</a> for Case <a href="http://exactllydigital.com/staging/reachlawyer/CaseDetail.php?caseid=84">New case - Jayanta Testing</a>, Milestone <a href="http://exactllydigital.com/staging/reachlawyer/Client/ClientMilestone.php?MilestoneId=53">Milestone1</a>.', 0),
(325, '2011-02-14 17:29:09', 0, 81, 'LAWYER', 45, 'CLIENT', 'You have a <a href="http://exactllydigital.com/staging/reachlawyer/Client/ConfirmReleaseRequest.php?MilestoneId=53">Release Request</a> from <a href="http://exactllydigital.com/staging/reachlawyer/LawyerDetail.php?lawyerid=81">Souvik Mondal</a> for Case <a href="http://exactllydigital.com/staging/reachlawyer/CaseDetail.php?caseid=84">New case - Jayanta Testing</a>, Milestone <a href="http://exactllydigital.com/staging/reachlawyer/Client/ClientMilestone.php?MilestoneId=53">Milestone1</a>.', 0),
(326, '2011-02-14 17:29:10', 0, 81, 'LAWYER', 81, 'LAWYER', 'You have made a <a href="http://exactllydigital.com/staging/reachlawyer/Client/ConfirmReleaseRequest.php?MilestoneId=53">Release Request</a> to <a href="http://exactllydigital.com/staging/reachlawyer/ClientDetail.php?clientid=45">Jayanta Karmakat</a> for Case <a href="http://exactllydigital.com/staging/reachlawyer/CaseDetail.php?caseid=84">New case - Jayanta Testing</a>, Milestone <a href="http://exactllydigital.com/staging/reachlawyer/Client/ClientMilestone.php?MilestoneId=53">Milestone1</a>.', 0),
(327, '2011-02-14 18:01:42', 0, 81, 'LAWYER', 45, 'CLIENT', 'You have a <a href="http://exactllydigital.com/staging/reachlawyer/Client/ConfirmReleaseRequest.php?MilestoneId=53">Release Request</a> from <a href="http://exactllydigital.com/staging/reachlawyer/LawyerDetail.php?lawyerid=81">Souvik Mondal</a> for Case <a href="http://exactllydigital.com/staging/reachlawyer/CaseDetail.php?caseid=84">New case - Jayanta Testing</a>, Milestone <a href="http://exactllydigital.com/staging/reachlawyer/Client/ClientMilestone.php?MilestoneId=53">Milestone1</a>.', 0),
(328, '2011-02-14 18:01:43', 0, 81, 'LAWYER', 81, 'LAWYER', 'You have made a <a href="http://exactllydigital.com/staging/reachlawyer/Client/ConfirmReleaseRequest.php?MilestoneId=53">Release Request</a> to <a href="http://exactllydigital.com/staging/reachlawyer/ClientDetail.php?clientid=45">Jayanta Karmakat</a> for Case <a href="http://exactllydigital.com/staging/reachlawyer/CaseDetail.php?caseid=84">New case - Jayanta Testing</a>, Milestone <a href="http://exactllydigital.com/staging/reachlawyer/Client/ClientMilestone.php?MilestoneId=53">Milestone1</a>.', 0),
(329, '2011-02-14 18:02:21', 0, 81, 'LAWYER', 45, 'CLIENT', 'You have a <a href="http://exactllydigital.com/staging/reachlawyer/Client/ConfirmReleaseRequest.php?MilestoneId=53">Release Request</a> from <a href="http://exactllydigital.com/staging/reachlawyer/LawyerDetail.php?lawyerid=81">Souvik Mondal</a> for Case <a href="http://exactllydigital.com/staging/reachlawyer/CaseDetail.php?caseid=84">New case - Jayanta Testing</a>, Milestone <a href="http://exactllydigital.com/staging/reachlawyer/Client/ClientMilestone.php?MilestoneId=53">Milestone1</a>.', 0),
(330, '2011-02-14 18:02:21', 0, 81, 'LAWYER', 81, 'LAWYER', 'You have made a <a href="http://exactllydigital.com/staging/reachlawyer/Client/ConfirmReleaseRequest.php?MilestoneId=53">Release Request</a> to <a href="http://exactllydigital.com/staging/reachlawyer/ClientDetail.php?clientid=45">Jayanta Karmakat</a> for Case <a href="http://exactllydigital.com/staging/reachlawyer/CaseDetail.php?caseid=84">New case - Jayanta Testing</a>, Milestone <a href="http://exactllydigital.com/staging/reachlawyer/Client/ClientMilestone.php?MilestoneId=53">Milestone1</a>.', 0),
(331, '2011-02-14 18:38:29', 0, 81, 'LAWYER', 45, 'CLIENT', 'You have a <a href="http://exactllydigital.com/staging/reachlawyer/Client/ConfirmReleaseRequest.php?MilestoneId=53">Release Request</a> from <a href="http://exactllydigital.com/staging/reachlawyer/LawyerDetail.php?lawyerid=81">Souvik Mondal</a> for Case <a href="http://exactllydigital.com/staging/reachlawyer/CaseDetail.php?caseid=84">New case - Jayanta Testing</a>, Milestone <a href="http://exactllydigital.com/staging/reachlawyer/Client/ClientMilestone.php?MilestoneId=53">Milestone1</a>.', 0),
(332, '2011-02-14 18:38:30', 0, 81, 'LAWYER', 81, 'LAWYER', 'You have made a <a href="http://exactllydigital.com/staging/reachlawyer/Client/ConfirmReleaseRequest.php?MilestoneId=53">Release Request</a> to <a href="http://exactllydigital.com/staging/reachlawyer/ClientDetail.php?clientid=45">Jayanta Karmakat</a> for Case <a href="http://exactllydigital.com/staging/reachlawyer/CaseDetail.php?caseid=84">New case - Jayanta Testing</a>, Milestone <a href="http://exactllydigital.com/staging/reachlawyer/Client/ClientMilestone.php?MilestoneId=53">Milestone1</a>.', 0),
(333, '2011-02-14 18:44:57', 0, 81, 'LAWYER', 45, 'CLIENT', 'You have a <a href="http://exactllydigital.com/staging/reachlawyer/Client/ConfirmReleaseRequest.php?MilestoneId=53">Release Request</a> from <a href="http://exactllydigital.com/staging/reachlawyer/LawyerDetail.php?lawyerid=81">Souvik Mondal</a> for Case <a href="http://exactllydigital.com/staging/reachlawyer/CaseDetail.php?caseid=84">New case - Jayanta Testing</a>, Milestone <a href="http://exactllydigital.com/staging/reachlawyer/Client/ClientMilestone.php?MilestoneId=53">Milestone1</a>.', 0),
(334, '2011-02-14 18:45:07', 0, 81, 'LAWYER', 81, 'LAWYER', 'You have made a <a href="http://exactllydigital.com/staging/reachlawyer/Client/ConfirmReleaseRequest.php?MilestoneId=53">Release Request</a> to <a href="http://exactllydigital.com/staging/reachlawyer/ClientDetail.php?clientid=45">Jayanta Karmakat</a> for Case <a href="http://exactllydigital.com/staging/reachlawyer/CaseDetail.php?caseid=84">New case - Jayanta Testing</a>, Milestone <a href="http://exactllydigital.com/staging/reachlawyer/Client/ClientMilestone.php?MilestoneId=53">Milestone1</a>.', 0),
(335, '2011-02-14 18:59:12', 0, 81, 'LAWYER', 45, 'CLIENT', 'You have a <a href="http://exactllydigital.com/staging/reachlawyer/Client/ConfirmReleaseRequest.php?MilestoneId=53">Release Request</a> from <a href="http://exactllydigital.com/staging/reachlawyer/LawyerDetail.php?lawyerid=81">Souvik Mondal</a> for Case <a href="http://exactllydigital.com/staging/reachlawyer/CaseDetail.php?caseid=84">New case - Jayanta Testing</a>, Milestone <a href="http://exactllydigital.com/staging/reachlawyer/Client/ClientMilestone.php?MilestoneId=53">Milestone1</a>.', 0),
(336, '2011-02-14 18:59:18', 0, 81, 'LAWYER', 81, 'LAWYER', 'You have made a <a href="http://exactllydigital.com/staging/reachlawyer/Client/ConfirmReleaseRequest.php?MilestoneId=53">Release Request</a> to <a href="http://exactllydigital.com/staging/reachlawyer/ClientDetail.php?clientid=45">Jayanta Karmakat</a> for Case <a href="http://exactllydigital.com/staging/reachlawyer/CaseDetail.php?caseid=84">New case - Jayanta Testing</a>, Milestone <a href="http://exactllydigital.com/staging/reachlawyer/Client/ClientMilestone.php?MilestoneId=53">Milestone1</a>.', 0),
(337, '2011-02-14 19:00:06', 0, 81, 'LAWYER', 45, 'CLIENT', 'You have a <a href="http://exactllydigital.com/staging/reachlawyer/Client/ConfirmReleaseRequest.php?MilestoneId=53">Release Request</a> from <a href="http://exactllydigital.com/staging/reachlawyer/LawyerDetail.php?lawyerid=81">Souvik Mondal</a> for Case <a href="http://exactllydigital.com/staging/reachlawyer/CaseDetail.php?caseid=84">New case - Jayanta Testing</a>, Milestone <a href="http://exactllydigital.com/staging/reachlawyer/Client/ClientMilestone.php?MilestoneId=53">Milestone1</a>.', 0),
(338, '2011-02-14 19:00:06', 0, 81, 'LAWYER', 81, 'LAWYER', 'You have made a <a href="http://exactllydigital.com/staging/reachlawyer/Client/ConfirmReleaseRequest.php?MilestoneId=53">Release Request</a> to <a href="http://exactllydigital.com/staging/reachlawyer/ClientDetail.php?clientid=45">Jayanta Karmakat</a> for Case <a href="http://exactllydigital.com/staging/reachlawyer/CaseDetail.php?caseid=84">New case - Jayanta Testing</a>, Milestone <a href="http://exactllydigital.com/staging/reachlawyer/Client/ClientMilestone.php?MilestoneId=53">Milestone1</a>.', 0),
(339, '2011-02-14 19:04:21', 0, 45, 'CLIENT', 81, 'LAWYER', 'Client <a href="http://exactllydigital.com/staging/reachlawyer/Client/ClientAccount.php?clientid=45">Jayanta Karmakat</a> created milestone <a href="http://exactllydigital.com/staging/reachlawyer/Client/ClientMilestone.php?MilestoneId=61">new milestone</a> of case <a href="http://exactllydigital.com/staging/reachlawyer/CaseDetail.php?caseid=84">New case - Jayanta Testing</a>', 0),
(340, '2011-02-14 19:04:21', 0, 45, 'CLIENT', 45, 'CLIENT', 'You have created milestone <a href="http://exactllydigital.com/staging/reachlawyer/Client/ClientMilestone.php?MilestoneId=61">new milestone</a> of case <a href="http://exactllydigital.com/staging/reachlawyer/CaseDetail.php?caseid=84">New case - Jayanta Testing</a>', 0),
(341, '2011-02-14 19:10:53', 0, 81, 'LAWYER', 45, 'CLIENT', 'Lawyer <a href="http://exactllydigital.com/staging/reachlawyer/LawyerDetail.php?lawyerid=81">Souvik Mondal</a> accepted milestone <a href="http://exactllydigital.com/staging/reachlawyer/Client/ClientMilestone.php?MilestoneId=61">new milestone</a> of case <a href="http://exactllydigital.com/staging/reachlawyer/CaseDetail.php?caseid=84">New case - Jayanta Testing</a>', 0),
(342, '2011-02-14 19:10:53', 0, 81, 'LAWYER', 81, 'LAWYER', 'You have accepted milestone <a href="http://exactllydigital.com/staging/reachlawyer/Lawyer/ViewMilestone.php?MilestoneId=61">new milestone</a> of case <a href="http://exactllydigital.com/staging/reachlawyer/CaseDetail.php?caseid=84">New case - Jayanta Testing</a>', 0),
(343, '2011-02-14 20:00:39', 0, 0, 'ADMIN', 45, 'CLIENT', 'You have escrowed an amount of USD  for the case <a href=http://exactllydigital.com/staging/reachlawyer/CaseDetail.php?caseid=84></a>', 0),
(344, '2011-02-14 20:02:25', 0, 0, 'ADMIN', 45, 'CLIENT', 'You have escrowed an amount of USD 100.00 for the case <a href=http://exactllydigital.com/staging/reachlawyer/CaseDetail.php?caseid=84>New case - Jayanta Testing</a>', 0),
(345, '2011-02-15 11:35:24', 0, 15, 'CLIENT', 62, 'LAWYER', 'You have been invited by <a href="http://exactllydigital.com/staging/reachlawyer/Client/ClientAccount.php?clientid=15">daniel1 islam1</a> to bid on the case <a href="http://exactllydigital.com/staging/reachlawyer/CaseDetail.php?caseid=87">tstcase1</a>.', 0),
(348, '2011-02-15 12:11:01', 0, 54, 'CLIENT', 85, 'LAWYER', 'alok das wants to closed his case \n		<a href="http://exactllydigital.com/staging/reachlawyer/CaseDetail.php?caseid=86">Alok Create a Case</a> to view details <a href="http://exactllydigital.com/staging/reachlawyer/Lawyer/CaseClosedRequest.php?caseid=86">click here</a>', 0),
(349, '2011-02-15 12:13:02', 0, 85, 'LAWYER', 54, 'CLIENT', 'Alok Das response to your <a href="http://exactllydigital.com/staging/reachlawyer/CaseDetail.php?caseid=86">Alok Create a Case</a> close request. To view details <a href="http://exactllydigital.com/staging/reachlawyer/Client/LawyerResponse.php?caseid=86">click here</a>', 0),
(350, '2011-02-15 12:13:17', 0, 85, 'LAWYER', 54, 'CLIENT', 'Alok Das response to your <a href="http://exactllydigital.com/staging/reachlawyer/CaseDetail.php?caseid=86">Alok Create a Case</a> close request. To view details <a href="http://exactllydigital.com/staging/reachlawyer/Client/LawyerResponse.php?caseid=86">click here</a>', 0),
(351, '2011-02-15 12:39:06', 0, 62, 'LAWYER', 62, 'LAWYER', 'You bought a subscription of 50 on 02/15/2011', 0),
(352, '2011-02-15 12:39:06', 0, 62, 'LAWYER', 0, 'ADMIN', 'Lawyer Sharon Addison bought a subscription of 50 on 02/15/2011', 0),
(353, '2011-02-15 16:23:22', 0, 85, 'LAWYER', 49, 'CLIENT', 'You have a <a href="http://exactllydigital.com/staging/reachlawyer/Client/SelectLawyer.php?caseid=89">New Bid</a> from <a href="http://exactllydigital.com/staging/reachlawyer/LawyerDetail.php?lawyerid=85">Alok Das</a> for the Case <a href="http://exactllydigital.com/staging/reachlawyer/CaseDetail.php?caseid=89">Sudip - 377</a>', 0),
(354, '2011-02-15 17:33:22', 0, 49, 'CLIENT', 85, 'LAWYER', 'The case <a href="http://exactllydigital.com/staging/reachlawyer/CaseDetail.php?caseid=89">Sudip - 377</a> has been awarded to you by <a href="http://exactllydigital.com/staging/reachlawyer/ClientDetail.php?clientid=49">Alok Client</a>.', 0),
(355, '2011-02-15 17:49:29', 0, 85, 'LAWYER', 49, 'CLIENT', 'Lawyer <a href="http://exactllydigital.com/staging/reachlawyer/LawyerDetail.php?lawyerid=85">Alok Das</a> has accepted your case <a href="http://exactllydigital.com/staging/reachlawyer/CaseDetail.php?caseid=89">Sudip - 377</a>', 0),
(356, '2011-02-15 17:49:29', 0, 85, 'LAWYER', 85, 'LAWYER', 'You have accepted case <a href="http://exactllydigital.com/staging/reachlawyer/CaseDetail.php?caseid=89">Sudip - 377</a> from <a href="http://exactllydigital.com/staging/reachlawyer/ClientDetail.php?clientid=49">Alok Client</a>', 0),
(357, '2011-02-15 20:19:15', 0, 0, 'ADMIN', 49, 'CLIENT', 'You have escrowed an amount of USD 100.00 for the case <a href=http://exactllydigital.com/staging/reachlawyer/CaseDetail.php?caseid=88>Pick Pocket</a>', 0),
(358, '2011-02-15 20:29:00', 0, 0, 'ADMIN', 49, 'CLIENT', 'You have escrowed an amount of USD 100.00 for the case <a href=http://exactllydigital.com/staging/reachlawyer/CaseDetail.php?caseid=88>Pick Pocket</a>', 0),
(359, '2011-02-15 20:45:35', 0, 81, 'LAWYER', 45, 'CLIENT', 'You have a <a href="http://exactllydigital.com/staging/reachlawyer/Client/ConfirmReleaseRequest.php?MilestoneId=61">Release Request</a> from <a href="http://exactllydigital.com/staging/reachlawyer/LawyerDetail.php?lawyerid=81">Souvik Mondal</a> for Case <a href="http://exactllydigital.com/staging/reachlawyer/CaseDetail.php?caseid=84">New case - Jayanta Testing</a>, Milestone <a href="http://exactllydigital.com/staging/reachlawyer/Client/ClientMilestone.php?MilestoneId=61">new milestone</a>.', 0),
(360, '2011-02-15 20:45:36', 0, 81, 'LAWYER', 81, 'LAWYER', 'You have made a <a href="http://exactllydigital.com/staging/reachlawyer/Client/ConfirmReleaseRequest.php?MilestoneId=61">Release Request</a> to <a href="http://exactllydigital.com/staging/reachlawyer/ClientDetail.php?clientid=45">Jayanta Karmakat</a> for Case <a href="http://exactllydigital.com/staging/reachlawyer/CaseDetail.php?caseid=84">New case - Jayanta Testing</a>, Milestone <a href="http://exactllydigital.com/staging/reachlawyer/Client/ClientMilestone.php?MilestoneId=61">new milestone</a>.', 0),
(361, '2011-02-15 20:46:26', 0, 45, 'CLIENT', 81, 'LAWYER', 'Your Release Request for the milestone new milestone for the case <a href="http://exactllydigital.com/staging/reachlawyer/CaseDetail.php?caseid=84">New case - Jayanta Testing</a> has been confirmed. An amount of 100.00 has been added to your account.', 0),
(362, '2011-02-15 20:46:26', 0, 45, 'CLIENT', 45, 'CLIENT', 'The Release Request for the milestone new milestone for the case <a href="http://exactllydigital.com/staging/reachlawyer/CaseDetail.php?caseid=84">New case - Jayanta Testing</a> is confirmed. An amount of 100.00 has been added to your account.', 0),
(363, '2011-02-15 20:46:26', 0, 45, 'CLIENT', 0, 'ADMIN', 'The Release Request for the milestone new milestone for the case <a href="http://exactllydigital.com/staging/reachlawyer/CaseDetail.php?caseid=84">New case - Jayanta Testing</a> has been confirmed.', 0),
(364, '2011-02-16 14:58:16', 0, 89, 'LAWYER', 89, 'LAWYER', 'You bought a subscription of 150 on 02/16/2011', 0),
(365, '2011-02-17 17:02:43', 0, 94, 'LAWYER', 94, 'LAWYER', 'You bought a subscription of 25 on 02/17/2011', 0),
(366, '2011-02-17 17:02:43', 0, 94, 'LAWYER', 0, 'ADMIN', 'Lawyer   bought a subscription of 25 on 02/17/2011', 0),
(367, '2011-02-17 17:05:09', 0, 94, 'LAWYER', 94, 'LAWYER', 'You bought a subscription of 25 on 02/17/2011', 0),
(368, '2011-02-17 17:05:09', 0, 94, 'LAWYER', 0, 'ADMIN', 'Lawyer   bought a subscription of 25 on 02/17/2011', 0),
(369, '2011-02-17 17:39:21', 0, 59, 'CLIENT', 94, 'LAWYER', 'The case <a href="http://exactllydigital.com/staging/reachlawyer/CaseDetail.php?caseid=92">Port scanning</a> has been awarded to you by <a href="http://exactllydigital.com/staging/reachlawyer/ClientDetail.php?clientid=59">Jayantaclient Karmakarclient</a>.', 0),
(370, '2011-02-17 17:39:53', 0, 94, 'LAWYER', 94, 'LAWYER', 'You have accepted case <a href="http://exactllydigital.com/staging/reachlawyer/CaseDetail.php?caseid=92">Port scanning</a> from <a href="http://exactllydigital.com/staging/reachlawyer/ClientDetail.php?clientid=59">Jayantaclient Karmakarclient</a>', 0),
(371, '2011-02-17 17:41:38', 0, 94, 'LAWYER', 94, 'LAWYER', 'You have created milestone <a href="http://exactllydigital.com/staging/reachlawyer/Lawyer/ViewMilestone.php?MilestoneId=62">test</a> of case <a href="http://exactllydigital.com/staging/reachlawyer/CaseDetail.php?caseid=92">Port scanning</a>', 0),
(372, '2011-02-17 17:44:15', 0, 94, 'LAWYER', 94, 'LAWYER', 'You have created milestone <a href="http://exactllydigital.com/staging/reachlawyer/Lawyer/ViewMilestone.php?MilestoneId=63">t5est</a> of case <a href="http://exactllydigital.com/staging/reachlawyer/CaseDetail.php?caseid=92">Port scanning</a>', 0),
(373, '2011-02-17 17:45:19', 0, 59, 'CLIENT', 87, 'LAWYER', 'Client <a href="http://exactllydigital.com/staging/reachlawyer/ClientDetail.php?clientid=59">Jayantaclient Karmakarclient</a> accepted milestone <a href="http://exactllydigital.com/staging/reachlawyer/Client/ClientMilestone.php?MilestoneId=62">test</a> of case <a href="http://exactllydigital.com/staging/reachlawyer/CaseDetail.php?caseid=92">Port scanning</a>', 0),
(374, '2011-02-17 17:45:19', 0, 59, 'CLIENT', 59, 'CLIENT', 'You have accepted milestone <a href="http://exactllydigital.com/staging/reachlawyer/Client/ClientMilestone.php?MilestoneId=62">test</a> of case <a href="http://exactllydigital.com/staging/reachlawyer/CaseDetail.php?caseid=92">Port scanning</a>', 0),
(375, '2011-02-17 17:47:10', 0, 59, 'CLIENT', 87, 'LAWYER', 'Client <a href="http://exactllydigital.com/staging/reachlawyer/ClientDetail.php?clientid=59">Jayantaclient Karmakarclient</a> accepted milestone <a href="http://exactllydigital.com/staging/reachlawyer/Client/ClientMilestone.php?MilestoneId=63">t5est</a> of case <a href="http://exactllydigital.com/staging/reachlawyer/CaseDetail.php?caseid=92">Port scanning</a>', 0),
(376, '2011-02-17 17:47:10', 0, 59, 'CLIENT', 59, 'CLIENT', 'You have accepted milestone <a href="http://exactllydigital.com/staging/reachlawyer/Client/ClientMilestone.php?MilestoneId=63">t5est</a> of case <a href="http://exactllydigital.com/staging/reachlawyer/CaseDetail.php?caseid=92">Port scanning</a>', 0),
(377, '2011-02-17 20:27:39', 0, 15, 'CLIENT', 62, 'LAWYER', 'Client <a href="http://exactllydigital.com/staging/reachlawyer/Client/ClientAccount.php?clientid=15">daniel1 islam1</a> created milestone <a href="http://exactllydigital.com/staging/reachlawyer/Client/ClientMilestone.php?MilestoneId=64">testMS4</a> of case <a href="http://exactllydigital.com/staging/reachlawyer/CaseDetail.php?caseid=43">Test Case</a>', 0),
(378, '2011-02-17 20:27:39', 0, 15, 'CLIENT', 15, 'CLIENT', 'You have created milestone <a href="http://exactllydigital.com/staging/reachlawyer/Client/ClientMilestone.php?MilestoneId=64">testMS4</a> of case <a href="http://exactllydigital.com/staging/reachlawyer/CaseDetail.php?caseid=43">Test Case</a>', 0),
(379, '2011-02-17 20:40:06', 0, 62, 'LAWYER', 15, 'CLIENT', 'Lawyer <a href="http://exactllydigital.com/staging/reachlawyer/LawyerDetail.php?lawyerid=62">Sharon Addison</a> created milestone <a href="http://exactllydigital.com/staging/reachlawyer/Client/ClientMilestone.php?MilestoneId=65">testMS5</a> of case <a href="http://exactllydigital.com/staging/reachlawyer/CaseDetail.php?caseid=43">Test Case</a>', 0),
(380, '2011-02-17 20:40:06', 0, 62, 'LAWYER', 62, 'LAWYER', 'You have created milestone <a href="http://exactllydigital.com/staging/reachlawyer/Lawyer/ViewMilestone.php?MilestoneId=65">testMS5</a> of case <a href="http://exactllydigital.com/staging/reachlawyer/CaseDetail.php?caseid=43">Test Case</a>', 0),
(381, '2011-02-17 20:58:28', 0, 62, 'LAWYER', 15, 'CLIENT', 'Lawyer <a href="http://exactllydigital.com/staging/reachlawyer/LawyerDetail.php?lawyerid=62">Sharon Addison</a> created milestone <a href="http://exactllydigital.com/staging/reachlawyer/Client/ClientMilestone.php?MilestoneId=66">testMS5</a> of case <a href="http://exactllydigital.com/staging/reachlawyer/CaseDetail.php?caseid=43">Test Case</a>', 0),
(382, '2011-02-17 20:58:28', 0, 62, 'LAWYER', 62, 'LAWYER', 'You have created milestone <a href="http://exactllydigital.com/staging/reachlawyer/Lawyer/ViewMilestone.php?MilestoneId=66">testMS5</a> of case <a href="http://exactllydigital.com/staging/reachlawyer/CaseDetail.php?caseid=43">Test Case</a>', 0),
(383, '2011-02-17 21:00:04', 0, 62, 'LAWYER', 15, 'CLIENT', 'Lawyer <a href="http://exactllydigital.com/staging/reachlawyer/LawyerDetail.php?lawyerid=62">Sharon Addison</a> created milestone <a href="http://exactllydigital.com/staging/reachlawyer/Client/ClientMilestone.php?MilestoneId=67">testMS5</a> of case <a href="http://exactllydigital.com/staging/reachlawyer/CaseDetail.php?caseid=43">Test Case</a>', 0),
(384, '2011-02-17 21:00:04', 0, 62, 'LAWYER', 62, 'LAWYER', 'You have created milestone <a href="http://exactllydigital.com/staging/reachlawyer/Lawyer/ViewMilestone.php?MilestoneId=67">testMS5</a> of case <a href="http://exactllydigital.com/staging/reachlawyer/CaseDetail.php?caseid=43">Test Case</a>', 0),
(385, '2011-02-17 21:01:36', 0, 62, 'LAWYER', 15, 'CLIENT', 'Lawyer <a href="http://exactllydigital.com/staging/reachlawyer/LawyerDetail.php?lawyerid=62">Sharon Addison</a> created milestone <a href="http://exactllydigital.com/staging/reachlawyer/Client/ClientMilestone.php?MilestoneId=68">testMS5</a> of case <a href="http://exactllydigital.com/staging/reachlawyer/CaseDetail.php?caseid=43">Test Case</a>', 0),
(386, '2011-02-17 21:01:36', 0, 62, 'LAWYER', 62, 'LAWYER', 'You have created milestone <a href="http://exactllydigital.com/staging/reachlawyer/Lawyer/ViewMilestone.php?MilestoneId=68">testMS5</a> of case <a href="http://exactllydigital.com/staging/reachlawyer/CaseDetail.php?caseid=43">Test Case</a>', 0),
(387, '2011-02-17 21:02:48', 0, 62, 'LAWYER', 15, 'CLIENT', 'Lawyer <a href="http://exactllydigital.com/staging/reachlawyer/LawyerDetail.php?lawyerid=62">Sharon Addison</a> created milestone <a href="http://exactllydigital.com/staging/reachlawyer/Client/ClientMilestone.php?MilestoneId=69">testMS5</a> of case <a href="http://exactllydigital.com/staging/reachlawyer/CaseDetail.php?caseid=43">Test Case</a>', 0),
(388, '2011-02-17 21:02:48', 0, 62, 'LAWYER', 62, 'LAWYER', 'You have created milestone <a href="http://exactllydigital.com/staging/reachlawyer/Lawyer/ViewMilestone.php?MilestoneId=69">testMS5</a> of case <a href="http://exactllydigital.com/staging/reachlawyer/CaseDetail.php?caseid=43">Test Case</a>', 0),
(389, '2011-02-17 21:05:23', 0, 62, 'LAWYER', 15, 'CLIENT', 'Lawyer <a href="http://exactllydigital.com/staging/reachlawyer/LawyerDetail.php?lawyerid=62">Sharon Addison</a> created milestone <a href="http://exactllydigital.com/staging/reachlawyer/Client/ClientMilestone.php?MilestoneId=70">testMS5</a> of case <a href="http://exactllydigital.com/staging/reachlawyer/CaseDetail.php?caseid=43">Test Case</a>', 0),
(390, '2011-02-17 21:05:23', 0, 62, 'LAWYER', 62, 'LAWYER', 'You have created milestone <a href="http://exactllydigital.com/staging/reachlawyer/Lawyer/ViewMilestone.php?MilestoneId=70">testMS5</a> of case <a href="http://exactllydigital.com/staging/reachlawyer/CaseDetail.php?caseid=43">Test Case</a>', 0),
(391, '2011-02-17 21:23:42', 0, 15, 'CLIENT', 87, 'LAWYER', 'Client <a href="http://exactllydigital.com/staging/reachlawyer/ClientDetail.php?clientid=15">daniel1 islam1</a> rejected milestone <a href="http://exactllydigital.com/staging/reachlawyer/Client/ClientMilestone.php?MilestoneId=65">testMS5</a> of case <a href="http://exactllydigital.com/staging/reachlawyer/CaseDetail.php?caseid=43">Test Case</a>', 0),
(392, '2011-02-17 21:23:42', 0, 15, 'CLIENT', 15, 'CLIENT', 'You have rejected milestone <a href="http://exactllydigital.com/staging/reachlawyer/Client/ClientMilestone.php?MilestoneId=65">testMS5</a> of case <a href="http://exactllydigital.com/staging/reachlawyer/CaseDetail.php?caseid=43">Test Case</a>', 0),
(393, '2011-02-17 21:24:00', 0, 15, 'CLIENT', 87, 'LAWYER', 'Client <a href="http://exactllydigital.com/staging/reachlawyer/ClientDetail.php?clientid=15">daniel1 islam1</a> rejected milestone <a href="http://exactllydigital.com/staging/reachlawyer/Client/ClientMilestone.php?MilestoneId=65">testMS5</a> of case <a href="http://exactllydigital.com/staging/reachlawyer/CaseDetail.php?caseid=43">Test Case</a>', 0),
(394, '2011-02-17 21:24:00', 0, 15, 'CLIENT', 15, 'CLIENT', 'You have rejected milestone <a href="http://exactllydigital.com/staging/reachlawyer/Client/ClientMilestone.php?MilestoneId=65">testMS5</a> of case <a href="http://exactllydigital.com/staging/reachlawyer/CaseDetail.php?caseid=43">Test Case</a>', 0),
(395, '2011-02-18 12:51:41', 0, 15, 'CLIENT', 87, 'LAWYER', 'Client <a href="http://exactllydigital.com/staging/reachlawyer/ClientDetail.php?clientid=15">daniel1 islam1</a> rejected milestone <a href="http://exactllydigital.com/staging/reachlawyer/Client/ClientMilestone.php?MilestoneId=67">testMS5</a> of case <a href="http://exactllydigital.com/staging/reachlawyer/CaseDetail.php?caseid=43">Test Case</a>', 0),
(396, '2011-02-18 12:51:41', 0, 15, 'CLIENT', 15, 'CLIENT', 'You have rejected milestone <a href="http://exactllydigital.com/staging/reachlawyer/Client/ClientMilestone.php?MilestoneId=67">testMS5</a> of case <a href="http://exactllydigital.com/staging/reachlawyer/CaseDetail.php?caseid=43">Test Case</a>', 0),
(397, '2011-02-18 12:52:51', 0, 15, 'CLIENT', 87, 'LAWYER', 'Client <a href="http://exactllydigital.com/staging/reachlawyer/ClientDetail.php?clientid=15">daniel1 islam1</a> rejected milestone <a href="http://exactllydigital.com/staging/reachlawyer/Client/ClientMilestone.php?MilestoneId=67">testMS5</a> of case <a href="http://exactllydigital.com/staging/reachlawyer/CaseDetail.php?caseid=43">Test Case</a>', 0),
(398, '2011-02-18 12:52:51', 0, 15, 'CLIENT', 15, 'CLIENT', 'You have rejected milestone <a href="http://exactllydigital.com/staging/reachlawyer/Client/ClientMilestone.php?MilestoneId=67">testMS5</a> of case <a href="http://exactllydigital.com/staging/reachlawyer/CaseDetail.php?caseid=43">Test Case</a>', 0),
(399, '2011-02-18 13:12:56', 0, 15, 'CLIENT', 87, 'LAWYER', 'Client <a href="http://exactllydigital.com/staging/reachlawyer/ClientDetail.php?clientid=15">daniel1 islam1</a> rejected milestone <a href="http://exactllydigital.com/staging/reachlawyer/Client/ClientMilestone.php?MilestoneId=68">testMS5</a> of case <a href="http://exactllydigital.com/staging/reachlawyer/CaseDetail.php?caseid=43">Test Case</a>', 0),
(400, '2011-02-18 13:12:56', 0, 15, 'CLIENT', 15, 'CLIENT', 'You have rejected milestone <a href="http://exactllydigital.com/staging/reachlawyer/Client/ClientMilestone.php?MilestoneId=68">testMS5</a> of case <a href="http://exactllydigital.com/staging/reachlawyer/CaseDetail.php?caseid=43">Test Case</a>', 0),
(401, '2011-02-18 13:18:01', 0, 15, 'CLIENT', 87, 'LAWYER', 'Client <a href="http://exactllydigital.com/staging/reachlawyer/ClientDetail.php?clientid=15">daniel1 islam1</a> accepted milestone <a href="http://exactllydigital.com/staging/reachlawyer/Client/ClientMilestone.php?MilestoneId=69">testMS5</a> of case <a href="http://exactllydigital.com/staging/reachlawyer/CaseDetail.php?caseid=43">Test Case</a>', 0),
(402, '2011-02-18 13:18:01', 0, 15, 'CLIENT', 15, 'CLIENT', 'You have accepted milestone <a href="http://exactllydigital.com/staging/reachlawyer/Client/ClientMilestone.php?MilestoneId=69">testMS5</a> of case <a href="http://exactllydigital.com/staging/reachlawyer/CaseDetail.php?caseid=43">Test Case</a>', 0),
(403, '2011-02-18 13:51:33', 0, 15, 'CLIENT', 62, 'LAWYER', 'Client <a href="http://exactllydigital.com/staging/reachlawyer/Client/ClientAccount.php?clientid=15">daniel1 islam1</a> created milestone <a href="http://exactllydigital.com/staging/reachlawyer/Client/ClientMilestone.php?MilestoneId=71">tstMS6</a> of case <a href="http://exactllydigital.com/staging/reachlawyer/CaseDetail.php?caseid=43">Test Case</a>', 0),
(404, '2011-02-18 13:51:33', 0, 15, 'CLIENT', 15, 'CLIENT', 'You have created milestone <a href="http://exactllydigital.com/staging/reachlawyer/Client/ClientMilestone.php?MilestoneId=71">tstMS6</a> of case <a href="http://exactllydigital.com/staging/reachlawyer/CaseDetail.php?caseid=43">Test Case</a>', 0),
(405, '2011-02-18 15:27:12', 0, 62, 'LAWYER', 15, 'CLIENT', 'You have a <a href="http://exactllydigital.com/staging/reachlawyer/Client/SelectLawyer.php?caseid=94">New Bid</a> from <a href="http://exactllydigital.com/staging/reachlawyer/LawyerDetail.php?lawyerid=62">Sharon Addison</a> for the Case <a href="http://exactllydigital.com/staging/reachlawyer/CaseDetail.php?caseid=94">tstcase2</a>', 0),
(406, '2011-02-18 16:44:15', 0, 15, 'CLIENT', 62, 'LAWYER', 'The case <a href="http://exactllydigital.com/staging/reachlawyer/CaseDetail.php?caseid=94">tstcase2</a> has been awarded to you by <a href="http://exactllydigital.com/staging/reachlawyer/ClientDetail.php?clientid=15">daniel1 islam1</a>.', 0),
(407, '2011-02-18 17:16:36', 0, 62, 'LAWYER', 15, 'CLIENT', 'Lawyer <a href="http://exactllydigital.com/staging/reachlawyer/LawyerDetail.php?lawyerid=62">Sharon Addison</a> has accepted your case <a href="http://exactllydigital.com/staging/reachlawyer/CaseDetail.php?caseid=94">tstcase2</a>', 0),
(408, '2011-02-18 17:16:37', 0, 62, 'LAWYER', 62, 'LAWYER', 'You have accepted case <a href="http://exactllydigital.com/staging/reachlawyer/CaseDetail.php?caseid=94">tstcase2</a> from <a href="http://exactllydigital.com/staging/reachlawyer/ClientDetail.php?clientid=15">daniel1 islam1</a>', 0),
(409, '2011-02-18 17:29:58', 0, 15, 'CLIENT', 62, 'LAWYER', 'Client <a href="http://exactllydigital.com/staging/reachlawyer/Client/ClientAccount.php?clientid=15">daniel1 islam1</a> created milestone <a href="http://exactllydigital.com/staging/reachlawyer/Client/ViewMilestone.php?MilestoneId=72">ms1</a> of case <a href="http://exactllydigital.com/staging/reachlawyer/CaseDetail.php?caseid=94">tstcase2</a>', 0),
(410, '2011-02-18 17:29:58', 0, 15, 'CLIENT', 15, 'CLIENT', 'You have created milestone <a href="http://exactllydigital.com/staging/reachlawyer/Client/ViewMilestone.php?MilestoneId=72">ms1</a> of case <a href="http://exactllydigital.com/staging/reachlawyer/CaseDetail.php?caseid=94">tstcase2</a>', 0),
(411, '2011-02-18 17:56:21', 0, 15, 'CLIENT', 87, 'LAWYER', 'Client <a href="http://exactllydigital.com/staging/reachlawyer/ClientDetail.php?clientid=15">daniel1 islam1</a> accepted milestone <a href="http://exactllydigital.com/staging/reachlawyer/Client/ViewMilestone.php?MilestoneId=70">testMS5</a> of case <a href="http://exactllydigital.com/staging/reachlawyer/CaseDetail.php?caseid=43">Test Case</a>', 0);
INSERT INTO `lm_notification_tbl` (`NotificationId`, `DateCreated`, `NotificationType`, `NotificationFrom`, `NotificationFromType`, `NotificationTo`, `NotificationToType`, `NotificationText`, `HideNotification`) VALUES
(412, '2011-02-18 17:56:21', 0, 15, 'CLIENT', 15, 'CLIENT', 'You have accepted milestone <a href="http://exactllydigital.com/staging/reachlawyer/Client/ViewMilestone.php?MilestoneId=70">testMS5</a> of case <a href="http://exactllydigital.com/staging/reachlawyer/CaseDetail.php?caseid=43">Test Case</a>', 0),
(413, '2011-02-18 18:20:58', 0, 59, 'CLIENT', 87, 'LAWYER', 'Client <a href="http://exactllydigital.com/staging/reachlawyer/ClientDetail.php?clientid=59">Jayantaclient Karmakarclient</a> accepted milestone <a href="http://exactllydigital.com/staging/reachlawyer/Client/ViewMilestone.php?MilestoneId=62">test</a> of case <a href="http://exactllydigital.com/staging/reachlawyer/CaseDetail.php?caseid=92">Port scanning</a>', 0),
(414, '2011-02-18 18:20:58', 0, 59, 'CLIENT', 59, 'CLIENT', 'You have accepted milestone <a href="http://exactllydigital.com/staging/reachlawyer/Client/ViewMilestone.php?MilestoneId=62">test</a> of case <a href="http://exactllydigital.com/staging/reachlawyer/CaseDetail.php?caseid=92">Port scanning</a>', 0),
(415, '2011-02-18 18:21:12', 0, 59, 'CLIENT', 87, 'LAWYER', 'Client <a href="http://exactllydigital.com/staging/reachlawyer/ClientDetail.php?clientid=59">Jayantaclient Karmakarclient</a> accepted milestone <a href="http://exactllydigital.com/staging/reachlawyer/Client/ViewMilestone.php?MilestoneId=63">t5est</a> of case <a href="http://exactllydigital.com/staging/reachlawyer/CaseDetail.php?caseid=92">Port scanning</a>', 0),
(416, '2011-02-18 18:21:12', 0, 59, 'CLIENT', 59, 'CLIENT', 'You have accepted milestone <a href="http://exactllydigital.com/staging/reachlawyer/Client/ViewMilestone.php?MilestoneId=63">t5est</a> of case <a href="http://exactllydigital.com/staging/reachlawyer/CaseDetail.php?caseid=92">Port scanning</a>', 0),
(417, '2011-02-18 19:43:08', 0, 95, 'LAWYER', 95, 'LAWYER', 'You bought a subscription of 150 on 02/18/2011', 0),
(418, '2011-02-18 19:43:08', 0, 95, 'LAWYER', 0, 'ADMIN', 'Lawyer Rituparna Das bought a subscription of 150 on 02/18/2011', 0),
(419, '2011-02-18 20:07:43', 0, 95, 'LAWYER', 60, 'CLIENT', 'You have a <a href="http://exactllydigital.com/staging/reachlawyer/Client/SelectLawyer.php?caseid=95">New Bid</a> from <a href="http://exactllydigital.com/staging/reachlawyer/LawyerDetail.php?lawyerid=95">Rituparna Das</a> for the Case <a href="http://exactllydigital.com/staging/reachlawyer/CaseDetail.php?caseid=95">Murderdered a 101 year old man - lol</a>', 0),
(420, '2011-02-18 20:19:26', 0, 60, 'CLIENT', 95, 'LAWYER', 'The case <a href="http://exactllydigital.com/staging/reachlawyer/CaseDetail.php?caseid=95">Murderdered a 101 year old man - lol</a> has been awarded to you by <a href="http://exactllydigital.com/staging/reachlawyer/ClientDetail.php?clientid=60">JayantaC KarmakarC</a>.', 0),
(421, '2011-02-18 20:27:24', 0, 95, 'LAWYER', 60, 'CLIENT', 'Lawyer <a href="http://exactllydigital.com/staging/reachlawyer/LawyerDetail.php?lawyerid=95">Rituparna Das</a> has accepted your case <a href="http://exactllydigital.com/staging/reachlawyer/CaseDetail.php?caseid=95">Murderdered a 101 year old man - lol</a>', 0),
(422, '2011-02-18 20:27:24', 0, 95, 'LAWYER', 95, 'LAWYER', 'You have accepted case <a href="http://exactllydigital.com/staging/reachlawyer/CaseDetail.php?caseid=95">Murderdered a 101 year old man - lol</a> from <a href="http://exactllydigital.com/staging/reachlawyer/ClientDetail.php?clientid=60">JayantaC KarmakarC</a>', 0),
(423, '2011-02-18 20:28:38', 0, 95, 'LAWYER', 60, 'CLIENT', 'Lawyer <a href="http://exactllydigital.com/staging/reachlawyer/LawyerDetail.php?lawyerid=95">Rituparna Das</a> created milestone <a href="http://exactllydigital.com/staging/reachlawyer/Lawyer/ViewMilestone.php?MilestoneId=73">testMS1</a> of case <a href="http://exactllydigital.com/staging/reachlawyer/CaseDetail.php?caseid=95">Murderdered a 101 year old man - lol</a>', 0),
(424, '2011-02-18 20:28:38', 0, 95, 'LAWYER', 95, 'LAWYER', 'You have created milestone <a href="http://exactllydigital.com/staging/reachlawyer/Lawyer/ViewMilestone.php?MilestoneId=73">testMS1</a> of case <a href="http://exactllydigital.com/staging/reachlawyer/CaseDetail.php?caseid=95">Murderdered a 101 year old man - lol</a>', 0),
(425, '2011-02-18 20:29:45', 0, 60, 'CLIENT', 87, 'LAWYER', 'Client <a href="http://exactllydigital.com/staging/reachlawyer/ClientDetail.php?clientid=60">JayantaC KarmakarC</a> accepted milestone <a href="http://exactllydigital.com/staging/reachlawyer/Client/ViewMilestone.php?MilestoneId=73">testMS1</a> of case <a href="http://exactllydigital.com/staging/reachlawyer/CaseDetail.php?caseid=95">Murderdered a 101 year old man - lol</a>', 0),
(426, '2011-02-18 20:29:45', 0, 60, 'CLIENT', 60, 'CLIENT', 'You have accepted milestone <a href="http://exactllydigital.com/staging/reachlawyer/Client/ViewMilestone.php?MilestoneId=73">testMS1</a> of case <a href="http://exactllydigital.com/staging/reachlawyer/CaseDetail.php?caseid=95">Murderdered a 101 year old man - lol</a>', 0),
(427, '2011-02-18 21:26:38', 0, 60, 'CLIENT', 95, 'LAWYER', 'Client <a href="http://exactllydigital.com/staging/reachlawyer/Client/ClientAccount.php?clientid=60">JayantaC KarmakarC</a> created milestone <a href="http://exactllydigital.com/staging/reachlawyer/Client/ViewMilestone.php?MilestoneId=74">P8M2</a> of case <a href="http://exactllydigital.com/staging/reachlawyer/CaseDetail.php?caseid=95">Murderdered a 101 year old man - lol</a>', 0),
(428, '2011-02-18 21:26:38', 0, 60, 'CLIENT', 60, 'CLIENT', 'You have created milestone <a href="http://exactllydigital.com/staging/reachlawyer/Client/ViewMilestone.php?MilestoneId=74">P8M2</a> of case <a href="http://exactllydigital.com/staging/reachlawyer/CaseDetail.php?caseid=95">Murderdered a 101 year old man - lol</a>', 0),
(429, '2011-02-19 14:37:02', 0, 15, 'CLIENT', 15, 'CLIENT', 'You have posted a new case <a href="http://exactllydigital.com/staging/reachlawyer/CaseDetail.php?caseid=98">tst3</a>', 0),
(430, '2011-02-19 15:47:38', 0, 15, 'CLIENT', 15, 'CLIENT', 'You have invited lawyer <a href="http://exactllydigital.com/staging/reachlawyer/LawyerDetail.php?lawyerid=95">Rituparna Das</a> to bid on case <a href="http://exactllydigital.com/staging/reachlawyer/CaseDetail.php?caseid=97">tst2</a>', 0),
(431, '2011-02-19 15:47:38', 0, 15, 'CLIENT', 95, 'LAWYER', 'You have been invited by <a href="http://exactllydigital.com/staging/reachlawyer/Client/ClientAccount.php?clientid=15">daniel1 islam1</a> to bid on the case <a href="http://exactllydigital.com/staging/reachlawyer/CaseDetail.php?caseid=97">tst2</a>.', 0),
(432, '2011-02-19 17:05:24', 0, 95, 'LAWYER', 15, 'CLIENT', 'You have a <a href="http://exactllydigital.com/staging/reachlawyer/Client/SelectLawyer.php?caseid=97">New Bid</a> from <a href="http://exactllydigital.com/staging/reachlawyer/LawyerDetail.php?lawyerid=95">Rituparna Das</a> for the Case <a href="http://exactllydigital.com/staging/reachlawyer/CaseDetail.php?caseid=97">tst2</a>', 0),
(433, '2011-02-19 17:06:18', 0, 15, 'CLIENT', 95, 'LAWYER', 'The case <a href="http://exactllydigital.com/staging/reachlawyer/CaseDetail.php?caseid=97">tst2</a> has been awarded to you by <a href="http://exactllydigital.com/staging/reachlawyer/ClientDetail.php?clientid=15">daniel1 islam1</a>.', 0),
(434, '2011-02-19 17:06:36', 0, 95, 'LAWYER', 15, 'CLIENT', 'Lawyer <a href="http://exactllydigital.com/staging/reachlawyer/LawyerDetail.php?lawyerid=95">Rituparna Das</a> has accepted your case <a href="http://exactllydigital.com/staging/reachlawyer/CaseDetail.php?caseid=97">tst2</a>', 0),
(435, '2011-02-19 17:06:36', 0, 95, 'LAWYER', 95, 'LAWYER', 'You have accepted case <a href="http://exactllydigital.com/staging/reachlawyer/CaseDetail.php?caseid=97">tst2</a> from <a href="http://exactllydigital.com/staging/reachlawyer/ClientDetail.php?clientid=15">daniel1 islam1</a>', 0),
(436, '2011-02-19 18:53:48', 0, 15, 'CLIENT', 15, 'CLIENT', 'You have invited lawyer <a href="http://exactllydigital.com/staging/reachlawyer/LawyerDetail.php?lawyerid=95">Rituparna Das</a> to bid on case <a href="http://exactllydigital.com/staging/reachlawyer/CaseDetail.php?caseid=98">tst3</a>', 0),
(437, '2011-02-19 18:53:48', 0, 15, 'CLIENT', 95, 'LAWYER', 'You have been invited by <a href="http://exactllydigital.com/staging/reachlawyer/Client/ClientAccount.php?clientid=15">daniel1 islam1</a> to bid on the case <a href="http://exactllydigital.com/staging/reachlawyer/CaseDetail.php?caseid=98">tst3</a>.', 0),
(438, '2011-02-19 18:55:31', 0, 95, 'LAWYER', 15, 'CLIENT', 'You have a <a href="http://exactllydigital.com/staging/reachlawyer/Client/SelectLawyer.php?caseid=98">New Bid</a> from <a href="http://exactllydigital.com/staging/reachlawyer/LawyerDetail.php?lawyerid=95">Rituparna Das</a> for the Case <a href="http://exactllydigital.com/staging/reachlawyer/CaseDetail.php?caseid=98">tst3</a>', 0),
(439, '2011-02-19 18:56:20', 0, 15, 'CLIENT', 95, 'LAWYER', 'The case <a href="http://exactllydigital.com/staging/reachlawyer/CaseDetail.php?caseid=98">tst3</a> has been awarded to you by <a href="http://exactllydigital.com/staging/reachlawyer/ClientDetail.php?clientid=15">daniel1 islam1</a>.', 0),
(440, '2011-02-19 18:56:34', 0, 95, 'LAWYER', 15, 'CLIENT', 'Lawyer <a href="http://exactllydigital.com/staging/reachlawyer/LawyerDetail.php?lawyerid=95">Rituparna Das</a> has accepted your case <a href="http://exactllydigital.com/staging/reachlawyer/CaseDetail.php?caseid=98">tst3</a>', 0),
(441, '2011-02-19 18:56:34', 0, 95, 'LAWYER', 95, 'LAWYER', 'You have accepted case <a href="http://exactllydigital.com/staging/reachlawyer/CaseDetail.php?caseid=98">tst3</a> from <a href="http://exactllydigital.com/staging/reachlawyer/ClientDetail.php?clientid=15">daniel1 islam1</a>', 0),
(442, '2011-02-22 14:39:08', 0, 62, 'CLIENT', 62, 'CLIENT', 'You have posted a new case <a href="http://exactllydigital.com/staging/reachlawyer/CaseDetail.php?caseid=99">Internet Terms and conditions</a>', 0),
(443, '2011-02-22 15:26:06', 0, 98, 'LAWYER', 98, 'LAWYER', 'You bought a subscription of 150 on 02/22/2011', 0),
(444, '2011-02-22 15:26:06', 0, 98, 'LAWYER', 0, 'ADMIN', 'Lawyer Lucas Lawyer bought a subscription of 150 on 02/22/2011', 0),
(445, '2011-02-22 15:26:06', 0, 98, 'LAWYER', 98, 'LAWYER', 'You bought a subscription of  on 02/22/2011', 0),
(446, '2011-02-22 15:26:06', 0, 98, 'LAWYER', 0, 'ADMIN', 'Lawyer Lucas Lawyer bought a subscription of  on 02/22/2011', 0),
(447, '2011-02-22 15:41:35', 0, 98, 'LAWYER', 62, 'CLIENT', 'You have a <a href="http://exactllydigital.com/staging/reachlawyer/Client/SelectLawyer.php?caseid=99">New Bid</a> from <a href="http://exactllydigital.com/staging/reachlawyer/LawyerDetail.php?lawyerid=98">Lucas Lawyer</a> for the Case <a href="http://exactllydigital.com/staging/reachlawyer/CaseDetail.php?caseid=99">Internet Terms and conditions</a>', 0),
(448, '2011-02-22 16:03:59', 0, 98, 'LAWYER', 62, 'CLIENT', 'Lawyer <a href="http://exactllydigital.com/staging/reachlawyer/LawyerDetail.php?lawyerid=98">Lucas Lawyer</a> has accepted your case <a href="http://exactllydigital.com/staging/reachlawyer/CaseDetail.php?caseid=99">Internet Terms and conditions</a>', 0),
(449, '2011-02-22 16:03:59', 0, 98, 'LAWYER', 98, 'LAWYER', 'You have accepted case <a href="http://exactllydigital.com/staging/reachlawyer/CaseDetail.php?caseid=99">Internet Terms and conditions</a> from <a href="http://exactllydigital.com/staging/reachlawyer/ClientDetail.php?clientid=62">Lucas client</a>', 0),
(450, '2011-02-23 15:24:58', 0, 45, 'CLIENT', 45, 'CLIENT', 'You have posted a new case <a href="http://exactllydigital.com/staging/reachlawyer/CaseDetail.php?caseid=100">Case for basic human rights</a>', 0),
(451, '2011-02-23 19:20:14', 0, 62, 'LAWYER', 62, 'LAWYER', 'You bought a subscription of 25 on 02/23/2011', 0),
(452, '2011-02-23 19:20:14', 0, 62, 'LAWYER', 0, 'ADMIN', 'Lawyer Sharon Addison bought a subscription of 25 on 02/23/2011', 0),
(453, '2011-02-23 19:20:16', 0, 62, 'LAWYER', 62, 'LAWYER', 'You bought a subscription of  on 02/23/2011', 0),
(454, '2011-02-23 19:20:16', 0, 62, 'LAWYER', 0, 'ADMIN', 'Lawyer Sharon Addison bought a subscription of  on 02/23/2011', 0),
(455, '2011-02-24 05:00:14', 0, 62, 'CLIENT', 62, 'CLIENT', 'You have posted a new case <a href="http://exactllydigital.com/staging/reachlawyer/CaseDetail.php?caseid=101">Partnership lawsuit</a>', 0),
(456, '2011-02-24 06:13:52', 0, 98, 'LAWYER', 62, 'CLIENT', 'You have a <a href="http://exactllydigital.com/staging/reachlawyer/Client/SelectLawyer.php?caseid=101">New Bid</a> from <a href="http://exactllydigital.com/staging/reachlawyer/LawyerDetail.php?lawyerid=98">Lucas Lawyer</a> for the Case <a href="http://exactllydigital.com/staging/reachlawyer/CaseDetail.php?caseid=101">Partnership lawsuit</a>', 0),
(457, '2011-02-24 07:38:41', 0, 62, 'CLIENT', 98, 'LAWYER', 'The case <a href="http://exactllydigital.com/staging/reachlawyer/CaseDetail.php?caseid=101">Partnership lawsuit</a> has been awarded to you by <a href="http://exactllydigital.com/staging/reachlawyer/ClientDetail.php?clientid=62">Lucas client</a>.', 0),
(458, '2011-02-24 08:03:38', 0, 98, 'LAWYER', 62, 'CLIENT', 'Lawyer <a href="http://exactllydigital.com/staging/reachlawyer/LawyerDetail.php?lawyerid=98">Lucas Lawyer</a> has accepted your case <a href="http://exactllydigital.com/staging/reachlawyer/CaseDetail.php?caseid=101">Partnership lawsuit</a>', 0),
(459, '2011-02-24 08:03:38', 0, 98, 'LAWYER', 98, 'LAWYER', 'You have accepted case <a href="http://exactllydigital.com/staging/reachlawyer/CaseDetail.php?caseid=101">Partnership lawsuit</a> from <a href="http://exactllydigital.com/staging/reachlawyer/ClientDetail.php?clientid=62">Lucas client</a>', 0),
(460, '2011-02-24 08:32:37', 0, 0, 'ADMIN', 62, 'CLIENT', 'You have escrowed an amount of USD 220.00 for the case <a href=http://exactllydigital.com/staging/reachlawyer/CaseDetail.php?caseid=101>Partnership lawsuit</a>', 0),
(461, '2011-02-24 08:43:51', 0, 62, 'CLIENT', 98, 'LAWYER', 'Client <a href="http://exactllydigital.com/staging/reachlawyer/Client/ClientAccount.php?clientid=62">Lucas client</a> created milestone <a href="http://exactllydigital.com/staging/reachlawyer/Client/ViewMilestone.php?MilestoneId=76">additional Hour</a> of case <a href="http://exactllydigital.com/staging/reachlawyer/CaseDetail.php?caseid=101">Partnership lawsuit</a>', 0),
(462, '2011-02-24 08:43:51', 0, 62, 'CLIENT', 62, 'CLIENT', 'You have created milestone <a href="http://exactllydigital.com/staging/reachlawyer/Client/ViewMilestone.php?MilestoneId=76">additional Hour</a> of case <a href="http://exactllydigital.com/staging/reachlawyer/CaseDetail.php?caseid=101">Partnership lawsuit</a>', 0),
(463, '2011-02-24 08:53:08', 0, 87, 'LAWYER', 62, 'CLIENT', 'Lawyer <a href="http://exactllydigital.com/staging/reachlawyer/LawyerDetail.php?lawyerid=87">Lucas Law</a> rejected milestone <a href="http://exactllydigital.com/staging/reachlawyer/Lawyer/ViewMilestone.php?MilestoneId=76">additional Hour</a> of case <a href="http://exactllydigital.com/staging/reachlawyer/CaseDetail.php?caseid=101">Partnership lawsuit</a>', 0),
(464, '2011-02-24 08:53:08', 0, 87, 'LAWYER', 87, 'LAWYER', 'You have rejected milestone <a href="http://exactllydigital.com/staging/reachlawyer/Lawyer/ViewMilestone.php?MilestoneId=76">additional Hour</a> of case <a href="http://exactllydigital.com/staging/reachlawyer/CaseDetail.php?caseid=101">Partnership lawsuit</a>', 0),
(465, '2011-02-24 18:55:52', 0, 62, 'LAWYER', 15, 'CLIENT', 'Lawyer <a href="http://exactllydigital.com/staging/reachlawyer/LawyerDetail.php?lawyerid=62">Sharon Addison</a> created milestone <a href="http://exactllydigital.com/staging/reachlawyer/Lawyer/ViewMilestone.php?MilestoneId=77">Ms1_24</a> of case <a href="http://exactllydigital.com/staging/reachlawyer/CaseDetail.php?caseid=57">Write a legal letter</a>', 0),
(466, '2011-02-24 18:55:52', 0, 62, 'LAWYER', 62, 'LAWYER', 'You have created milestone <a href="http://exactllydigital.com/staging/reachlawyer/Lawyer/ViewMilestone.php?MilestoneId=77">Ms1_24</a> of case <a href="http://exactllydigital.com/staging/reachlawyer/CaseDetail.php?caseid=57">Write a legal letter</a>', 0),
(467, '2011-02-24 19:18:33', 0, 62, 'LAWYER', 15, 'CLIENT', 'Lawyer <a href="http://exactllydigital.com/staging/reachlawyer/LawyerDetail.php?lawyerid=62">Sharon Addison</a> created milestone <a href="http://exactllydigital.com/staging/reachlawyer/Lawyer/ViewMilestone.php?MilestoneId=78">Ms2_24</a> of case <a href="http://exactllydigital.com/staging/reachlawyer/CaseDetail.php?caseid=57">Write a legal letter</a>', 0),
(468, '2011-02-24 19:18:33', 0, 62, 'LAWYER', 62, 'LAWYER', 'You have created milestone <a href="http://exactllydigital.com/staging/reachlawyer/Lawyer/ViewMilestone.php?MilestoneId=78">Ms2_24</a> of case <a href="http://exactllydigital.com/staging/reachlawyer/CaseDetail.php?caseid=57">Write a legal letter</a>', 0),
(469, '2011-02-25 20:23:23', 0, 60, 'CLIENT', 95, 'LAWYER', 'Client <a href="http://exactllydigital.com/staging/reachlawyer/Client/ClientAccount.php?clientid=60">JayantaC KarmakarC</a> created milestone <a href="http://exactllydigital.com/staging/reachlawyer/Client/ViewMilestone.php?MilestoneId=79">M-RLawyer</a> of case <a href="http://exactllydigital.com/staging/reachlawyer/CaseDetail.php?caseid=95">Murderdered a 101 year old man - lol</a>', 0),
(470, '2011-02-25 20:23:23', 0, 60, 'CLIENT', 60, 'CLIENT', 'You have created milestone <a href="http://exactllydigital.com/staging/reachlawyer/Client/ViewMilestone.php?MilestoneId=79">M-RLawyer</a> of case <a href="http://exactllydigital.com/staging/reachlawyer/CaseDetail.php?caseid=95">Murderdered a 101 year old man - lol</a>', 0),
(471, '2011-02-25 20:25:47', 0, 87, 'LAWYER', 60, 'CLIENT', 'Lawyer <a href="http://exactllydigital.com/staging/reachlawyer/LawyerDetail.php?lawyerid=87">Lucas Law</a> accepted milestone <a href="http://exactllydigital.com/staging/reachlawyer/Lawyer/ViewMilestone.php?MilestoneId=79">M-RLawyer</a> of case <a href="http://exactllydigital.com/staging/reachlawyer/CaseDetail.php?caseid=95">Murderdered a 101 year old man - lol</a>', 0),
(472, '2011-02-25 20:25:47', 0, 87, 'LAWYER', 87, 'LAWYER', 'You have accepted milestone <a href="http://exactllydigital.com/staging/reachlawyer/Lawyer/ViewMilestone.php?MilestoneId=79">M-RLawyer</a> of case <a href="http://exactllydigital.com/staging/reachlawyer/CaseDetail.php?caseid=95">Murderdered a 101 year old man - lol</a>', 0),
(473, '2011-02-25 20:26:40', 0, 87, 'LAWYER', 60, 'CLIENT', 'Lawyer <a href="http://exactllydigital.com/staging/reachlawyer/LawyerDetail.php?lawyerid=87">Lucas Law</a> accepted milestone <a href="http://exactllydigital.com/staging/reachlawyer/Lawyer/ViewMilestone.php?MilestoneId=79">M-RLawyer</a> of case <a href="http://exactllydigital.com/staging/reachlawyer/CaseDetail.php?caseid=95">Murderdered a 101 year old man - lol</a>', 0),
(474, '2011-02-25 20:26:40', 0, 87, 'LAWYER', 87, 'LAWYER', 'You have accepted milestone <a href="http://exactllydigital.com/staging/reachlawyer/Lawyer/ViewMilestone.php?MilestoneId=79">M-RLawyer</a> of case <a href="http://exactllydigital.com/staging/reachlawyer/CaseDetail.php?caseid=95">Murderdered a 101 year old man - lol</a>', 0),
(475, '2011-02-25 21:20:19', 0, 87, 'LAWYER', 60, 'CLIENT', 'Lawyer <a href="http://exactllydigital.com/staging/reachlawyer/LawyerDetail.php?lawyerid=87">Lucas Law</a> accepted milestone <a href="http://exactllydigital.com/staging/reachlawyer/Lawyer/ViewMilestone.php?MilestoneId=79">M-RLawyer</a> of case <a href="http://exactllydigital.com/staging/reachlawyer/CaseDetail.php?caseid=95">Murderdered a 101 year old man - lol</a>', 0),
(476, '2011-02-25 21:20:19', 0, 87, 'LAWYER', 87, 'LAWYER', 'You have accepted milestone <a href="http://exactllydigital.com/staging/reachlawyer/Lawyer/ViewMilestone.php?MilestoneId=79">M-RLawyer</a> of case <a href="http://exactllydigital.com/staging/reachlawyer/CaseDetail.php?caseid=95">Murderdered a 101 year old man - lol</a>', 0),
(477, '2011-02-25 21:20:28', 0, 87, 'LAWYER', 60, 'CLIENT', 'Lawyer <a href="http://exactllydigital.com/staging/reachlawyer/LawyerDetail.php?lawyerid=87">Lucas Law</a> accepted milestone <a href="http://exactllydigital.com/staging/reachlawyer/Lawyer/ViewMilestone.php?MilestoneId=79">M-RLawyer</a> of case <a href="http://exactllydigital.com/staging/reachlawyer/CaseDetail.php?caseid=95">Murderdered a 101 year old man - lol</a>', 0),
(478, '2011-02-25 21:20:28', 0, 87, 'LAWYER', 87, 'LAWYER', 'You have accepted milestone <a href="http://exactllydigital.com/staging/reachlawyer/Lawyer/ViewMilestone.php?MilestoneId=79">M-RLawyer</a> of case <a href="http://exactllydigital.com/staging/reachlawyer/CaseDetail.php?caseid=95">Murderdered a 101 year old man - lol</a>', 0),
(479, '2011-02-25 21:20:37', 0, 87, 'LAWYER', 60, 'CLIENT', 'Lawyer <a href="http://exactllydigital.com/staging/reachlawyer/LawyerDetail.php?lawyerid=87">Lucas Law</a> accepted milestone <a href="http://exactllydigital.com/staging/reachlawyer/Lawyer/ViewMilestone.php?MilestoneId=79">M-RLawyer</a> of case <a href="http://exactllydigital.com/staging/reachlawyer/CaseDetail.php?caseid=95">Murderdered a 101 year old man - lol</a>', 0),
(480, '2011-02-25 21:20:37', 0, 87, 'LAWYER', 87, 'LAWYER', 'You have accepted milestone <a href="http://exactllydigital.com/staging/reachlawyer/Lawyer/ViewMilestone.php?MilestoneId=79">M-RLawyer</a> of case <a href="http://exactllydigital.com/staging/reachlawyer/CaseDetail.php?caseid=95">Murderdered a 101 year old man - lol</a>', 0),
(481, '2011-02-25 21:20:54', 0, 87, 'LAWYER', 60, 'CLIENT', 'Lawyer <a href="http://exactllydigital.com/staging/reachlawyer/LawyerDetail.php?lawyerid=87">Lucas Law</a> rejected milestone <a href="http://exactllydigital.com/staging/reachlawyer/Lawyer/ViewMilestone.php?MilestoneId=79">M-RLawyer</a> of case <a href="http://exactllydigital.com/staging/reachlawyer/CaseDetail.php?caseid=95">Murderdered a 101 year old man - lol</a>', 0),
(482, '2011-02-25 21:20:54', 0, 87, 'LAWYER', 87, 'LAWYER', 'You have rejected milestone <a href="http://exactllydigital.com/staging/reachlawyer/Lawyer/ViewMilestone.php?MilestoneId=79">M-RLawyer</a> of case <a href="http://exactllydigital.com/staging/reachlawyer/CaseDetail.php?caseid=95">Murderdered a 101 year old man - lol</a>', 0),
(483, '2011-02-25 21:21:23', 0, 87, 'LAWYER', 60, 'CLIENT', 'Lawyer <a href="http://exactllydigital.com/staging/reachlawyer/LawyerDetail.php?lawyerid=87">Lucas Law</a> accepted milestone <a href="http://exactllydigital.com/staging/reachlawyer/Lawyer/ViewMilestone.php?MilestoneId=74">P8M2</a> of case <a href="http://exactllydigital.com/staging/reachlawyer/CaseDetail.php?caseid=95">Murderdered a 101 year old man - lol</a>', 0),
(484, '2011-02-25 21:21:23', 0, 87, 'LAWYER', 87, 'LAWYER', 'You have accepted milestone <a href="http://exactllydigital.com/staging/reachlawyer/Lawyer/ViewMilestone.php?MilestoneId=74">P8M2</a> of case <a href="http://exactllydigital.com/staging/reachlawyer/CaseDetail.php?caseid=95">Murderdered a 101 year old man - lol</a>', 0),
(485, '2011-02-25 21:33:41', 0, 87, 'LAWYER', 60, 'CLIENT', 'Lawyer <a href="http://exactllydigital.com/staging/reachlawyer/LawyerDetail.php?lawyerid=87">Lucas Law</a> accepted milestone <a href="http://exactllydigital.com/staging/reachlawyer/Lawyer/ViewMilestone.php?MilestoneId=74">P8M2</a> of case <a href="http://exactllydigital.com/staging/reachlawyer/CaseDetail.php?caseid=95">Murderdered a 101 year old man - lol</a>', 0),
(486, '2011-02-25 21:33:41', 0, 87, 'LAWYER', 87, 'LAWYER', 'You have accepted milestone <a href="http://exactllydigital.com/staging/reachlawyer/Lawyer/ViewMilestone.php?MilestoneId=74">P8M2</a> of case <a href="http://exactllydigital.com/staging/reachlawyer/CaseDetail.php?caseid=95">Murderdered a 101 year old man - lol</a>', 0),
(487, '2011-02-25 21:38:03', 0, 60, 'CLIENT', 60, 'CLIENT', 'You have released an amount of $600.00 to lawyer <a href="http://exactllydigital.com/staging/reachlawyer/LawyerDetail.php?lawyerid=">Rituparna Das</a> for milestone <a href="http://exactllydigital.com/staging/reachlawyer/Client/ViewMilestone.php?caseid=95&MilestoneId=74">P8M2</a> of case <a href="http://exactllydigital.com/staging/reachlawyer/CaseDetail.php?caseid=95">Murderdered a 101 year old man - lol</a>', 0),
(488, '2011-02-26 00:39:42', 0, 98, 'LAWYER', 98, 'LAWYER', 'You bought a subscription of 50 on 02/25/2011', 0),
(489, '2011-02-26 00:39:42', 0, 98, 'LAWYER', 0, 'ADMIN', 'Lawyer Lucas Lawyer bought a subscription of 50 on 02/25/2011', 0),
(490, '2011-02-26 00:39:42', 0, 98, 'LAWYER', 98, 'LAWYER', 'You bought a subscription of  on 02/25/2011', 0),
(491, '2011-02-26 00:39:42', 0, 98, 'LAWYER', 0, 'ADMIN', 'Lawyer Lucas Lawyer bought a subscription of  on 02/25/2011', 0),
(492, '2011-02-28 12:35:11', 0, 62, 'LAWYER', 15, 'CLIENT', 'You have a <a href="http://exactllydigital.com/staging/reachlawyer/Client/ConfirmReleaseRequest.php?MilestoneId=19">Release Request</a> from <a href="http://exactllydigital.com/staging/reachlawyer/LawyerDetail.php?lawyerid=62">Sharon Addison</a> for Case <a href="http://exactllydigital.com/staging/reachlawyer/CaseDetail.php?caseid=43">Test Case</a>, Milestone <a href="http://exactllydigital.com/staging/reachlawyer/Client/ClientMilestone.php?MilestoneId=19">test MS2</a>.', 0),
(493, '2011-02-28 12:35:11', 0, 62, 'LAWYER', 62, 'LAWYER', 'You have made a <a href="http://exactllydigital.com/staging/reachlawyer/Client/ConfirmReleaseRequest.php?MilestoneId=19">Release Request</a> to <a href="http://exactllydigital.com/staging/reachlawyer/ClientDetail.php?clientid=15">daniel1 islam1</a> for Case <a href="http://exactllydigital.com/staging/reachlawyer/CaseDetail.php?caseid=43">Test Case</a>, Milestone <a href="http://exactllydigital.com/staging/reachlawyer/Client/ClientMilestone.php?MilestoneId=19">test MS2</a>.', 0),
(494, '2011-02-28 13:12:27', 0, 15, 'CLIENT', 62, 'LAWYER', 'Your Release Request for the milestone test MS2 for the case <a href="http://exactllydigital.com/staging/reachlawyer/CaseDetail.php?caseid=43">Test Case</a> has been confirmed. An amount of 10.00 has been added to your account.', 0),
(495, '2011-02-28 13:12:27', 0, 15, 'CLIENT', 15, 'CLIENT', 'The Release Request for the milestone test MS2 for the case <a href="http://exactllydigital.com/staging/reachlawyer/CaseDetail.php?caseid=43">Test Case</a> is confirmed. An amount of 10.00 has been added to your account.', 0),
(496, '2011-02-28 13:12:27', 0, 15, 'CLIENT', 0, 'ADMIN', 'The Release Request for the milestone test MS2 for the case <a href="http://exactllydigital.com/staging/reachlawyer/CaseDetail.php?caseid=43">Test Case</a> has been confirmed.', 0),
(497, '2011-02-28 13:14:04', 0, 15, 'CLIENT', 62, 'LAWYER', 'Your Release Request for the milestone test MS2 for the case <a href="http://exactllydigital.com/staging/reachlawyer/CaseDetail.php?caseid=43">Test Case</a> has been confirmed. An amount of 10.00 has been added to your account.', 0),
(498, '2011-02-28 13:14:04', 0, 15, 'CLIENT', 15, 'CLIENT', 'The Release Request for the milestone test MS2 for the case <a href="http://exactllydigital.com/staging/reachlawyer/CaseDetail.php?caseid=43">Test Case</a> is confirmed. An amount of 10.00 has been added to your account.', 0),
(499, '2011-02-28 13:14:04', 0, 15, 'CLIENT', 0, 'ADMIN', 'The Release Request for the milestone test MS2 for the case <a href="http://exactllydigital.com/staging/reachlawyer/CaseDetail.php?caseid=43">Test Case</a> has been confirmed.', 0),
(500, '2011-02-28 14:46:07', 0, 15, 'CLIENT', 62, 'LAWYER', 'Your Release Request for the milestone test MS2 for the case <a href="http://exactllydigital.com/staging/reachlawyer/CaseDetail.php?caseid=43">Test Case</a> has been confirmed. An amount of $10.00 has been added to your account.', 0),
(501, '2011-02-28 14:46:07', 0, 15, 'CLIENT', 15, 'CLIENT', 'The Release Request for the milestone test MS2 for the case <a href="http://exactllydigital.com/staging/reachlawyer/CaseDetail.php?caseid=43">Test Case</a> is confirmed. An amount of $10.00 has been added to your account.', 0),
(502, '2011-02-28 14:46:07', 0, 15, 'CLIENT', 0, 'ADMIN', 'The Release Request for the milestone test MS2 for the case <a href="http://exactllydigital.com/staging/reachlawyer/CaseDetail.php?caseid=43">Test Case</a> has been confirmed.', 0),
(503, '2011-02-28 15:52:55', 0, 62, 'CLIENT', 62, 'CLIENT', 'You have posted a new case <a href="http://exactllydigital.com/staging/reachlawyer/CaseDetail.php?caseid=102">Somebody tried to hack my bank account: cybercrime</a>', 0),
(504, '2011-02-28 16:00:51', 0, 62, 'CLIENT', 62, 'CLIENT', 'You have invited lawyer <a href="http://exactllydigital.com/staging/reachlawyer/LawyerDetail.php?lawyerid=95">Rituparna Das</a> to bid on case <a href="http://exactllydigital.com/staging/reachlawyer/CaseDetail.php?caseid=102">Somebody tried to hack my bank account: cybercrime</a>', 0),
(505, '2011-02-28 16:00:51', 0, 62, 'CLIENT', 95, 'LAWYER', 'You have been invited by <a href="http://exactllydigital.com/staging/reachlawyer/Client/ClientAccount.php?clientid=62">Lucas client</a> to bid on the case <a href="http://exactllydigital.com/staging/reachlawyer/CaseDetail.php?caseid=102">Somebody tried to hack my bank account: cybercrime</a>.', 0),
(506, '2011-02-28 16:04:13', 0, 95, 'LAWYER', 62, 'CLIENT', 'You have a <a href="http://exactllydigital.com/staging/reachlawyer/Client/SelectLawyer.php?caseid=102">New Bid</a> from <a href="http://exactllydigital.com/staging/reachlawyer/LawyerDetail.php?lawyerid=95">Rituparna Das</a> for the Case <a href="http://exactllydigital.com/staging/reachlawyer/CaseDetail.php?caseid=102">Somebody tried to hack my bank account: cybercrime</a>', 0),
(507, '2011-02-28 16:43:55', 0, 15, 'CLIENT', 15, 'CLIENT', 'You have invited lawyer <a href="http://exactllydigital.com/staging/reachlawyer/LawyerDetail.php?lawyerid=62">Sharon Addison</a> to bid on case <a href="http://exactllydigital.com/staging/reachlawyer/CaseDetail.php?caseid=96">tst1</a>', 0),
(508, '2011-02-28 16:43:55', 0, 15, 'CLIENT', 62, 'LAWYER', 'You have been invited by <a href="http://exactllydigital.com/staging/reachlawyer/Client/ClientAccount.php?clientid=15">daniel1 islam1</a> to bid on the case <a href="http://exactllydigital.com/staging/reachlawyer/CaseDetail.php?caseid=96">tst1</a>.', 0),
(509, '2011-02-28 17:11:54', 0, 62, 'LAWYER', 15, 'CLIENT', 'You have a <a href="http://exactllydigital.com/staging/reachlawyer/Client/SelectLawyer.php?caseid=96">New Bid</a> from <a href="http://exactllydigital.com/staging/reachlawyer/LawyerDetail.php?lawyerid=62">Sharon Addison</a> for the Case <a href="http://exactllydigital.com/staging/reachlawyer/CaseDetail.php?caseid=96">tst1</a>', 0),
(510, '2011-02-28 17:14:49', 0, 99, 'LAWYER', 99, 'LAWYER', 'You bought a subscription of 200 on 02/28/2011', 0),
(511, '2011-02-28 17:14:49', 0, 99, 'LAWYER', 0, 'ADMIN', 'Lawyer Jal Law bought a subscription of 200 on 02/28/2011', 0),
(512, '2011-02-28 17:14:50', 0, 99, 'LAWYER', 99, 'LAWYER', 'You bought a subscription of  on 02/28/2011', 0),
(513, '2011-02-28 17:14:50', 0, 99, 'LAWYER', 0, 'ADMIN', 'Lawyer Jal Law bought a subscription of  on 02/28/2011', 0),
(514, '2011-02-28 17:18:54', 0, 99, 'LAWYER', 62, 'CLIENT', 'You have a <a href="http://exactllydigital.com/staging/reachlawyer/Client/SelectLawyer.php?caseid=102">New Bid</a> from <a href="http://exactllydigital.com/staging/reachlawyer/LawyerDetail.php?lawyerid=99">Jal Law</a> for the Case <a href="http://exactllydigital.com/staging/reachlawyer/CaseDetail.php?caseid=102">Somebody tried to hack my bank account: cybercrime</a>', 0),
(515, '2011-02-28 17:26:15', 0, 62, 'CLIENT', 99, 'LAWYER', 'The case <a href="http://exactllydigital.com/staging/reachlawyer/CaseDetail.php?caseid=102">Somebody tried to hack my bank account: cybercrime</a> has been awarded to you by <a href="http://exactllydigital.com/staging/reachlawyer/ClientDetail.php?clientid=62">Lucas client</a>.', 0),
(516, '2011-02-28 17:26:37', 0, 99, 'LAWYER', 62, 'CLIENT', 'Lawyer <a href="http://exactllydigital.com/staging/reachlawyer/LawyerDetail.php?lawyerid=99">Jal Law</a> has accepted your case <a href="http://exactllydigital.com/staging/reachlawyer/CaseDetail.php?caseid=102">Somebody tried to hack my bank account: cybercrime</a>', 0),
(517, '2011-02-28 17:26:37', 0, 99, 'LAWYER', 99, 'LAWYER', 'You have accepted case <a href="http://exactllydigital.com/staging/reachlawyer/CaseDetail.php?caseid=102">Somebody tried to hack my bank account: cybercrime</a> from <a href="http://exactllydigital.com/staging/reachlawyer/ClientDetail.php?clientid=62">Lucas client</a>', 0),
(518, '2011-02-28 18:12:46', 0, 99, 'LAWYER', 62, 'CLIENT', 'Lawyer <a href="http://exactllydigital.com/staging/reachlawyer/LawyerDetail.php?lawyerid=99">Jal Law</a> created milestone <a href="http://exactllydigital.com/staging/reachlawyer/Lawyer/ViewMilestone.php?MilestoneId=80">cyber M1</a> of case <a href="http://exactllydigital.com/staging/reachlawyer/CaseDetail.php?caseid=102">Somebody tried to hack my bank account: cybercrime</a>', 0),
(519, '2011-02-28 18:12:46', 0, 99, 'LAWYER', 99, 'LAWYER', 'You have created milestone <a href="http://exactllydigital.com/staging/reachlawyer/Lawyer/ViewMilestone.php?MilestoneId=80">cyber M1</a> of case <a href="http://exactllydigital.com/staging/reachlawyer/CaseDetail.php?caseid=102">Somebody tried to hack my bank account: cybercrime</a>', 0),
(520, '2011-02-28 18:13:04', 0, 62, 'CLIENT', 87, 'LAWYER', 'Client <a href="http://exactllydigital.com/staging/reachlawyer/ClientDetail.php?clientid=62">Lucas client</a> accepted milestone <a href="http://exactllydigital.com/staging/reachlawyer/Client/ViewMilestone.php?MilestoneId=80">cyber M1</a> of case <a href="http://exactllydigital.com/staging/reachlawyer/CaseDetail.php?caseid=102">Somebody tried to hack my bank account: cybercrime</a>', 0),
(521, '2011-02-28 18:13:04', 0, 62, 'CLIENT', 62, 'CLIENT', 'You have accepted milestone <a href="http://exactllydigital.com/staging/reachlawyer/Client/ViewMilestone.php?MilestoneId=80">cyber M1</a> of case <a href="http://exactllydigital.com/staging/reachlawyer/CaseDetail.php?caseid=102">Somebody tried to hack my bank account: cybercrime</a>', 0),
(522, '2011-02-28 18:14:05', 0, 99, 'LAWYER', 62, 'CLIENT', 'You have a <a href="http://exactllydigital.com/staging/reachlawyer/Client/ConfirmReleaseRequest.php?MilestoneId=80">Release Request</a> from <a href="http://exactllydigital.com/staging/reachlawyer/LawyerDetail.php?lawyerid=99">Jal Law</a> for Case <a href="http://exactllydigital.com/staging/reachlawyer/CaseDetail.php?caseid=102">Somebody tried to hack my bank account: cybercrime</a>, Milestone <a href="http://exactllydigital.com/staging/reachlawyer/Client/ClientMilestone.php?MilestoneId=80">cyber M1</a>.', 0),
(523, '2011-02-28 18:14:05', 0, 99, 'LAWYER', 99, 'LAWYER', 'You have made a <a href="http://exactllydigital.com/staging/reachlawyer/Client/ConfirmReleaseRequest.php?MilestoneId=80">Release Request</a> to <a href="http://exactllydigital.com/staging/reachlawyer/ClientDetail.php?clientid=62">Lucas client</a> for Case <a href="http://exactllydigital.com/staging/reachlawyer/CaseDetail.php?caseid=102">Somebody tried to hack my bank account: cybercrime</a>, Milestone <a href="http://exactllydigital.com/staging/reachlawyer/Client/ClientMilestone.php?MilestoneId=80">cyber M1</a>.', 0),
(524, '2011-03-01 12:55:04', 0, 15, 'CLIENT', 62, 'LAWYER', 'Your Release Request for the milestone Test Milestone for the case <a href="http://exactllydigital.com/staging/reachlawyer/CaseDetail.php?caseid=31">TSU Desdparite Treatment</a> has been confirmed. An amount of $40.00 has been added to your account.', 0),
(525, '2011-03-01 12:55:04', 0, 15, 'CLIENT', 15, 'CLIENT', 'The Release Request for the milestone Test Milestone for the case <a href="http://exactllydigital.com/staging/reachlawyer/CaseDetail.php?caseid=31">TSU Desdparite Treatment</a> is confirmed. An amount of $40.00 has been added to your account.', 0),
(526, '2011-03-01 12:55:04', 0, 15, 'CLIENT', 0, 'ADMIN', 'The Release Request for the milestone Test Milestone for the case <a href="http://exactllydigital.com/staging/reachlawyer/CaseDetail.php?caseid=31">TSU Desdparite Treatment</a> has been confirmed.', 0),
(527, '2011-03-01 16:03:58', 0, 62, 'CLIENT', 62, 'CLIENT', 'You have posted a new case <a href="http://exactllydigital.com/staging/reachlawyer/CaseDetail.php?caseid=103">Extortion in work place</a>', 0),
(528, '2011-03-01 16:04:40', 0, 62, 'CLIENT', 62, 'CLIENT', 'You have invited lawyer <a href="http://exactllydigital.com/staging/reachlawyer/LawyerDetail.php?lawyerid=95">Rituparna Das</a> to bid on case <a href="http://exactllydigital.com/staging/reachlawyer/CaseDetail.php?caseid=103">Extortion in work place</a>', 0),
(529, '2011-03-01 16:04:40', 0, 62, 'CLIENT', 95, 'LAWYER', 'You have been invited by <a href="http://exactllydigital.com/staging/reachlawyer/Client/ClientAccount.php?clientid=62">Lucas client</a> to bid on the case <a href="http://exactllydigital.com/staging/reachlawyer/CaseDetail.php?caseid=103">Extortion in work place</a>.', 0),
(530, '2011-03-01 16:08:41', 0, 62, 'CLIENT', 62, 'CLIENT', 'You have invited lawyer <a href="http://exactllydigital.com/staging/reachlawyer/LawyerDetail.php?lawyerid=99">Jal Law</a> to bid on case <a href="http://exactllydigital.com/staging/reachlawyer/CaseDetail.php?caseid=103">Extortion in work place</a>', 0),
(531, '2011-03-01 16:08:41', 0, 62, 'CLIENT', 99, 'LAWYER', 'You have been invited by <a href="http://exactllydigital.com/staging/reachlawyer/Client/ClientAccount.php?clientid=62">Lucas client</a> to bid on the case <a href="http://exactllydigital.com/staging/reachlawyer/CaseDetail.php?caseid=103">Extortion in work place</a>.', 0),
(532, '2011-03-01 16:16:02', 0, 99, 'LAWYER', 62, 'CLIENT', 'You have a <a href="http://exactllydigital.com/staging/reachlawyer/Client/SelectLawyer.php?caseid=103">New Bid</a> from <a href="http://exactllydigital.com/staging/reachlawyer/LawyerDetail.php?lawyerid=99">Jal Law</a> for the Case <a href="http://exactllydigital.com/staging/reachlawyer/CaseDetail.php?caseid=103">Extortion in work place</a>', 0),
(533, '2011-03-01 16:31:25', 0, 62, 'CLIENT', 99, 'LAWYER', 'The case <a href="http://exactllydigital.com/staging/reachlawyer/CaseDetail.php?caseid=103">Extortion in work place</a> has been awarded to you by <a href="http://exactllydigital.com/staging/reachlawyer/ClientDetail.php?clientid=62">Lucas client</a>.', 0),
(534, '2011-03-01 16:32:50', 0, 99, 'LAWYER', 62, 'CLIENT', 'Lawyer <a href="http://exactllydigital.com/staging/reachlawyer/LawyerDetail.php?lawyerid=99">Jal Law</a> has accepted your case <a href="http://exactllydigital.com/staging/reachlawyer/CaseDetail.php?caseid=103">Extortion in work place</a>', 0),
(535, '2011-03-01 16:32:50', 0, 99, 'LAWYER', 99, 'LAWYER', 'You have accepted case <a href="http://exactllydigital.com/staging/reachlawyer/CaseDetail.php?caseid=103">Extortion in work place</a> from <a href="http://exactllydigital.com/staging/reachlawyer/ClientDetail.php?clientid=62">Lucas client</a>', 0),
(536, '2011-03-01 16:34:33', 0, 62, 'CLIENT', 99, 'LAWYER', 'Client <a href="http://exactllydigital.com/staging/reachlawyer/Client/ClientAccount.php?clientid=62">Lucas client</a> created milestone <a href="http://exactllydigital.com/staging/reachlawyer/Client/ViewMilestone.php?MilestoneId=81">EX-milestone-1</a> of case <a href="http://exactllydigital.com/staging/reachlawyer/CaseDetail.php?caseid=103">Extortion in work place</a>', 0),
(537, '2011-03-01 16:34:33', 0, 62, 'CLIENT', 62, 'CLIENT', 'You have created milestone <a href="http://exactllydigital.com/staging/reachlawyer/Client/ViewMilestone.php?MilestoneId=81">EX-milestone-1</a> of case <a href="http://exactllydigital.com/staging/reachlawyer/CaseDetail.php?caseid=103">Extortion in work place</a>', 0),
(538, '2011-03-01 16:37:06', 0, 87, 'LAWYER', 62, 'CLIENT', 'Lawyer <a href="http://exactllydigital.com/staging/reachlawyer/LawyerDetail.php?lawyerid=87">Lucas Law</a> accepted milestone <a href="http://exactllydigital.com/staging/reachlawyer/Lawyer/ViewMilestone.php?MilestoneId=81">EX-milestone-1</a> of case <a href="http://exactllydigital.com/staging/reachlawyer/CaseDetail.php?caseid=103">Extortion in work place</a>', 0),
(539, '2011-03-01 16:37:06', 0, 87, 'LAWYER', 87, 'LAWYER', 'You have accepted milestone <a href="http://exactllydigital.com/staging/reachlawyer/Lawyer/ViewMilestone.php?MilestoneId=81">EX-milestone-1</a> of case <a href="http://exactllydigital.com/staging/reachlawyer/CaseDetail.php?caseid=103">Extortion in work place</a>', 0),
(540, '2011-03-01 16:43:54', 0, 99, 'LAWYER', 62, 'CLIENT', 'Lawyer <a href="http://exactllydigital.com/staging/reachlawyer/LawyerDetail.php?lawyerid=99">Jal Law</a> created milestone <a href="http://exactllydigital.com/staging/reachlawyer/Lawyer/ViewMilestone.php?MilestoneId=82">EX-milestone-2</a> of case <a href="http://exactllydigital.com/staging/reachlawyer/CaseDetail.php?caseid=103">Extortion in work place</a>', 0),
(541, '2011-03-01 16:43:54', 0, 99, 'LAWYER', 99, 'LAWYER', 'You have created milestone <a href="http://exactllydigital.com/staging/reachlawyer/Lawyer/ViewMilestone.php?MilestoneId=82">EX-milestone-2</a> of case <a href="http://exactllydigital.com/staging/reachlawyer/CaseDetail.php?caseid=103">Extortion in work place</a>', 0),
(542, '2011-03-01 16:44:30', 0, 62, 'CLIENT', 87, 'LAWYER', 'Client <a href="http://exactllydigital.com/staging/reachlawyer/ClientDetail.php?clientid=62">Lucas client</a> accepted milestone <a href="http://exactllydigital.com/staging/reachlawyer/Client/ViewMilestone.php?MilestoneId=82">EX-milestone-2</a> of case <a href="http://exactllydigital.com/staging/reachlawyer/CaseDetail.php?caseid=103">Extortion in work place</a>', 0),
(543, '2011-03-01 16:44:30', 0, 62, 'CLIENT', 62, 'CLIENT', 'You have accepted milestone <a href="http://exactllydigital.com/staging/reachlawyer/Client/ViewMilestone.php?MilestoneId=82">EX-milestone-2</a> of case <a href="http://exactllydigital.com/staging/reachlawyer/CaseDetail.php?caseid=103">Extortion in work place</a>', 0),
(544, '2011-03-01 16:47:21', 0, 99, 'LAWYER', 62, 'CLIENT', 'You have a <a href="http://exactllydigital.com/staging/reachlawyer/Client/ConfirmReleaseRequest.php?MilestoneId=81">Release Request</a> from <a href="http://exactllydigital.com/staging/reachlawyer/LawyerDetail.php?lawyerid=99">Jal Law</a> for Case <a href="http://exactllydigital.com/staging/reachlawyer/CaseDetail.php?caseid=103">Extortion in work place</a>, Milestone <a href="http://exactllydigital.com/staging/reachlawyer/Client/ClientMilestone.php?MilestoneId=81">EX-milestone-1</a>.', 0),
(545, '2011-03-01 16:47:21', 0, 99, 'LAWYER', 99, 'LAWYER', 'You have made a <a href="http://exactllydigital.com/staging/reachlawyer/Client/ConfirmReleaseRequest.php?MilestoneId=81">Release Request</a> to <a href="http://exactllydigital.com/staging/reachlawyer/ClientDetail.php?clientid=62">Lucas client</a> for Case <a href="http://exactllydigital.com/staging/reachlawyer/CaseDetail.php?caseid=103">Extortion in work place</a>, Milestone <a href="http://exactllydigital.com/staging/reachlawyer/Client/ClientMilestone.php?MilestoneId=81">EX-milestone-1</a>.', 0),
(546, '2011-03-01 16:48:42', 0, 0, 'ADMIN', 62, 'CLIENT', 'You have escrowed an amount of USD 300.00 for the case <a href=http://exactllydigital.com/staging/reachlawyer/CaseDetail.php?caseid=103>Extortion in work place</a>', 0),
(547, '2011-03-01 16:50:58', 0, 62, 'CLIENT', 99, 'LAWYER', 'Your Release Request for the milestone EX-milestone-1 for the case <a href="http://exactllydigital.com/staging/reachlawyer/CaseDetail.php?caseid=103">Extortion in work place</a> has been confirmed. An amount of $300.00 has been added to your account.', 0),
(548, '2011-03-01 16:50:58', 0, 62, 'CLIENT', 62, 'CLIENT', 'The Release Request for the milestone EX-milestone-1 for the case <a href="http://exactllydigital.com/staging/reachlawyer/CaseDetail.php?caseid=103">Extortion in work place</a> is confirmed. An amount of $300.00 has been added to your account.', 0),
(549, '2011-03-01 16:50:58', 0, 62, 'CLIENT', 0, 'ADMIN', 'The Release Request for the milestone EX-milestone-1 for the case <a href="http://exactllydigital.com/staging/reachlawyer/CaseDetail.php?caseid=103">Extortion in work place</a> has been confirmed.', 0),
(550, '2011-03-01 22:54:15', 0, 98, 'LAWYER', 45, 'CLIENT', 'You have a <a href="http://exactllydigital.com/staging/reachlawyer/Client/SelectLawyer.php?caseid=100">New Bid</a> from <a href="http://exactllydigital.com/staging/reachlawyer/LawyerDetail.php?lawyerid=98">Lucas Lawyer</a> for the Case <a href="http://exactllydigital.com/staging/reachlawyer/CaseDetail.php?caseid=100">Case for basic human rights</a>', 0),
(551, '2011-03-02 12:28:29', 0, 15, 'CLIENT', 63, 'LAWYER', 'daniel1 islam1 wants to closed his case \n\n		<a href="http://exactllydigital.com/staging/reachlawyer/CaseDetail.php?caseid=17">kjdfhjrh</a> to view details <a href="http://exactllydigital.com/staging/reachlawyer/Lawyer/CaseClosedRequest.php?caseid=17">click here</a>', 0),
(552, '2011-03-02 13:03:08', 0, 63, 'LAWYER', 15, 'CLIENT', 'GUSTAVO CAMELINO responded to your <a href="http://exactllydigital.com/staging/reachlawyer/CaseDetail.php?caseid=17">kjdfhjrh</a> close request. To view the detail, please <a href="http://exactllydigital.com/staging/reachlawyer/Client/LawyerResponse.php?caseid=17">click here</a>', 0),
(553, '2011-03-03 17:43:03', 0, 15, 'CLIENT', 15, 'CLIENT', 'You have posted a new case <a href="http://reachlawyer.com/CaseDetail.php?caseid=104">tstcase456</a>', 0),
(554, '2011-03-04 08:51:41', 0, 62, 'CLIENT', 62, 'CLIENT', 'You have posted a new case <a href="http://reachlawyer.com/CaseDetail.php?caseid=105">Company shareholders Agreement</a>', 0),
(555, '2011-03-05 00:40:31', 0, 98, 'LAWYER', 62, 'CLIENT', 'You have a <a href="http://reachlawyer.com/Client/SelectLawyer.php?caseid=105">New Bid</a> from <a href="http://reachlawyer.com/LawyerDetail.php?lawyerid=98">Lucas Lawyer</a> for the Case <a href="http://reachlawyer.com/CaseDetail.php?caseid=105">Company shareholders Agreement</a>', 0),
(556, '2011-03-05 00:53:18', 0, 62, 'CLIENT', 98, 'LAWYER', 'The case <a href="http://reachlawyer.com/CaseDetail.php?caseid=105">Company shareholders Agreement</a> has been awarded to you by <a href="http://reachlawyer.com/ClientDetail.php?clientid=62">Lucas client</a>.', 0),
(557, '2011-03-05 01:00:13', 0, 98, 'LAWYER', 62, 'CLIENT', 'Lawyer <a href="http://reachlawyer.com/LawyerDetail.php?lawyerid=98">Lucas Lawyer</a> has accepted your case <a href="http://reachlawyer.com/CaseDetail.php?caseid=105">Company shareholders Agreement</a>', 0),
(558, '2011-03-05 01:00:13', 0, 98, 'LAWYER', 98, 'LAWYER', 'You have accepted case <a href="http://reachlawyer.com/CaseDetail.php?caseid=105">Company shareholders Agreement</a> from <a href="http://reachlawyer.com/ClientDetail.php?clientid=62">Lucas client</a>', 0),
(559, '2011-03-05 01:18:35', 0, 98, 'LAWYER', 62, 'CLIENT', 'Lawyer <a href="http://reachlawyer.com/LawyerDetail.php?lawyerid=98">Lucas Lawyer</a> created milestone <a href="http://reachlawyer.com/Lawyer/ViewMilestone.php?MilestoneId=85">Initial discussion</a> of case <a href="http://reachlawyer.com/CaseDetail.php?caseid=105">Company shareholders Agreement</a>', 0),
(560, '2011-03-05 01:18:35', 0, 98, 'LAWYER', 98, 'LAWYER', 'You have created milestone <a href="http://reachlawyer.com/Lawyer/ViewMilestone.php?MilestoneId=85">Initial discussion</a> of case <a href="http://reachlawyer.com/CaseDetail.php?caseid=105">Company shareholders Agreement</a>', 0),
(561, '2011-03-05 01:25:40', 0, 62, 'CLIENT', 87, 'LAWYER', 'Client <a href="http://reachlawyer.com/ClientDetail.php?clientid=62">Lucas client</a> rejected milestone <a href="http://reachlawyer.com/Client/ViewMilestone.php?MilestoneId=85">Initial discussion</a> of case <a href="http://reachlawyer.com/CaseDetail.php?caseid=105">Company shareholders Agreement</a>', 0),
(562, '2011-03-05 01:25:40', 0, 62, 'CLIENT', 62, 'CLIENT', 'You have rejected milestone <a href="http://reachlawyer.com/Client/ViewMilestone.php?MilestoneId=85">Initial discussion</a> of case <a href="http://reachlawyer.com/CaseDetail.php?caseid=105">Company shareholders Agreement</a>', 0),
(563, '2011-03-05 02:16:44', 0, 0, 'ADMIN', 62, 'CLIENT', 'You have escrowed an amount of USD 120.00 for the case <a href=http://reachlawyer.com/CaseDetail.php?caseid=105>Company shareholders Agreement</a>', 0),
(564, '2011-03-05 14:57:12', 0, 62, 'LAWYER', 15, 'CLIENT', 'You have a <a href="http://reachlawyer.com/Client/SelectLawyer.php?caseid=90">New Bid</a> from <a href="http://reachlawyer.com/LawyerDetail.php?lawyerid=62">Sharon Addison</a> for the Case <a href="http://reachlawyer.com/CaseDetail.php?caseid=90">test</a>', 0),
(565, '2011-03-05 16:47:18', 0, 15, 'CLIENT', 87, 'LAWYER', 'Client <a href="http://reachlawyer.com/ClientDetail.php?clientid=15">daniel1 islam1</a> rejected milestone <a href="http://reachlawyer.com/Client/ViewMilestone.php?MilestoneId=78">Ms2_24</a> of case <a href="http://reachlawyer.com/CaseDetail.php?caseid=57">Write a legal letter</a>', 0),
(566, '2011-03-05 16:47:18', 0, 15, 'CLIENT', 15, 'CLIENT', 'You have rejected milestone <a href="http://reachlawyer.com/Client/ViewMilestone.php?MilestoneId=78">Ms2_24</a> of case <a href="http://reachlawyer.com/CaseDetail.php?caseid=57">Write a legal letter</a>', 0),
(567, '2011-03-05 17:15:02', 0, 62, 'LAWYER', 15, 'CLIENT', 'Lawyer <a href="http://reachlawyer.com/LawyerDetail.php?lawyerid=62">Sharon Addison</a> created milestone <a href="http://reachlawyer.com/Lawyer/ViewMilestone.php?MilestoneId=86">Ms3_4.3.2011</a> of case <a href="http://reachlawyer.com/CaseDetail.php?caseid=57">Write a legal letter</a>', 0);
INSERT INTO `lm_notification_tbl` (`NotificationId`, `DateCreated`, `NotificationType`, `NotificationFrom`, `NotificationFromType`, `NotificationTo`, `NotificationToType`, `NotificationText`, `HideNotification`) VALUES
(568, '2011-03-05 17:15:02', 0, 62, 'LAWYER', 62, 'LAWYER', 'You have created milestone <a href="http://reachlawyer.com/Lawyer/ViewMilestone.php?MilestoneId=86">Ms3_4.3.2011</a> of case <a href="http://reachlawyer.com/CaseDetail.php?caseid=57">Write a legal letter</a>', 0),
(569, '2011-03-05 17:27:33', 0, 15, 'CLIENT', 87, 'LAWYER', 'Client <a href="http://reachlawyer.com/ClientDetail.php?clientid=15">daniel1 islam1</a> accepted milestone <a href="http://reachlawyer.com/Client/ViewMilestone.php?MilestoneId=77">Ms1_24</a> of case <a href="http://reachlawyer.com/CaseDetail.php?caseid=57">Write a legal letter</a>', 0),
(570, '2011-03-05 17:27:33', 0, 15, 'CLIENT', 15, 'CLIENT', 'You have accepted milestone <a href="http://reachlawyer.com/Client/ViewMilestone.php?MilestoneId=77">Ms1_24</a> of case <a href="http://reachlawyer.com/CaseDetail.php?caseid=57">Write a legal letter</a>', 0),
(571, '2011-03-05 17:31:45', 0, 15, 'CLIENT', 87, 'LAWYER', 'Client <a href="http://reachlawyer.com/ClientDetail.php?clientid=15">daniel1 islam1</a> rejected milestone <a href="http://reachlawyer.com/Client/ViewMilestone.php?MilestoneId=86">Ms3_4.3.2011</a> of case <a href="http://reachlawyer.com/CaseDetail.php?caseid=57">Write a legal letter</a>', 0),
(572, '2011-03-05 17:31:45', 0, 15, 'CLIENT', 15, 'CLIENT', 'You have rejected milestone <a href="http://reachlawyer.com/Client/ViewMilestone.php?MilestoneId=86">Ms3_4.3.2011</a> of case <a href="http://reachlawyer.com/CaseDetail.php?caseid=57">Write a legal letter</a>', 0),
(573, '2011-03-07 14:28:38', 0, 62, 'LAWYER', 15, 'CLIENT', 'Lawyer <a href="http://reachlawyer.com/LawyerDetail.php?lawyerid=62">Sharon Addison</a> created milestone <a href="http://reachlawyer.com/Lawyer/ViewMilestone.php?MilestoneId=87">Ms3_7.3.2011</a> of case <a href="http://reachlawyer.com/CaseDetail.php?caseid=57">Write a legal letter</a>', 0),
(574, '2011-03-07 14:28:38', 0, 62, 'LAWYER', 62, 'LAWYER', 'You have created milestone <a href="http://reachlawyer.com/Lawyer/ViewMilestone.php?MilestoneId=87">Ms3_7.3.2011</a> of case <a href="http://reachlawyer.com/CaseDetail.php?caseid=57">Write a legal letter</a>', 0),
(575, '2011-03-07 14:32:33', 0, 15, 'CLIENT', 87, 'LAWYER', 'Client <a href="http://reachlawyer.com/ClientDetail.php?clientid=15">daniel1 islam1</a> rejected milestone <a href="http://reachlawyer.com/Client/ViewMilestone.php?MilestoneId=87">Ms3_7.3.2011</a> of case <a href="http://reachlawyer.com/CaseDetail.php?caseid=57">Write a legal letter</a>', 0),
(576, '2011-03-07 14:32:33', 0, 15, 'CLIENT', 15, 'CLIENT', 'You have rejected milestone <a href="http://reachlawyer.com/Client/ViewMilestone.php?MilestoneId=87">Ms3_7.3.2011</a> of case <a href="http://reachlawyer.com/CaseDetail.php?caseid=57">Write a legal letter</a>', 0),
(577, '2011-03-07 14:40:14', 0, 0, 'ADMIN', 15, 'CLIENT', 'You have escrowed an amount of USD 50.00 for the case <a href=http://reachlawyer.com/CaseDetail.php?caseid=57>Write a legal letter</a>', 0),
(578, '2011-03-07 19:25:53', 0, 15, 'CLIENT', 62, 'LAWYER', 'daniel1 islam1 wants to close his case \n\n		<a href="http://reachlawyer.com/CaseDetail.php?caseid=56">testcase2</a> To view details <a href="http://reachlawyer.com/Lawyer/CaseClosedRequest.php?caseid=56">click here</a>', 0),
(579, '2011-03-07 19:43:54', 0, 62, 'LAWYER', 15, 'CLIENT', 'Sharon Addison responded to your <a href="http://reachlawyer.com/CaseDetail.php?caseid=56">testcase2</a> close request. To view the detail, please <a href="http://reachlawyer.com/Client/LawyerResponse.php?caseid=56">click here</a>', 0),
(580, '2011-03-08 16:20:26', 0, 62, 'LAWYER', 15, 'CLIENT', 'Lawyer <a href="http://reachlawyer.com/LawyerDetail.php?lawyerid=62">Sharon Addison</a> created milestone <a href="http://reachlawyer.com/Lawyer/ViewMilestone.php?MilestoneId=88">Ms4_8.3.2011</a> of case <a href="http://reachlawyer.com/CaseDetail.php?caseid=57">Write a legal letter</a>', 0),
(581, '2011-03-08 16:20:26', 0, 62, 'LAWYER', 62, 'LAWYER', 'You have created milestone <a href="http://reachlawyer.com/Lawyer/ViewMilestone.php?MilestoneId=88">Ms4_8.3.2011</a> of case <a href="http://reachlawyer.com/CaseDetail.php?caseid=57">Write a legal letter</a>', 0),
(582, '2011-03-08 16:21:52', 0, 15, 'CLIENT', 87, 'LAWYER', 'Client <a href="http://reachlawyer.com/ClientDetail.php?clientid=15">daniel1 islam1</a> accepted milestone <a href="http://reachlawyer.com/Client/ViewMilestone.php?MilestoneId=88">Ms4_8.3.2011</a> of case <a href="http://reachlawyer.com/CaseDetail.php?caseid=57">Write a legal letter</a>', 0),
(583, '2011-03-08 16:21:52', 0, 15, 'CLIENT', 15, 'CLIENT', 'You have accepted milestone <a href="http://reachlawyer.com/Client/ViewMilestone.php?MilestoneId=88">Ms4_8.3.2011</a> of case <a href="http://reachlawyer.com/CaseDetail.php?caseid=57">Write a legal letter</a>', 0),
(584, '2011-03-08 16:26:33', 0, 15, 'CLIENT', 62, 'LAWYER', 'Client <a href="http://reachlawyer.com/Client/ClientAccount.php?clientid=15">daniel1 islam1</a> updated milestone <a href="http://reachlawyer.com/Client/ViewMilestone.php?MilestoneId=88">Ms4_8.3.2011</a> of case <a href="http://reachlawyer.com/CaseDetail.php?caseid=57">Write a legal letter</a>', 0),
(585, '2011-03-08 16:26:33', 0, 15, 'CLIENT', 15, 'CLIENT', 'You have updated milestone <a href="http://reachlawyer.com/Client/ViewMilestone.php?MilestoneId=88">Ms4_8.3.2011</a> of case <a href="http://reachlawyer.com/CaseDetail.php?caseid=57">Write a legal letter</a>', 0),
(586, '2011-03-08 16:33:04', 0, 15, 'CLIENT', 62, 'LAWYER', 'Client <a href="http://reachlawyer.com/Client/ClientAccount.php?clientid=15">daniel1 islam1</a> updated milestone <a href="http://reachlawyer.com/Client/ViewMilestone.php?MilestoneId=88">Ms4_8.3.2011</a> of case <a href="http://reachlawyer.com/CaseDetail.php?caseid=57">Write a legal letter</a>', 0),
(587, '2011-03-08 16:33:05', 0, 15, 'CLIENT', 15, 'CLIENT', 'You have updated milestone <a href="http://reachlawyer.com/Client/ViewMilestone.php?MilestoneId=88">Ms4_8.3.2011</a> of case <a href="http://reachlawyer.com/CaseDetail.php?caseid=57">Write a legal letter</a>', 0),
(588, '2011-03-08 16:40:27', 0, 87, 'LAWYER', 15, 'CLIENT', 'Lawyer <a href="http://reachlawyer.com/LawyerDetail.php?lawyerid=87">Lucas Law</a> accepted milestone <a href="http://reachlawyer.com/Lawyer/ViewMilestone.php?MilestoneId=88">Ms4_8.3.2011</a> of case <a href="http://reachlawyer.com/CaseDetail.php?caseid=57">Write a legal letter</a>', 0),
(589, '2011-03-08 16:40:27', 0, 87, 'LAWYER', 87, 'LAWYER', 'You have accepted milestone <a href="http://reachlawyer.com/Lawyer/ViewMilestone.php?MilestoneId=88">Ms4_8.3.2011</a> of case <a href="http://reachlawyer.com/CaseDetail.php?caseid=57">Write a legal letter</a>', 0),
(590, '2011-03-09 16:39:24', 0, 15, 'CLIENT', 15, 'CLIENT', 'You have posted a new case <a href="http://reachlawyer.com/CaseDetail.php?caseid=106">FirstCADcase1</a>', 0),
(591, '2011-03-09 17:17:26', 0, 15, 'CLIENT', 15, 'CLIENT', 'You have posted a new case <a href="http://reachlawyer.com/CaseDetail.php?caseid=107">CADcase1</a>', 0),
(592, '2011-03-09 19:38:06', 0, 15, 'CLIENT', 15, 'CLIENT', 'You have posted a new case <a href="http://reachlawyer.com/CaseDetail.php?caseid=108">DED</a>', 0),
(593, '2011-03-10 18:13:57', 0, 15, 'CLIENT', 15, 'CLIENT', 'You have invited lawyer <a href="http://reachlawyer.com/LawyerDetail.php?lawyerid=62">Sharon Addison</a> to bid on case <a href="http://reachlawyer.com/CaseDetail.php?caseid=107">CADcase1</a>', 0),
(594, '2011-03-10 18:13:57', 0, 15, 'CLIENT', 62, 'LAWYER', 'You have been invited by <a href="http://reachlawyer.com/Client/ClientAccount.php?clientid=15">daniel1 islam1</a> to bid on the case <a href="http://reachlawyer.com/CaseDetail.php?caseid=107">CADcase1</a>.', 0),
(595, '2011-03-10 19:27:48', 0, 62, 'LAWYER', 15, 'CLIENT', 'You have a <a href="http://reachlawyer.com/Client/SelectLawyer.php?caseid=107">New Bid</a> from <a href="http://reachlawyer.com/LawyerDetail.php?lawyerid=62">Sharon Addison</a> for the Case <a href="http://reachlawyer.com/CaseDetail.php?caseid=107">CADcase1</a>', 0),
(596, '2011-03-10 19:43:32', 0, 15, 'CLIENT', 62, 'LAWYER', 'The case <a href="http://reachlawyer.com/CaseDetail.php?caseid=107">CADcase1</a> has been awarded to you by <a href="http://reachlawyer.com/ClientDetail.php?clientid=15">daniel1 islam1</a>.', 0),
(597, '2011-03-10 19:44:15', 0, 62, 'LAWYER', 15, 'CLIENT', 'Lawyer <a href="http://reachlawyer.com/LawyerDetail.php?lawyerid=62">Sharon Addison</a> has accepted your case <a href="http://reachlawyer.com/CaseDetail.php?caseid=107">CADcase1</a>', 0),
(598, '2011-03-10 19:44:15', 0, 62, 'LAWYER', 62, 'LAWYER', 'You have accepted case <a href="http://reachlawyer.com/CaseDetail.php?caseid=107">CADcase1</a> from <a href="http://reachlawyer.com/ClientDetail.php?clientid=15">daniel1 islam1</a>', 0),
(599, '2011-03-14 11:50:50', 0, 0, 'ADMIN', 15, 'CLIENT', 'You have escrowed an amount of USD 10.00 for the case <a href=http://reachlawyer.com/CaseDetail.php?caseid=107>CADcase1</a>', 0),
(600, '2011-03-14 15:40:11', 0, 0, 'ADMIN', 15, 'CLIENT', 'You have escrowed an amount of USD 1.03 for the case <a href=http://reachlawyer.com/CaseDetail.php?caseid=107>CADcase1</a>', 0),
(601, '2011-03-14 17:41:42', 0, 15, 'CLIENT', 15, 'CLIENT', 'You have posted a new case <a href="http://reachlawyer.com/CaseDetail.php?caseid=109">testcase1234</a>', 0),
(602, '2011-03-14 18:03:18', 0, 15, 'CLIENT', 15, 'CLIENT', 'You have invited lawyer <a href="http://reachlawyer.com/LawyerDetail.php?lawyerid=62">Sharon Addison</a> to bid on case <a href="http://reachlawyer.com/CaseDetail.php?caseid=109">testcase1234</a>', 0),
(603, '2011-03-14 18:03:18', 0, 15, 'CLIENT', 62, 'LAWYER', 'You have been invited by <a href="http://reachlawyer.com/Client/ClientAccount.php?clientid=15">daniel1 islam1</a> to bid on the case <a href="http://reachlawyer.com/CaseDetail.php?caseid=109">testcase1234</a>.', 0),
(604, '2011-03-14 18:05:43', 0, 62, 'LAWYER', 15, 'CLIENT', 'You have a <a href="http://reachlawyer.com/Client/SelectLawyer.php?caseid=109">New Bid</a> from <a href="http://reachlawyer.com/LawyerDetail.php?lawyerid=62">Sharon Addison</a> for the Case <a href="http://reachlawyer.com/CaseDetail.php?caseid=109">testcase1234</a>', 0),
(605, '2011-03-14 18:06:35', 0, 15, 'CLIENT', 62, 'LAWYER', 'The case <a href="http://reachlawyer.com/CaseDetail.php?caseid=109">testcase1234</a> has been awarded to you by <a href="http://reachlawyer.com/ClientDetail.php?clientid=15">daniel1 islam1</a>.', 0),
(606, '2011-03-14 18:06:54', 0, 62, 'LAWYER', 15, 'CLIENT', 'Lawyer <a href="http://reachlawyer.com/LawyerDetail.php?lawyerid=62">Sharon Addison</a> has accepted your case <a href="http://reachlawyer.com/CaseDetail.php?caseid=109">testcase1234</a>', 0),
(607, '2011-03-14 18:06:55', 0, 62, 'LAWYER', 62, 'LAWYER', 'You have accepted case <a href="http://reachlawyer.com/CaseDetail.php?caseid=109">testcase1234</a> from <a href="http://reachlawyer.com/ClientDetail.php?clientid=15">daniel1 islam1</a>', 0),
(608, '2011-03-14 18:09:29', 0, 0, 'ADMIN', 15, 'CLIENT', 'You have escrowed an amount of USD 0 for the case <a href=http://reachlawyer.com/CaseDetail.php?caseid=109>testcase1234</a>', 0),
(609, '2011-03-14 18:41:40', 0, 0, 'ADMIN', 15, 'CLIENT', 'You have escrowed an amount of USD 1.00 for the case <a href=http://reachlawyer.com/CaseDetail.php?caseid=109>testcase1234</a>', 0),
(610, '2011-03-14 18:53:44', 0, 0, 'ADMIN', 15, 'CLIENT', 'You have escrowed an amount of USD 9.00 for the case <a href=http://reachlawyer.com/CaseDetail.php?caseid=109>testcase1234</a>', 0),
(611, '2011-03-15 15:02:56', 0, 15, 'CLIENT', 62, 'LAWYER', 'Client <a href="http://reachlawyer.com/Client/ClientAccount.php?clientid=15">daniel1 islam1</a> created milestone <a href="http://reachlawyer.com/Client/ViewMilestone.php?MilestoneId=89">MS1_CAD</a> of case <a href="http://reachlawyer.com/CaseDetail.php?caseid=107">CADcase1</a>', 0),
(612, '2011-03-15 15:02:57', 0, 15, 'CLIENT', 15, 'CLIENT', 'You have created milestone <a href="http://reachlawyer.com/Client/ViewMilestone.php?MilestoneId=89">MS1_CAD</a> of case <a href="http://reachlawyer.com/CaseDetail.php?caseid=107">CADcase1</a>', 0),
(613, '2011-03-15 15:18:44', 0, 87, 'LAWYER', 15, 'CLIENT', 'Lawyer <a href="http://reachlawyer.com/LawyerDetail.php?lawyerid=87">Lucas Law</a> accepted milestone <a href="http://reachlawyer.com/Lawyer/ViewMilestone.php?MilestoneId=89">MS1_CAD</a> of case <a href="http://reachlawyer.com/CaseDetail.php?caseid=107">CADcase1</a>', 0),
(614, '2011-03-15 15:18:44', 0, 87, 'LAWYER', 87, 'LAWYER', 'You have accepted milestone <a href="http://reachlawyer.com/Lawyer/ViewMilestone.php?MilestoneId=89">MS1_CAD</a> of case <a href="http://reachlawyer.com/CaseDetail.php?caseid=107">CADcase1</a>', 0),
(615, '2011-03-15 15:24:01', 0, 62, 'LAWYER', 15, 'CLIENT', 'Lawyer <a href="http://reachlawyer.com/LawyerDetail.php?lawyerid=62">Sharon Addison</a> created milestone <a href="http://reachlawyer.com/Lawyer/ViewMilestone.php?MilestoneId=90">MS2_CAD</a> of case <a href="http://reachlawyer.com/CaseDetail.php?caseid=107">CADcase1</a>', 0),
(616, '2011-03-15 15:24:01', 0, 62, 'LAWYER', 62, 'LAWYER', 'You have created milestone <a href="http://reachlawyer.com/Lawyer/ViewMilestone.php?MilestoneId=90">MS2_CAD</a> of case <a href="http://reachlawyer.com/CaseDetail.php?caseid=107">CADcase1</a>', 0),
(617, '2011-03-15 15:24:55', 0, 15, 'CLIENT', 87, 'LAWYER', 'Client <a href="http://reachlawyer.com/ClientDetail.php?clientid=15">daniel1 islam1</a> accepted milestone <a href="http://reachlawyer.com/Client/ViewMilestone.php?MilestoneId=90">MS2_CAD</a> of case <a href="http://reachlawyer.com/CaseDetail.php?caseid=107">CADcase1</a>', 0),
(618, '2011-03-15 15:24:55', 0, 15, 'CLIENT', 15, 'CLIENT', 'You have accepted milestone <a href="http://reachlawyer.com/Client/ViewMilestone.php?MilestoneId=90">MS2_CAD</a> of case <a href="http://reachlawyer.com/CaseDetail.php?caseid=107">CADcase1</a>', 0),
(619, '2011-03-15 17:14:12', 0, 15, 'CLIENT', 62, 'LAWYER', 'Client <a href="http://reachlawyer.com/Client/ClientAccount.php?clientid=15">daniel1 islam1</a> created milestone <a href="http://reachlawyer.com/Client/ViewMilestone.php?MilestoneId=91">MS3_CAD</a> of case <a href="http://reachlawyer.com/CaseDetail.php?caseid=107">CADcase1</a>', 0),
(620, '2011-03-15 17:14:12', 0, 15, 'CLIENT', 15, 'CLIENT', 'You have created milestone <a href="http://reachlawyer.com/Client/ViewMilestone.php?MilestoneId=91">MS3_CAD</a> of case <a href="http://reachlawyer.com/CaseDetail.php?caseid=107">CADcase1</a>', 0),
(621, '2011-03-15 17:16:57', 0, 87, 'LAWYER', 15, 'CLIENT', 'Lawyer <a href="http://reachlawyer.com/LawyerDetail.php?lawyerid=87">Lucas Law</a> accepted milestone <a href="http://reachlawyer.com/Lawyer/ViewMilestone.php?MilestoneId=91">MS3_CAD</a> of case <a href="http://reachlawyer.com/CaseDetail.php?caseid=107">CADcase1</a>', 0),
(622, '2011-03-15 17:16:57', 0, 87, 'LAWYER', 87, 'LAWYER', 'You have accepted milestone <a href="http://reachlawyer.com/Lawyer/ViewMilestone.php?MilestoneId=91">MS3_CAD</a> of case <a href="http://reachlawyer.com/CaseDetail.php?caseid=107">CADcase1</a>', 0),
(623, '2011-03-15 17:34:49', 0, 62, 'LAWYER', 15, 'CLIENT', 'Lawyer <a href="http://reachlawyer.com/LawyerDetail.php?lawyerid=62">Sharon Addison</a> created milestone <a href="http://reachlawyer.com/Lawyer/ViewMilestone.php?MilestoneId=92">MS4_CAD</a> of case <a href="http://reachlawyer.com/CaseDetail.php?caseid=107">CADcase1</a>', 0),
(624, '2011-03-15 17:34:49', 0, 62, 'LAWYER', 62, 'LAWYER', 'You have created milestone <a href="http://reachlawyer.com/Lawyer/ViewMilestone.php?MilestoneId=92">MS4_CAD</a> of case <a href="http://reachlawyer.com/CaseDetail.php?caseid=107">CADcase1</a>', 0),
(625, '2011-03-15 17:35:15', 0, 15, 'CLIENT', 87, 'LAWYER', 'Client <a href="http://reachlawyer.com/ClientDetail.php?clientid=15">daniel1 islam1</a> accepted milestone <a href="http://reachlawyer.com/Client/ViewMilestone.php?MilestoneId=92">MS4_CAD</a> of case <a href="http://reachlawyer.com/CaseDetail.php?caseid=107">CADcase1</a>', 0),
(626, '2011-03-15 17:35:15', 0, 15, 'CLIENT', 15, 'CLIENT', 'You have accepted milestone <a href="http://reachlawyer.com/Client/ViewMilestone.php?MilestoneId=92">MS4_CAD</a> of case <a href="http://reachlawyer.com/CaseDetail.php?caseid=107">CADcase1</a>', 0),
(627, '2011-03-15 18:15:17', 0, 15, 'CLIENT', 15, 'CLIENT', 'You have released an amount of $1.13 to lawyer <a href="http://reachlawyer.com/LawyerDetail.php?lawyerid=">Sharon Addison</a> for milestone <a href="http://reachlawyer.com/Client/ViewMilestone.php?caseid=107&MilestoneId=92">MS4_CAD</a> of case <a href="http://reachlawyer.com/CaseDetail.php?caseid=107">CADcase1</a>', 0),
(628, '2011-03-15 18:58:02', 0, 62, 'LAWYER', 15, 'CLIENT', 'You have a <a href="http://reachlawyer.com/Client/ConfirmReleaseRequest.php?MilestoneId=90">Release Request</a> from <a href="http://reachlawyer.com/LawyerDetail.php?lawyerid=62">Sharon Addison</a> for Case <a href="http://reachlawyer.com/CaseDetail.php?caseid=107">CADcase1</a>, Milestone <a href="http://reachlawyer.com/Client/ClientMilestone.php?MilestoneId=90">MS2_CAD</a>.', 0),
(629, '2011-03-15 18:58:03', 0, 62, 'LAWYER', 62, 'LAWYER', 'You have made a <a href="http://reachlawyer.com/Client/ConfirmReleaseRequest.php?MilestoneId=90">Release Request</a> to <a href="http://reachlawyer.com/ClientDetail.php?clientid=15">daniel1 islam1</a> for Case <a href="http://reachlawyer.com/CaseDetail.php?caseid=107">CADcase1</a>, Milestone <a href="http://reachlawyer.com/Client/ClientMilestone.php?MilestoneId=90">MS2_CAD</a>.', 0),
(630, '2011-03-15 19:08:12', 0, 62, 'LAWYER', 15, 'CLIENT', 'You have a <a href="http://reachlawyer.com/Client/ConfirmReleaseRequest.php?MilestoneId=90">Release Request</a> from <a href="http://reachlawyer.com/LawyerDetail.php?lawyerid=62">Sharon Addison</a> for Case <a href="http://reachlawyer.com/CaseDetail.php?caseid=107">CADcase1</a>, Milestone <a href="http://reachlawyer.com/Client/ClientMilestone.php?MilestoneId=90">MS2_CAD</a>.', 0),
(631, '2011-03-15 19:08:13', 0, 62, 'LAWYER', 62, 'LAWYER', 'You have made a <a href="http://reachlawyer.com/Client/ConfirmReleaseRequest.php?MilestoneId=90">Release Request</a> to <a href="http://reachlawyer.com/ClientDetail.php?clientid=15">daniel1 islam1</a> for Case <a href="http://reachlawyer.com/CaseDetail.php?caseid=107">CADcase1</a>, Milestone <a href="http://reachlawyer.com/Client/ClientMilestone.php?MilestoneId=90">MS2_CAD</a>.', 0),
(632, '2011-03-15 19:39:07', 0, 62, 'LAWYER', 15, 'CLIENT', 'You have a <a href="http://reachlawyer.com/Client/ConfirmReleaseRequest.php?MilestoneId=90">Release Request</a> from <a href="http://reachlawyer.com/LawyerDetail.php?lawyerid=62">Sharon Addison</a> for Case <a href="http://reachlawyer.com/CaseDetail.php?caseid=107">CADcase1</a>, Milestone <a href="http://reachlawyer.com/Client/ClientMilestone.php?MilestoneId=90">MS2_CAD</a>.', 0),
(633, '2011-03-15 19:39:08', 0, 62, 'LAWYER', 62, 'LAWYER', 'You have made a <a href="http://reachlawyer.com/Client/ConfirmReleaseRequest.php?MilestoneId=90">Release Request</a> to <a href="http://reachlawyer.com/ClientDetail.php?clientid=15">daniel1 islam1</a> for Case <a href="http://reachlawyer.com/CaseDetail.php?caseid=107">CADcase1</a>, Milestone <a href="http://reachlawyer.com/Client/ClientMilestone.php?MilestoneId=90">MS2_CAD</a>.', 0),
(634, '2011-03-16 13:09:34', 0, 62, 'LAWYER', 62, 'LAWYER', 'You bought a subscription of 100 on 03/16/2011', 0),
(635, '2011-03-16 13:09:34', 0, 62, 'LAWYER', 0, 'ADMIN', 'Lawyer Sharon Addison bought a subscription of 100 on 03/16/2011', 0),
(636, '2011-03-16 13:09:37', 0, 62, 'LAWYER', 62, 'LAWYER', 'You bought a subscription of  on 03/16/2011', 0),
(637, '2011-03-16 13:09:37', 0, 62, 'LAWYER', 0, 'ADMIN', 'Lawyer Sharon Addison bought a subscription of  on 03/16/2011', 0),
(638, '2011-03-16 15:28:01', 0, 15, 'CLIENT', 62, 'LAWYER', 'Your Release Request for the milestone MS2_CAD for the case <a href="http://reachlawyer.com/CaseDetail.php?caseid=107">CADcase1</a> has been confirmed. An amount of US $1.12 has been added to your account.', 0),
(639, '2011-03-16 15:28:01', 0, 15, 'CLIENT', 15, 'CLIENT', 'The Release Request for the milestone MS2_CAD for the case <a href="http://reachlawyer.com/CaseDetail.php?caseid=107">CADcase1</a> is confirmed by you. An amount of US $1.12 has been sent to your lawyer <a href="http://reachlawyer.com/LawyerDetail.php?lawyerid=62">Sharon Addison</a>.', 0),
(640, '2011-03-16 15:28:02', 0, 15, 'CLIENT', 0, 'ADMIN', 'The Release Request for the milestone MS2_CAD for the case <a href="http://reachlawyer.com/CaseDetail.php?caseid=107">CADcase1</a> has been confirmed.', 0),
(641, '2011-03-17 12:50:41', 0, 67, 'CLIENT', 67, 'CLIENT', 'You have posted a new case <a href="http://exactllydigital.com/staging/reachlawyer/CaseDetail.php?caseid=110">A test case to check currency</a>', 0),
(642, '2011-03-17 12:54:16', 0, 67, 'CLIENT', 67, 'CLIENT', 'You have invited lawyer <a href="http://exactllydigital.com/staging/reachlawyer/LawyerDetail.php?lawyerid=101">Ritu Lawyer</a> to bid on case <a href="http://exactllydigital.com/staging/reachlawyer/CaseDetail.php?caseid=110">A test case to check currency</a>', 0),
(643, '2011-03-17 12:54:16', 0, 67, 'CLIENT', 101, 'LAWYER', 'You have been invited by <a href="http://exactllydigital.com/staging/reachlawyer/Client/ClientAccount.php?clientid=67">Ritu Client</a> to bid on the case <a href="http://exactllydigital.com/staging/reachlawyer/CaseDetail.php?caseid=110">A test case to check currency</a>.', 0),
(644, '2011-03-17 12:55:33', 0, 101, 'LAWYER', 101, 'LAWYER', 'You bought a subscription of 50 bids on 17/03/2011', 0),
(645, '2011-03-17 12:55:33', 0, 101, 'LAWYER', 0, 'ADMIN', 'Lawyer Ritu Lawyer bought a subscription of 50 bids on 17/03/2011', 0),
(646, '2011-03-17 12:55:34', 0, 101, 'LAWYER', 101, 'LAWYER', 'You bought a subscription of  bids on 17/03/2011', 0),
(647, '2011-03-17 12:55:35', 0, 101, 'LAWYER', 0, 'ADMIN', 'Lawyer Ritu Lawyer bought a subscription of  bids on 17/03/2011', 0),
(648, '2011-03-17 13:01:51', 0, 101, 'LAWYER', 67, 'CLIENT', 'You have a <a href="http://reachlawyer.com/Client/SelectLawyer.php?caseid=110">New Bid</a> from <a href="http://reachlawyer.com/LawyerDetail.php?lawyerid=101">Ritu Lawyer</a> for the Case <a href="http://reachlawyer.com/CaseDetail.php?caseid=110">A test case to check currency</a>', 0),
(649, '2011-03-17 13:16:40', 0, 67, 'CLIENT', 67, 'CLIENT', 'You have posted a new case <a href="http://reachlawyer.com/CaseDetail.php?caseid=111">Test a case for CAD</a>', 0),
(650, '2011-03-17 14:36:05', 0, 67, 'CLIENT', 67, 'CLIENT', 'You have invited lawyer <a href="http://reachlawyer.com/LawyerDetail.php?lawyerid=101">Ritu Lawyer</a> to bid on case <a href="http://reachlawyer.com/CaseDetail.php?caseid=111">Test a case for CAD</a>', 0),
(651, '2011-03-17 14:36:05', 0, 67, 'CLIENT', 101, 'LAWYER', 'You have been invited by <a href="http://reachlawyer.com/Client/ClientAccount.php?clientid=67">Ritu Client</a> to bid on the case <a href="http://reachlawyer.com/CaseDetail.php?caseid=111">Test a case for CAD</a>.', 0),
(652, '2011-03-17 14:44:56', 0, 101, 'LAWYER', 67, 'CLIENT', 'You have a <a href="http://reachlawyer.com/Client/SelectLawyer.php?caseid=111">New Bid</a> from <a href="http://reachlawyer.com/LawyerDetail.php?lawyerid=101">Ritu Lawyer</a> for the Case <a href="http://reachlawyer.com/CaseDetail.php?caseid=111">Test a case for CAD</a>', 0),
(653, '2011-03-17 14:46:12', 0, 67, 'CLIENT', 101, 'LAWYER', 'The case <a href="http://reachlawyer.com/CaseDetail.php?caseid=111">Test a case for CAD</a> has been awarded to you by <a href="http://reachlawyer.com/ClientDetail.php?clientid=67">Ritu Client</a>.', 0),
(654, '2011-03-17 14:47:17', 0, 101, 'LAWYER', 67, 'CLIENT', 'Lawyer <a href="http://reachlawyer.com/LawyerDetail.php?lawyerid=101">Ritu Lawyer</a> has accepted your case <a href="http://reachlawyer.com/CaseDetail.php?caseid=111">Test a case for CAD</a>', 0),
(655, '2011-03-17 14:47:17', 0, 101, 'LAWYER', 101, 'LAWYER', 'You have accepted case <a href="http://reachlawyer.com/CaseDetail.php?caseid=111">Test a case for CAD</a> from <a href="http://reachlawyer.com/ClientDetail.php?clientid=67">Ritu Client</a>', 0),
(656, '2011-03-17 14:48:57', 0, 0, 'ADMIN', 67, 'CLIENT', 'You have escrowed an amount of USD 50.5 for the case <a href=http://reachlawyer.com/CaseDetail.php?caseid=111>Test a case for CAD</a>', 0),
(657, '2011-03-17 14:52:52', 0, 101, 'LAWYER', 67, 'CLIENT', 'Lawyer <a href="http://reachlawyer.com/LawyerDetail.php?lawyerid=101">Ritu Lawyer</a> created milestone <a href="http://reachlawyer.com/Lawyer/ViewMilestone.php?MilestoneId=93">MS1</a> of case <a href="http://reachlawyer.com/CaseDetail.php?caseid=111">Test a case for CAD</a>', 0),
(658, '2011-03-17 14:52:52', 0, 101, 'LAWYER', 101, 'LAWYER', 'You have created milestone <a href="http://reachlawyer.com/Lawyer/ViewMilestone.php?MilestoneId=93">MS1</a> of case <a href="http://reachlawyer.com/CaseDetail.php?caseid=111">Test a case for CAD</a>', 0),
(659, '2011-03-17 14:55:03', 0, 67, 'CLIENT', 87, 'LAWYER', 'Client <a href="http://reachlawyer.com/ClientDetail.php?clientid=67">Ritu Client</a> accepted milestone <a href="http://reachlawyer.com/Client/ViewMilestone.php?MilestoneId=93">MS1</a> of case <a href="http://reachlawyer.com/CaseDetail.php?caseid=111">Test a case for CAD</a>', 0),
(660, '2011-03-17 14:55:03', 0, 67, 'CLIENT', 67, 'CLIENT', 'You have accepted milestone <a href="http://reachlawyer.com/Client/ViewMilestone.php?MilestoneId=93">MS1</a> of case <a href="http://reachlawyer.com/CaseDetail.php?caseid=111">Test a case for CAD</a>', 0),
(661, '2011-03-17 14:56:22', 0, 67, 'CLIENT', 101, 'LAWYER', 'Client <a href="http://reachlawyer.com/Client/ClientAccount.php?clientid=67">Ritu Client</a> created milestone <a href="http://reachlawyer.com/Client/ViewMilestone.php?MilestoneId=94">MS2</a> of case <a href="http://reachlawyer.com/CaseDetail.php?caseid=111">Test a case for CAD</a>', 0),
(662, '2011-03-17 14:56:22', 0, 67, 'CLIENT', 67, 'CLIENT', 'You have created milestone <a href="http://reachlawyer.com/Client/ViewMilestone.php?MilestoneId=94">MS2</a> of case <a href="http://reachlawyer.com/CaseDetail.php?caseid=111">Test a case for CAD</a>', 0),
(663, '2011-03-17 15:01:07', 0, 87, 'LAWYER', 67, 'CLIENT', 'Lawyer <a href="http://reachlawyer.com/LawyerDetail.php?lawyerid=87">Lucas Law</a> accepted milestone <a href="http://reachlawyer.com/Lawyer/ViewMilestone.php?MilestoneId=94">MS2</a> of case <a href="http://reachlawyer.com/CaseDetail.php?caseid=111">Test a case for CAD</a>', 0),
(664, '2011-03-17 15:01:07', 0, 87, 'LAWYER', 87, 'LAWYER', 'You have accepted milestone <a href="http://reachlawyer.com/Lawyer/ViewMilestone.php?MilestoneId=94">MS2</a> of case <a href="http://reachlawyer.com/CaseDetail.php?caseid=111">Test a case for CAD</a>', 0),
(665, '2011-03-17 15:10:31', 0, 67, 'CLIENT', 101, 'LAWYER', 'Client <a href="http://reachlawyer.com/Client/ClientAccount.php?clientid=67">Ritu Client</a> created milestone <a href="http://reachlawyer.com/Lawyer/ViewMilestone.php?MilestoneId=95">MS3</a> of case <a href="http://reachlawyer.com/CaseDetail.php?caseid=111">Test a case for CAD</a>', 0),
(666, '2011-03-17 15:10:31', 0, 67, 'CLIENT', 67, 'CLIENT', 'You have created milestone <a href="http://reachlawyer.com/Client/ViewMilestone.php?MilestoneId=95">MS3</a> of case <a href="http://reachlawyer.com/CaseDetail.php?caseid=111">Test a case for CAD</a>', 0),
(667, '2011-03-17 15:16:38', 0, 87, 'LAWYER', 67, 'CLIENT', 'Lawyer <a href="http://reachlawyer.com/LawyerDetail.php?lawyerid=87">Lucas Law</a> accepted milestone <a href="http://reachlawyer.com/Client/ViewMilestone.php?MilestoneId=95">MS3</a> of case <a href="http://reachlawyer.com/CaseDetail.php?caseid=111">Test a case for CAD</a>', 0),
(668, '2011-03-17 15:16:38', 0, 87, 'LAWYER', 87, 'LAWYER', 'You have accepted milestone <a href="http://reachlawyer.com/Lawyer/ViewMilestone.php?MilestoneId=95">MS3</a> of case <a href="http://reachlawyer.com/CaseDetail.php?caseid=111">Test a case for CAD</a>', 0),
(669, '2011-03-17 15:18:16', 0, 101, 'LAWYER', 67, 'CLIENT', 'You have a <a href="http://reachlawyer.com/Client/ConfirmReleaseRequest.php?MilestoneId=93">Release Request</a> from <a href="http://reachlawyer.com/LawyerDetail.php?lawyerid=101">Ritu Lawyer</a> for Case <a href="http://reachlawyer.com/CaseDetail.php?caseid=111">Test a case for CAD</a>, Milestone <a href="http://reachlawyer.com/Client/ClientMilestone.php?MilestoneId=93">MS1</a>.', 0),
(670, '2011-03-17 15:18:17', 0, 101, 'LAWYER', 101, 'LAWYER', 'You have made a <a href="http://reachlawyer.com/Client/ConfirmReleaseRequest.php?MilestoneId=93">Release Request</a> to <a href="http://reachlawyer.com/ClientDetail.php?clientid=67">Ritu Client</a> for Case <a href="http://reachlawyer.com/CaseDetail.php?caseid=111">Test a case for CAD</a>, Milestone <a href="http://reachlawyer.com/Client/ClientMilestone.php?MilestoneId=93">MS1</a>.', 0),
(671, '2011-03-17 15:19:42', 0, 67, 'CLIENT', 101, 'LAWYER', 'Your Release Request for the milestone MS1 for the case <a href="http://reachlawyer.com/CaseDetail.php?caseid=111">Test a case for CAD</a> has been confirmed. An amount of US $11.20 has been added to your account.', 0),
(672, '2011-03-17 15:19:42', 0, 67, 'CLIENT', 67, 'CLIENT', 'The Release Request for the milestone MS1 for the case <a href="http://reachlawyer.com/CaseDetail.php?caseid=111">Test a case for CAD</a> is confirmed by you. An amount of US $11.20 has been sent to your lawyer <a href="http://reachlawyer.com/LawyerDetail.php?lawyerid=101">Ritu Lawyer</a>.', 0),
(673, '2011-03-17 15:19:42', 0, 67, 'CLIENT', 0, 'ADMIN', 'The Release Request for the milestone MS1 for the case <a href="http://reachlawyer.com/CaseDetail.php?caseid=111">Test a case for CAD</a> has been confirmed.', 0),
(674, '2011-03-17 16:31:48', 0, 101, 'LAWYER', 67, 'CLIENT', 'You have a <a href="http://reachlawyer.com/Client/ConfirmReleaseRequest.php?MilestoneId=95">Release Request</a> from <a href="http://reachlawyer.com/LawyerDetail.php?lawyerid=101">Ritu Lawyer</a> for Case <a href="http://reachlawyer.com/CaseDetail.php?caseid=111">Test a case for CAD</a>, Milestone <a href="http://reachlawyer.com/Client/ClientMilestone.php?MilestoneId=95">MS3</a>.', 0),
(675, '2011-03-17 16:31:48', 0, 101, 'LAWYER', 101, 'LAWYER', 'You have made a <a href="http://reachlawyer.com/Client/ConfirmReleaseRequest.php?MilestoneId=95">Release Request</a> to <a href="http://reachlawyer.com/ClientDetail.php?clientid=67">Ritu Client</a> for Case <a href="http://reachlawyer.com/CaseDetail.php?caseid=111">Test a case for CAD</a>, Milestone <a href="http://reachlawyer.com/Client/ClientMilestone.php?MilestoneId=95">MS3</a>.', 0),
(676, '2011-03-17 17:01:28', 0, 101, 'LAWYER', 67, 'CLIENT', 'You have a <a href="http://reachlawyer.com/Client/ListReleaseRequest.php">Release Request</a> from <a href="http://reachlawyer.com/LawyerDetail.php?lawyerid=101">Ritu Lawyer</a> for Case <a href="http://reachlawyer.com/CaseDetail.php?caseid=111">Test a case for CAD</a>, Milestone <a href="http://reachlawyer.com/Client/ClientMilestone.php?MilestoneId=95">MS3</a>.', 0),
(677, '2011-03-17 17:01:28', 0, 101, 'LAWYER', 101, 'LAWYER', 'You have made a <font color="red">Release Request</font> to <a href="http://reachlawyer.com/ClientDetail.php?clientid=67">Ritu Client</a> for Case <a href="http://reachlawyer.com/CaseDetail.php?caseid=111">Test a case for CAD</a>, Milestone <a href="http://reachlawyer.com/Client/ClientMilestone.php?MilestoneId=95">MS3</a>.', 0),
(678, '2011-03-17 18:29:20', 0, 101, 'LAWYER', 67, 'CLIENT', 'You have a <a href="http://reachlawyer.com/Client/ListReleaseRequest.php">Release Request</a> from <a href="http://reachlawyer.com/LawyerDetail.php?lawyerid=101">Ritu Lawyer</a> for Case <a href="http://reachlawyer.com/CaseDetail.php?caseid=111">Test a case for CAD</a>, Milestone <a href="http://reachlawyer.com/Client/ClientMilestone.php?MilestoneId=94">MS2</a>.', 0),
(679, '2011-03-17 18:29:21', 0, 101, 'LAWYER', 101, 'LAWYER', 'You have made a <font color="red">Release Request</font> to <a href="http://reachlawyer.com/ClientDetail.php?clientid=67">Ritu Client</a> for Case <a href="http://reachlawyer.com/CaseDetail.php?caseid=111">Test a case for CAD</a>, Milestone <a href="http://reachlawyer.com/Client/ClientMilestone.php?MilestoneId=94">MS2</a>.', 0),
(680, '2011-03-17 18:30:58', 0, 101, 'LAWYER', 67, 'CLIENT', 'You have a <a href="http://reachlawyer.com/Client/ListReleaseRequest.php">Release Request</a> from <a href="http://reachlawyer.com/LawyerDetail.php?lawyerid=101">Ritu Lawyer</a> for Case <a href="http://reachlawyer.com/CaseDetail.php?caseid=111">Test a case for CAD</a>, Milestone <a href="http://reachlawyer.com/Client/ClientMilestone.php?MilestoneId=94">MS2</a>.', 0),
(681, '2011-03-17 18:30:59', 0, 101, 'LAWYER', 101, 'LAWYER', 'You have made a <font color="red">Release Request</font> to <a href="http://reachlawyer.com/ClientDetail.php?clientid=67">Ritu Client</a> for Case <a href="http://reachlawyer.com/CaseDetail.php?caseid=111">Test a case for CAD</a>, Milestone <a href="http://reachlawyer.com/Client/ClientMilestone.php?MilestoneId=94">MS2</a>.', 0),
(682, '2011-03-17 18:44:10', 0, 67, 'CLIENT', 101, 'LAWYER', 'Client <a href="http://reachlawyer.com/Client/ClientAccount.php?clientid=67">Ritu Client</a> created milestone <a href="http://reachlawyer.com/Lawyer/ViewMilestone.php?MilestoneId=96">MS4</a> of case <a href="http://reachlawyer.com/CaseDetail.php?caseid=111">Test a case for CAD</a>', 0),
(683, '2011-03-17 18:44:10', 0, 67, 'CLIENT', 67, 'CLIENT', 'You have created milestone <a href="http://reachlawyer.com/Client/ViewMilestone.php?MilestoneId=96">MS4</a> of case <a href="http://reachlawyer.com/CaseDetail.php?caseid=111">Test a case for CAD</a>', 0),
(684, '2011-03-17 18:58:30', 0, 87, 'LAWYER', 67, 'CLIENT', 'Lawyer <a href="http://reachlawyer.com/LawyerDetail.php?lawyerid=87">Lucas Law</a> accepted milestone <a href="http://reachlawyer.com/Client/ViewMilestone.php?MilestoneId=96">MS4</a> of case <a href="http://reachlawyer.com/CaseDetail.php?caseid=111">Test a case for CAD</a>', 0),
(685, '2011-03-17 18:58:30', 0, 87, 'LAWYER', 87, 'LAWYER', 'You have accepted milestone <a href="http://reachlawyer.com/Lawyer/ViewMilestone.php?MilestoneId=96">MS4</a> of case <a href="http://reachlawyer.com/CaseDetail.php?caseid=111">Test a case for CAD</a>', 0),
(686, '2011-03-17 19:05:52', 0, 0, 'ADMIN', 67, 'CLIENT', 'You have escrowed an amount of USD 20.2 for the case <a href=http://reachlawyer.com/CaseDetail.php?caseid=111>Test a case for CAD</a>', 0),
(687, '2011-03-23 12:30:47', 0, 67, 'CLIENT', 67, 'CLIENT', 'You have posted a new case <a href="http://reachlawyer.com/new/CaseDetail.php?caseid=112">TrialCase1</a>', 0),
(688, '2011-03-23 12:46:17', 0, 67, 'CLIENT', 67, 'CLIENT', 'You have posted a new case <a href="http://reachlawyer.com/new/CaseDetail.php?caseid=113">TrialCase2</a>', 0),
(689, '2011-03-23 12:51:48', 0, 67, 'CLIENT', 67, 'CLIENT', 'You have invited lawyer <a href="http://reachlawyer.com/new/LawyerDetail.php?lawyerid=62">Sharon Addison</a> to bid on case <a href="http://reachlawyer.com/new/CaseDetail.php?caseid=112">TrialCase1</a>', 0),
(690, '2011-03-23 12:51:48', 0, 67, 'CLIENT', 62, 'LAWYER', 'You have been invited by <a href="http://reachlawyer.com/new/Client/ClientAccount.php?clientid=67">Ritu Client</a> to bid on the case <a href="http://reachlawyer.com/new/CaseDetail.php?caseid=112">TrialCase1</a>.', 0),
(691, '2011-03-23 12:52:54', 0, 67, 'CLIENT', 67, 'CLIENT', 'You have invited lawyer <a href="http://reachlawyer.com/new/LawyerDetail.php?lawyerid=62">Sharon Addison</a> to bid on case <a href="http://reachlawyer.com/new/CaseDetail.php?caseid=112">TrialCase1</a>', 0),
(692, '2011-03-23 12:52:54', 0, 67, 'CLIENT', 62, 'LAWYER', 'You have been invited by <a href="http://reachlawyer.com/new/Client/ClientAccount.php?clientid=67">Ritu Client</a> to bid on the case <a href="http://reachlawyer.com/new/CaseDetail.php?caseid=112">TrialCase1</a>.', 0),
(693, '2011-03-23 12:53:03', 0, 67, 'CLIENT', 67, 'CLIENT', 'You have invited lawyer <a href="http://reachlawyer.com/new/LawyerDetail.php?lawyerid=101">Ritu Lawyer</a> to bid on case <a href="http://reachlawyer.com/new/CaseDetail.php?caseid=112">TrialCase1</a>', 0),
(694, '2011-03-23 12:53:03', 0, 67, 'CLIENT', 101, 'LAWYER', 'You have been invited by <a href="http://reachlawyer.com/new/Client/ClientAccount.php?clientid=67">Ritu Client</a> to bid on the case <a href="http://reachlawyer.com/new/CaseDetail.php?caseid=112">TrialCase1</a>.', 0),
(695, '2011-03-23 17:10:50', 0, 66, 'CLIENT', 66, 'CLIENT', 'You have posted a new case <a href="http://reachlawyer.com/new/CaseDetail.php?caseid=114">I will sue developers if project does not end by Friday</a>', 0),
(696, '2011-03-23 17:21:33', 0, 66, 'CLIENT', 66, 'CLIENT', 'You have invited lawyer <a href="http://reachlawyer.com/new/LawyerDetail.php?lawyerid=99">Jal Law</a> to bid on case <a href="http://reachlawyer.com/new/CaseDetail.php?caseid=114">I will sue developers if project does not end by Friday</a>', 0),
(697, '2011-03-23 17:21:33', 0, 66, 'CLIENT', 99, 'LAWYER', 'You have been invited by <a href="http://reachlawyer.com/new/Client/ClientAccount.php?clientid=66">Jayanta Karmakar</a> to bid on the case <a href="http://reachlawyer.com/new/CaseDetail.php?caseid=114">I will sue developers if project does not end by Friday</a>.', 0),
(698, '2011-03-23 19:15:28', 0, 66, 'CLIENT', 66, 'CLIENT', 'You have invited lawyer <a href="http://reachlawyer.com/new/LawyerDetail.php?lawyerid=99">Jal Law</a> to bid on case <a href="http://reachlawyer.com/new/CaseDetail.php?caseid=114">I will sue developers if project does not end by Friday</a>', 0),
(699, '2011-03-23 19:15:28', 0, 66, 'CLIENT', 99, 'LAWYER', 'You have been invited by <a href="http://reachlawyer.com/new/Client/ClientAccount.php?clientid=66">Jayanta Karmakar</a> to bid on the case <a href="http://reachlawyer.com/new/CaseDetail.php?caseid=114">I will sue developers if project does not end by Friday</a>.', 0),
(700, '2011-03-23 19:58:46', 0, 15, 'CLIENT', 15, 'CLIENT', 'You have invited lawyer <a href="http://reachlawyer.com/new/LawyerDetail.php?lawyerid=62">Sharon Addison</a> to bid on case <a href="http://reachlawyer.com/new/CaseDetail.php?caseid=108">DED</a>', 0),
(701, '2011-03-23 19:58:46', 0, 15, 'CLIENT', 62, 'LAWYER', 'You have been invited by <a href="http://reachlawyer.com/new/Client/ClientAccount.php?clientid=15">daniel1 islam1</a> to bid on the case <a href="http://reachlawyer.com/new/CaseDetail.php?caseid=108">DED</a>.', 0),
(702, '2011-03-23 20:03:01', 0, 15, 'CLIENT', 15, 'CLIENT', 'You have invited lawyer <a href="http://reachlawyer.com/new/LawyerDetail.php?lawyerid=62">Sharon Addison</a> to bid on case <a href="http://reachlawyer.com/new/CaseDetail.php?caseid=106">FirstCADcase1</a>', 0),
(703, '2011-03-23 20:03:01', 0, 15, 'CLIENT', 62, 'LAWYER', 'You have been invited by <a href="http://reachlawyer.com/new/Client/ClientAccount.php?clientid=15">daniel1 islam1</a> to bid on the case <a href="http://reachlawyer.com/new/CaseDetail.php?caseid=106">FirstCADcase1</a>.', 0),
(704, '2011-03-23 20:13:06', 0, 99, 'LAWYER', 66, 'CLIENT', 'You have a <a href="http://reachlawyer.com/Client/SelectLawyer.php?caseid=114">New Bid</a> from <a href="http://reachlawyer.com/LawyerDetail.php?lawyerid=99">Jal Law</a> for the Case <a href="http://reachlawyer.com/CaseDetail.php?caseid=114">I will sue developers if project does not end by Friday</a>', 0),
(705, '2011-03-23 20:18:11', 0, 66, 'CLIENT', 66, 'CLIENT', 'You have invited lawyer <a href="http://reachlawyer.com/new/LawyerDetail.php?lawyerid=99">Jal Law</a> to bid on case <a href="http://reachlawyer.com/new/CaseDetail.php?caseid=114">I will sue developers if project does not end by Friday</a>', 0),
(706, '2011-03-23 20:18:12', 0, 66, 'CLIENT', 99, 'LAWYER', 'You have been invited by <a href="http://reachlawyer.com/new/Client/ClientAccount.php?clientid=66">Jayanta Karmakar</a> to bid on the case <a href="http://reachlawyer.com/new/CaseDetail.php?caseid=114">I will sue developers if project does not end by Friday</a>.', 0),
(707, '2011-03-23 20:20:35', 0, 66, 'CLIENT', 99, 'LAWYER', 'The case <a href="http://reachlawyer.com/new/CaseDetail.php?caseid=114">I will sue developers if project does not end by Friday</a> has been awarded to you by <a href="http://reachlawyer.com/new/ClientDetail.php?clientid=66">Jayanta Karmakar</a>.', 0),
(708, '2011-03-23 20:21:10', 0, 99, 'LAWYER', 66, 'CLIENT', 'Lawyer <a href="http://reachlawyer.com/new/LawyerDetail.php?lawyerid=99">Jal Law</a> has accepted your case <a href="http://reachlawyer.com/new/CaseDetail.php?caseid=114">I will sue developers if project does not end by Friday</a>', 0),
(709, '2011-03-23 20:21:10', 0, 99, 'LAWYER', 99, 'LAWYER', 'You have accepted case <a href="http://reachlawyer.com/new/CaseDetail.php?caseid=114">I will sue developers if project does not end by Friday</a> from <a href="http://reachlawyer.com/new/ClientDetail.php?clientid=66">Jayanta Karmakar</a>', 0),
(710, '2011-03-24 15:57:48', 0, 67, 'CLIENT', 67, 'CLIENT', 'You have posted a new case <a href="http://reachlawyer.com/new/CaseDetail.php?caseid=115">TrialCaseRD</a>', 0),
(711, '2011-03-24 16:40:54', 0, 67, 'CLIENT', 67, 'CLIENT', 'You have invited lawyer <a href="http://reachlawyer.com/new/LawyerDetail.php?lawyerid=62">Sharon Addison</a> to bid on case <a href="http://reachlawyer.com/new/CaseDetail.php?caseid=110">A test case to check currency</a>', 0),
(712, '2011-03-24 16:40:54', 0, 67, 'CLIENT', 62, 'LAWYER', 'You have been invited by <a href="http://reachlawyer.com/new/Client/ClientAccount.php?clientid=67">Ritu Client</a> to bid on the case <a href="http://reachlawyer.com/new/CaseDetail.php?caseid=110">A test case to check currency</a>.', 0),
(713, '2011-03-24 17:02:00', 0, 67, 'CLIENT', 94, 'LAWYER', 'You have been invited by <a href="http://reachlawyer.com/new/Client/ClientAccount.php?clientid=67">Ritu Client</a> to bid on the case <a href="http://reachlawyer.com/new/CaseDetail.php?caseid=112">TrialCase1</a>.', 0),
(714, '2011-03-24 17:03:45', 0, 67, 'CLIENT', 67, 'CLIENT', 'You have invited lawyer <a href="http://reachlawyer.com/new/LawyerDetail.php?lawyerid=101">Ritu Lawyer</a> to bid on case <a href="http://reachlawyer.com/new/CaseDetail.php?caseid=115">TrialCaseRD</a>', 0),
(715, '2011-03-24 17:03:45', 0, 67, 'CLIENT', 101, 'LAWYER', 'You have been invited by <a href="http://reachlawyer.com/new/Client/ClientAccount.php?clientid=67">Ritu Client</a> to bid on the case <a href="http://reachlawyer.com/new/CaseDetail.php?caseid=115">TrialCaseRD</a>.', 0),
(716, '2011-03-24 17:07:53', 0, 101, 'LAWYER', 67, 'CLIENT', 'You have a <a href="http://reachlawyer.com/new/Client/SelectLawyer.php?caseid=115">New Bid</a> from <a href="http://reachlawyer.com/new/LawyerDetail.php?lawyerid=101">Ritu Lawyer</a> for the Case <a href="http://reachlawyer.com/new/CaseDetail.php?caseid=115">TrialCaseRD</a>', 0),
(717, '2011-03-24 17:46:33', 0, 101, 'LAWYER', 67, 'CLIENT', 'You have a <a href="http://reachlawyer.com/new/Client/SelectLawyer.php?caseid=112">New Bid</a> from <a href="http://reachlawyer.com/new/LawyerDetail.php?lawyerid=101">Ritu Lawyer</a> for the Case <a href="http://reachlawyer.com/new/CaseDetail.php?caseid=112">TrialCase1</a>', 0),
(718, '2011-03-24 18:33:31', 0, 67, 'CLIENT', 101, 'LAWYER', 'The case <a href="http://reachlawyer.com/new/CaseDetail.php?caseid=112">TrialCase1</a> has been awarded to you by <a href="http://reachlawyer.com/new/ClientDetail.php?clientid=67">Ritu Client</a>.', 0),
(719, '2011-03-24 18:40:47', 0, 101, 'LAWYER', 67, 'CLIENT', 'Lawyer <a href="http://reachlawyer.com/new/LawyerDetail.php?lawyerid=101">Ritu Lawyer</a> has accepted your case <a href="http://reachlawyer.com/new/CaseDetail.php?caseid=112">TrialCase1</a>', 0),
(720, '2011-03-24 18:40:48', 0, 101, 'LAWYER', 101, 'LAWYER', 'You have accepted case <a href="http://reachlawyer.com/new/CaseDetail.php?caseid=112">TrialCase1</a> from <a href="http://reachlawyer.com/new/ClientDetail.php?clientid=67">Ritu Client</a>', 0),
(721, '2011-03-24 19:11:04', 0, 67, 'CLIENT', 101, 'LAWYER', 'The case <a href="http://reachlawyer.com/new/CaseDetail.php?caseid=115">TrialCaseRD</a> has been awarded to you by <a href="http://reachlawyer.com/new/ClientDetail.php?clientid=67">Ritu Client</a>.', 0),
(722, '2011-03-24 19:11:24', 0, 101, 'LAWYER', 67, 'CLIENT', 'Lawyer <a href="http://reachlawyer.com/new/LawyerDetail.php?lawyerid=101">Ritu Lawyer</a> has accepted your case <a href="http://reachlawyer.com/new/CaseDetail.php?caseid=115">TrialCaseRD</a>', 0),
(723, '2011-03-24 19:11:24', 0, 101, 'LAWYER', 101, 'LAWYER', 'You have accepted case <a href="http://reachlawyer.com/new/CaseDetail.php?caseid=115">TrialCaseRD</a> from <a href="http://reachlawyer.com/new/ClientDetail.php?clientid=67">Ritu Client</a>', 0),
(724, '2011-03-24 19:20:26', 0, 0, 'ADMIN', 67, 'CLIENT', 'You have escrowed an amount of USD 102 for the case <a href=http://reachlawyer.com/new/CaseDetail.php?caseid=115>TrialCaseRD</a>', 0),
(725, '2011-03-24 20:06:07', 0, 67, 'CLIENT', 101, 'LAWYER', 'Client <a href="http://reachlawyer.com/new/Client/ClientAccount.php?clientid=67">Ritu Client</a> created milestone <a href="http://reachlawyer.com/new/Lawyer/ViewMilestone.php?MilestoneId=97">MS1</a> of case <a href="http://reachlawyer.com/new/CaseDetail.php?caseid=115">TrialCaseRD</a>', 0),
(726, '2011-03-24 20:06:07', 0, 67, 'CLIENT', 67, 'CLIENT', 'You have created milestone <a href="http://reachlawyer.com/new/Client/ViewMilestone.php?MilestoneId=97">MS1</a> of case <a href="http://reachlawyer.com/new/CaseDetail.php?caseid=115">TrialCaseRD</a>', 0),
(727, '2011-03-24 20:17:10', 0, 87, 'LAWYER', 67, 'CLIENT', 'Lawyer <a href="http://reachlawyer.com/new/LawyerDetail.php?lawyerid=87">Lucas Law</a> accepted milestone <a href="http://reachlawyer.com/new/Lawyer/ViewMilestone.php?MilestoneId=97">MS1</a> of case <a href="http://reachlawyer.com/new/CaseDetail.php?caseid=115">TrialCaseRD</a>', 0),
(728, '2011-03-24 20:17:10', 0, 87, 'LAWYER', 87, 'LAWYER', 'You have accepted milestone <a href="http://reachlawyer.com/new/Lawyer/ViewMilestone.php?MilestoneId=97">MS1</a> of case <a href="http://reachlawyer.com/new/CaseDetail.php?caseid=115">TrialCaseRD</a>', 0),
(729, '2011-03-24 20:34:29', 0, 101, 'LAWYER', 67, 'CLIENT', 'Lawyer <a href="http://reachlawyer.com/new/LawyerDetail.php?lawyerid=101">Ritu Lawyer</a> created milestone <a href="http://reachlawyer.com/new/Lawyer/ViewMilestone.php?MilestoneId=98">MS2</a> of case <a href="http://reachlawyer.com/new/CaseDetail.php?caseid=115">TrialCaseRD</a>', 0),
(730, '2011-03-24 20:34:30', 0, 101, 'LAWYER', 101, 'LAWYER', 'You have created milestone <a href="http://reachlawyer.com/new/Lawyer/ViewMilestone.php?MilestoneId=98">MS2</a> of case <a href="http://reachlawyer.com/new/CaseDetail.php?caseid=115">TrialCaseRD</a>', 0),
(731, '2011-03-24 20:37:02', 0, 67, 'CLIENT', 87, 'LAWYER', 'Client <a href="http://reachlawyer.com/new/ClientDetail.php?clientid=67">Ritu Client</a> accepted milestone <a href="http://reachlawyer.com/new/Client/ViewMilestone.php?MilestoneId=98">MS2</a> of case <a href="http://reachlawyer.com/new/CaseDetail.php?caseid=115">TrialCaseRD</a>', 0),
(732, '2011-03-24 20:37:03', 0, 67, 'CLIENT', 67, 'CLIENT', 'You have accepted milestone <a href="http://reachlawyer.com/new/Client/ViewMilestone.php?MilestoneId=98">MS2</a> of case <a href="http://reachlawyer.com/new/CaseDetail.php?caseid=115">TrialCaseRD</a>', 0),
(733, '2011-03-24 20:39:08', 0, 67, 'CLIENT', 67, 'CLIENT', 'You have released an amount of $11.54 to lawyer <a href="http://reachlawyer.com/new/LawyerDetail.php?lawyerid=">Ritu Lawyer</a> for milestone <a href="http://reachlawyer.com/new/Client/ViewMilestone.php?caseid=115&MilestoneId=97">MS1</a> of case <a href="http://reachlawyer.com/new/CaseDetail.php?caseid=115">TrialCaseRD</a>', 0),
(734, '2011-03-24 20:45:11', 0, 101, 'LAWYER', 67, 'CLIENT', 'You have a <a href="http://reachlawyer.com/new/Client/ListReleaseRequest.php">Release Request</a> from <a href="http://reachlawyer.com/new/LawyerDetail.php?lawyerid=101">Ritu Lawyer</a> for Case <a href="http://reachlawyer.com/new/CaseDetail.php?caseid=115">TrialCaseRD</a>, Milestone <a href="http://reachlawyer.com/new/Client/ClientMilestone.php?MilestoneId=98">MS2</a>.', 0),
(735, '2011-03-24 20:45:12', 0, 101, 'LAWYER', 101, 'LAWYER', 'You have made a <font color="red">Release Request</font> to <a href="http://reachlawyer.com/new/ClientDetail.php?clientid=67">Ritu Client</a> for Case <a href="http://reachlawyer.com/new/CaseDetail.php?caseid=115">TrialCaseRD</a>, Milestone <a href="http://reachlawyer.com/new/Client/ClientMilestone.php?MilestoneId=98">MS2</a>.', 0),
(736, '2011-03-24 20:46:03', 0, 67, 'CLIENT', 101, 'LAWYER', 'Client <a href="http://reachlawyer.com/new/Client/ClientAccount.php?clientid=67">Ritu Client</a> created milestone <a href="http://reachlawyer.com/new/Lawyer/ViewMilestone.php?MilestoneId=99">MS3</a> of case <a href="http://reachlawyer.com/new/CaseDetail.php?caseid=115">TrialCaseRD</a>', 0),
(737, '2011-03-24 20:46:03', 0, 67, 'CLIENT', 67, 'CLIENT', 'You have created milestone <a href="http://reachlawyer.com/new/Client/ViewMilestone.php?MilestoneId=99">MS3</a> of case <a href="http://reachlawyer.com/new/CaseDetail.php?caseid=115">TrialCaseRD</a>', 0),
(738, '2011-03-24 20:46:41', 0, 87, 'LAWYER', 67, 'CLIENT', 'Lawyer <a href="http://reachlawyer.com/new/LawyerDetail.php?lawyerid=87">Lucas Law</a> accepted milestone <a href="http://reachlawyer.com/new/Lawyer/ViewMilestone.php?MilestoneId=99">MS3</a> of case <a href="http://reachlawyer.com/new/CaseDetail.php?caseid=115">TrialCaseRD</a>', 0);
INSERT INTO `lm_notification_tbl` (`NotificationId`, `DateCreated`, `NotificationType`, `NotificationFrom`, `NotificationFromType`, `NotificationTo`, `NotificationToType`, `NotificationText`, `HideNotification`) VALUES
(739, '2011-03-24 20:46:41', 0, 87, 'LAWYER', 87, 'LAWYER', 'You have accepted milestone <a href="http://reachlawyer.com/new/Lawyer/ViewMilestone.php?MilestoneId=99">MS3</a> of case <a href="http://reachlawyer.com/new/CaseDetail.php?caseid=115">TrialCaseRD</a>', 0),
(740, '2011-03-24 20:52:28', 0, 67, 'CLIENT', 101, 'LAWYER', 'Your Release Request for the milestone MS2 for the case <a href="http://reachlawyer.com/new/CaseDetail.php?caseid=115">TrialCaseRD</a> has been confirmed. An amount of US $5.77 has been added to your account.', 0),
(741, '2011-03-24 20:52:28', 0, 67, 'CLIENT', 67, 'CLIENT', 'The Release Request for the milestone MS2 for the case <a href="http://reachlawyer.com/new/CaseDetail.php?caseid=115">TrialCaseRD</a> is confirmed by you. An amount of US $5.77 has been sent to your lawyer <a href="http://reachlawyer.com/new/LawyerDetail.php?lawyerid=101">Ritu Lawyer</a>.', 0),
(742, '2011-03-24 20:52:28', 0, 67, 'CLIENT', 0, 'ADMIN', 'The Release Request for the milestone MS2 for the case <a href="http://reachlawyer.com/new/CaseDetail.php?caseid=115">TrialCaseRD</a> has been confirmed.', 0),
(743, '2011-03-28 19:48:59', 0, 62, 'LAWYER', 15, 'CLIENT', 'You have a <a href="http://reachlawyer.com/new/Client/SelectLawyer.php?caseid=106">New Bid</a> from <a href="http://reachlawyer.com/new/LawyerDetail.php?lawyerid=62">Sharon Addison</a> for the Case <a href="http://reachlawyer.com/new/CaseDetail.php?caseid=106">FirstCADcase1</a>', 0),
(744, '2011-03-28 19:49:52', 0, 15, 'CLIENT', 62, 'LAWYER', 'The case <a href="http://reachlawyer.com/new/CaseDetail.php?caseid=106">FirstCADcase1</a> has been awarded to you by <a href="http://reachlawyer.com/new/ClientDetail.php?clientid=15">daniel1 islam1</a>.', 0),
(745, '2011-03-28 19:50:22', 0, 62, 'LAWYER', 15, 'CLIENT', 'Lawyer <a href="http://reachlawyer.com/new/LawyerDetail.php?lawyerid=62">Sharon Addison</a> has accepted your case <a href="http://reachlawyer.com/new/CaseDetail.php?caseid=106">FirstCADcase1</a>', 0),
(746, '2011-03-28 19:50:22', 0, 62, 'LAWYER', 62, 'LAWYER', 'You have accepted case <a href="http://reachlawyer.com/new/CaseDetail.php?caseid=106">FirstCADcase1</a> from <a href="http://reachlawyer.com/new/ClientDetail.php?clientid=15">daniel1 islam1</a>', 0),
(747, '2011-03-28 20:01:36', 0, 15, 'CLIENT', 15, 'CLIENT', 'You have posted a new case <a href="http://reachlawyer.com/new/CaseDetail.php?caseid=116">Test case bid</a>', 0),
(748, '2011-03-28 20:01:54', 0, 15, 'CLIENT', 15, 'CLIENT', 'You have invited lawyer <a href="http://reachlawyer.com/new/LawyerDetail.php?lawyerid=62">Sharon Addison</a> to bid on case <a href="http://reachlawyer.com/new/CaseDetail.php?caseid=116">Test case bid</a>', 0),
(749, '2011-03-28 20:01:54', 0, 15, 'CLIENT', 62, 'LAWYER', 'You have been invited by <a href="http://reachlawyer.com/new/Client/ClientAccount.php?clientid=15">daniel1 islam1</a> to bid on the case <a href="http://reachlawyer.com/new/CaseDetail.php?caseid=116">Test case bid</a>.', 0),
(750, '2011-03-28 20:02:57', 0, 62, 'LAWYER', 15, 'CLIENT', 'You have a <a href="http://reachlawyer.com/new/Client/SelectLawyer.php?caseid=116">New Bid</a> from <a href="http://reachlawyer.com/new/LawyerDetail.php?lawyerid=62">Sharon Addison</a> for the Case <a href="http://reachlawyer.com/new/CaseDetail.php?caseid=116">Test case bid</a>', 0),
(751, '2011-03-28 20:03:26', 0, 15, 'CLIENT', 62, 'LAWYER', 'The case <a href="http://reachlawyer.com/new/CaseDetail.php?caseid=116">Test case bid</a> has been awarded to you by <a href="http://reachlawyer.com/new/ClientDetail.php?clientid=15">daniel1 islam1</a>.', 0),
(752, '2011-03-28 20:03:45', 0, 62, 'LAWYER', 15, 'CLIENT', 'Lawyer <a href="http://reachlawyer.com/new/LawyerDetail.php?lawyerid=62">Sharon Addison</a> has accepted your case <a href="http://reachlawyer.com/new/CaseDetail.php?caseid=116">Test case bid</a>', 0),
(753, '2011-03-28 20:03:45', 0, 62, 'LAWYER', 62, 'LAWYER', 'You have accepted case <a href="http://reachlawyer.com/new/CaseDetail.php?caseid=116">Test case bid</a> from <a href="http://reachlawyer.com/new/ClientDetail.php?clientid=15">daniel1 islam1</a>', 0),
(754, '2011-03-29 19:50:47', 0, 68, 'CLIENT', 68, 'CLIENT', 'You have posted a new case <a href="http://reachlawyer.com/new/CaseDetail.php?caseid=117">Somebody tried to hack my facebook account: cybercrime</a>', 0),
(755, '2011-03-29 19:58:41', 0, 68, 'CLIENT', 68, 'CLIENT', 'You have invited lawyer <a href="http://reachlawyer.com/new/LawyerDetail.php?lawyerid=99">Jal Law</a> to bid on case <a href="http://reachlawyer.com/new/CaseDetail.php?caseid=117">Somebody tried to hack my facebook account: cybercrime</a>', 0),
(756, '2011-03-29 19:58:41', 0, 68, 'CLIENT', 99, 'LAWYER', 'You have been invited by <a href="http://reachlawyer.com/new/Client/ClientAccount.php?clientid=68">Jay Garay</a> to bid on the case <a href="http://reachlawyer.com/new/CaseDetail.php?caseid=117">Somebody tried to hack my facebook account: cybercrime</a>.', 0),
(757, '2011-03-29 19:58:59', 0, 68, 'CLIENT', 68, 'CLIENT', 'You have invited lawyer <a href="http://reachlawyer.com/new/LawyerDetail.php?lawyerid=80">John Carla</a> to bid on case <a href="http://reachlawyer.com/new/CaseDetail.php?caseid=117">Somebody tried to hack my facebook account: cybercrime</a>', 0),
(758, '2011-03-29 19:58:59', 0, 68, 'CLIENT', 80, 'LAWYER', 'You have been invited by <a href="http://reachlawyer.com/new/Client/ClientAccount.php?clientid=68">Jay Garay</a> to bid on the case <a href="http://reachlawyer.com/new/CaseDetail.php?caseid=117">Somebody tried to hack my facebook account: cybercrime</a>.', 0),
(759, '2011-03-29 20:15:18', 0, 99, 'LAWYER', 68, 'CLIENT', 'You have a <a href="http://reachlawyer.com/new/Client/SelectLawyer.php?caseid=117">New Bid</a> from <a href="http://reachlawyer.com/new/LawyerDetail.php?lawyerid=99">Jal Law</a> for the Case <a href="http://reachlawyer.com/new/CaseDetail.php?caseid=117">Somebody tried to hack my facebook account: cybercrime</a>', 0),
(760, '2011-03-29 20:25:03', 0, 68, 'CLIENT', 99, 'LAWYER', 'The case <a href="http://reachlawyer.com/new/CaseDetail.php?caseid=117">Somebody tried to hack my facebook account: cybercrime</a> has been awarded to you by <a href="http://reachlawyer.com/new/ClientDetail.php?clientid=68">Jay Garay</a>.', 0),
(761, '2011-03-29 20:28:52', 0, 99, 'LAWYER', 68, 'CLIENT', 'Lawyer <a href="http://reachlawyer.com/new/LawyerDetail.php?lawyerid=99">Jal Law</a> has accepted your case <a href="http://reachlawyer.com/new/CaseDetail.php?caseid=117">Somebody tried to hack my facebook account: cybercrime</a>', 0),
(762, '2011-03-29 20:28:52', 0, 99, 'LAWYER', 99, 'LAWYER', 'You have accepted case <a href="http://reachlawyer.com/new/CaseDetail.php?caseid=117">Somebody tried to hack my facebook account: cybercrime</a> from <a href="http://reachlawyer.com/new/ClientDetail.php?clientid=68">Jay Garay</a>', 0),
(763, '2011-03-30 11:11:43', 0, 15, 'CLIENT', 15, 'CLIENT', 'You have invited lawyer <a href="http://reachlawyer.com/new/LawyerDetail.php?lawyerid=101">Ritu Lawyer</a> to bid on case <a href="http://reachlawyer.com/new/CaseDetail.php?caseid=108">DED</a>', 0),
(764, '2011-03-30 11:11:43', 0, 15, 'CLIENT', 101, 'LAWYER', 'You have been invited by <a href="http://reachlawyer.com/new/Client/ClientAccount.php?clientid=15">daniel1 islam1</a> to bid on the case <a href="http://reachlawyer.com/new/CaseDetail.php?caseid=108">DED</a>.', 0),
(765, '2011-03-31 13:21:56', 0, 15, 'CLIENT', 15, 'CLIENT', 'You have posted a new case <a href="http://reachlawyer.com/new/CaseDetail.php?caseid=118">CheckBalanceCAD1</a>', 0),
(766, '2011-03-31 13:22:38', 0, 15, 'CLIENT', 15, 'CLIENT', 'You have invited lawyer <a href="http://reachlawyer.com/new/LawyerDetail.php?lawyerid=62">Sharon Addison</a> to bid on case <a href="http://reachlawyer.com/new/CaseDetail.php?caseid=118">CheckBalanceCAD1</a>', 0),
(767, '2011-03-31 13:22:38', 0, 15, 'CLIENT', 62, 'LAWYER', 'You have been invited by <a href="http://reachlawyer.com/new/Client/ClientAccount.php?clientid=15">daniel1 islam1</a> to bid on the case <a href="http://reachlawyer.com/new/CaseDetail.php?caseid=118">CheckBalanceCAD1</a>.', 0),
(768, '2011-03-31 13:27:45', 0, 62, 'LAWYER', 15, 'CLIENT', 'You have a <a href="http://reachlawyer.com/new/Client/SelectLawyer.php?caseid=118">New Bid</a> from <a href="http://reachlawyer.com/new/LawyerDetail.php?lawyerid=62">Sharon Addison</a> for the Case <a href="http://reachlawyer.com/new/CaseDetail.php?caseid=118">CheckBalanceCAD1</a>', 0),
(769, '2011-03-31 13:33:01', 0, 15, 'CLIENT', 62, 'LAWYER', 'The case <a href="http://reachlawyer.com/new/CaseDetail.php?caseid=118">CheckBalanceCAD1</a> has been awarded to you by <a href="http://reachlawyer.com/new/ClientDetail.php?clientid=15">daniel1 islam1</a>.', 0),
(770, '2011-03-31 14:22:50', 0, 62, 'LAWYER', 15, 'CLIENT', 'Lawyer <a href="http://reachlawyer.com/new/LawyerDetail.php?lawyerid=62">Sharon Addison</a> has accepted your case <a href="http://reachlawyer.com/new/CaseDetail.php?caseid=118">CheckBalanceCAD1</a>', 0),
(771, '2011-03-31 14:22:50', 0, 62, 'LAWYER', 62, 'LAWYER', 'You have accepted case <a href="http://reachlawyer.com/new/CaseDetail.php?caseid=118">CheckBalanceCAD1</a> from <a href="http://reachlawyer.com/new/ClientDetail.php?clientid=15">daniel1 islam1</a>', 0),
(772, '2011-03-31 14:31:42', 0, 0, 'ADMIN', 15, 'CLIENT', 'You have escrowed an amount of USD 515 for the case <a href=http://reachlawyer.com/new/CaseDetail.php?caseid=118>CheckBalanceCAD1</a>', 0),
(773, '2011-03-31 15:44:46', 0, 69, 'CLIENT', 69, 'CLIENT', 'You have posted a new case <a href="http://reachlawyer.com/new/CaseDetail.php?caseid=119">I wanted to sue hackers</a>', 0),
(774, '2011-03-31 17:36:40', 0, 102, 'LAWYER', 102, 'LAWYER', 'You bought a subscription of 50 on 03/31/2011', 0),
(775, '2011-03-31 17:36:40', 0, 102, 'LAWYER', 0, 'ADMIN', 'Lawyer Ritu Lawyer bought a subscription of 50 on 03/31/2011', 0),
(776, '2011-03-31 17:36:44', 0, 102, 'LAWYER', 102, 'LAWYER', 'You bought a subscription of  on 03/31/2011', 0),
(777, '2011-03-31 17:36:44', 0, 102, 'LAWYER', 0, 'ADMIN', 'Lawyer Ritu Lawyer bought a subscription of  on 03/31/2011', 0),
(778, '2011-03-31 17:42:28', 0, 69, 'CLIENT', 69, 'CLIENT', 'You have invited lawyer <a href="http://reachlawyer.com/new/LawyerDetail.php?lawyerid=102">Ritu Lawyer</a> to bid on case <a href="http://reachlawyer.com/new/CaseDetail.php?caseid=119">I wanted to sue hackers</a>', 0),
(779, '2011-03-31 17:42:28', 0, 69, 'CLIENT', 102, 'LAWYER', 'You have been invited by <a href="http://reachlawyer.com/new/Client/ClientAccount.php?clientid=69">Ritu Client</a> to bid on the case <a href="http://reachlawyer.com/new/CaseDetail.php?caseid=119">I wanted to sue hackers</a>.', 0),
(780, '2011-03-31 17:45:29', 0, 102, 'LAWYER', 69, 'CLIENT', 'You have a <a href="http://reachlawyer.com/new/Client/SelectLawyer.php?caseid=119">New Bid</a> from <a href="http://reachlawyer.com/new/LawyerDetail.php?lawyerid=102">Ritu Lawyer</a> for the Case <a href="http://reachlawyer.com/new/CaseDetail.php?caseid=119">I wanted to sue hackers</a>', 0),
(781, '2011-03-31 17:46:36', 0, 69, 'CLIENT', 102, 'LAWYER', 'The case <a href="http://reachlawyer.com/new/CaseDetail.php?caseid=119">I wanted to sue hackers</a> has been awarded to you by <a href="http://reachlawyer.com/new/ClientDetail.php?clientid=69">Ritu Client</a>.', 0),
(782, '2011-03-31 17:46:50', 0, 102, 'LAWYER', 69, 'CLIENT', 'Lawyer <a href="http://reachlawyer.com/new/LawyerDetail.php?lawyerid=102">Ritu Lawyer</a> has accepted your case <a href="http://reachlawyer.com/new/CaseDetail.php?caseid=119">I wanted to sue hackers</a>', 0),
(783, '2011-03-31 17:46:50', 0, 102, 'LAWYER', 102, 'LAWYER', 'You have accepted case <a href="http://reachlawyer.com/new/CaseDetail.php?caseid=119">I wanted to sue hackers</a> from <a href="http://reachlawyer.com/new/ClientDetail.php?clientid=69">Ritu Client</a>', 0),
(784, '2011-03-31 17:49:58', 0, 0, 'ADMIN', 69, 'CLIENT', 'You have escrowed an amount of USD 412 for the case <a href=http://reachlawyer.com/new/CaseDetail.php?caseid=119>I wanted to sue hackers</a>', 0),
(785, '2011-03-31 17:51:51', 0, 69, 'CLIENT', 102, 'LAWYER', 'Client <a href="http://reachlawyer.com/new/Client/ClientAccount.php?clientid=69">Ritu Client</a> created milestone <a href="http://reachlawyer.com/new/Lawyer/ViewMilestone.php?MilestoneId=100">MS1</a> of case <a href="http://reachlawyer.com/new/CaseDetail.php?caseid=119">I wanted to sue hackers</a>', 0),
(786, '2011-03-31 17:51:51', 0, 69, 'CLIENT', 69, 'CLIENT', 'You have created milestone <a href="http://reachlawyer.com/new/Client/ViewMilestone.php?MilestoneId=100">MS1</a> of case <a href="http://reachlawyer.com/new/CaseDetail.php?caseid=119">I wanted to sue hackers</a>', 0),
(787, '2011-03-31 17:53:26', 0, 87, 'LAWYER', 69, 'CLIENT', 'Lawyer <a href="http://reachlawyer.com/new/LawyerDetail.php?lawyerid=87">Lucas Law</a> accepted milestone <a href="http://reachlawyer.com/new/Lawyer/ViewMilestone.php?MilestoneId=100">MS1</a> of case <a href="http://reachlawyer.com/new/CaseDetail.php?caseid=119">I wanted to sue hackers</a>', 0),
(788, '2011-03-31 17:53:26', 0, 87, 'LAWYER', 87, 'LAWYER', 'You have accepted milestone <a href="http://reachlawyer.com/new/Lawyer/ViewMilestone.php?MilestoneId=100">MS1</a> of case <a href="http://reachlawyer.com/new/CaseDetail.php?caseid=119">I wanted to sue hackers</a>', 0),
(789, '2011-03-31 18:00:36', 0, 87, 'LAWYER', 69, 'CLIENT', 'Lawyer <a href="http://reachlawyer.com/new/LawyerDetail.php?lawyerid=87">Lucas Law</a> accepted milestone <a href="http://reachlawyer.com/new/Lawyer/ViewMilestone.php?MilestoneId=100">MS1</a> of case <a href="http://reachlawyer.com/new/CaseDetail.php?caseid=119">I wanted to sue hackers</a>', 0),
(790, '2011-03-31 18:00:36', 0, 87, 'LAWYER', 87, 'LAWYER', 'You have accepted milestone <a href="http://reachlawyer.com/new/Lawyer/ViewMilestone.php?MilestoneId=100">MS1</a> of case <a href="http://reachlawyer.com/new/CaseDetail.php?caseid=119">I wanted to sue hackers</a>', 0),
(791, '2011-03-31 18:04:31', 0, 102, 'LAWYER', 69, 'CLIENT', 'Lawyer <a href="http://reachlawyer.com/new/LawyerDetail.php?lawyerid=102">Ritu Lawyer</a> created milestone <a href="http://reachlawyer.com/new/Lawyer/ViewMilestone.php?MilestoneId=101">MS2</a> of case <a href="http://reachlawyer.com/new/CaseDetail.php?caseid=119">I wanted to sue hackers</a>', 0),
(792, '2011-03-31 18:04:31', 0, 102, 'LAWYER', 102, 'LAWYER', 'You have created milestone <a href="http://reachlawyer.com/new/Lawyer/ViewMilestone.php?MilestoneId=101">MS2</a> of case <a href="http://reachlawyer.com/new/CaseDetail.php?caseid=119">I wanted to sue hackers</a>', 0),
(793, '2011-03-31 18:05:20', 0, 69, 'CLIENT', 87, 'LAWYER', 'Client <a href="http://reachlawyer.com/new/ClientDetail.php?clientid=69">Ritu Client</a> rejected milestone <a href="http://reachlawyer.com/new/Client/ViewMilestone.php?MilestoneId=101">MS2</a> of case <a href="http://reachlawyer.com/new/CaseDetail.php?caseid=119">I wanted to sue hackers</a>', 0),
(794, '2011-03-31 18:05:20', 0, 69, 'CLIENT', 69, 'CLIENT', 'You have rejected milestone <a href="http://reachlawyer.com/new/Client/ViewMilestone.php?MilestoneId=101">MS2</a> of case <a href="http://reachlawyer.com/new/CaseDetail.php?caseid=119">I wanted to sue hackers</a>', 0),
(795, '2011-03-31 18:10:05', 0, 102, 'LAWYER', 69, 'CLIENT', 'Lawyer <a href="http://reachlawyer.com/new/LawyerDetail.php?lawyerid=102">Ritu Lawyer</a> created milestone <a href="http://reachlawyer.com/new/Lawyer/ViewMilestone.php?MilestoneId=102">MS3</a> of case <a href="http://reachlawyer.com/new/CaseDetail.php?caseid=119">I wanted to sue hackers</a>', 0),
(796, '2011-03-31 18:10:05', 0, 102, 'LAWYER', 102, 'LAWYER', 'You have created milestone <a href="http://reachlawyer.com/new/Lawyer/ViewMilestone.php?MilestoneId=102">MS3</a> of case <a href="http://reachlawyer.com/new/CaseDetail.php?caseid=119">I wanted to sue hackers</a>', 0),
(797, '2011-03-31 18:11:52', 0, 102, 'LAWYER', 69, 'CLIENT', 'Lawyer <a href="http://reachlawyer.com/new/LawyerDetail.php?lawyerid=102">Ritu Lawyer</a> created milestone <a href="http://reachlawyer.com/new/Lawyer/ViewMilestone.php?MilestoneId=103">MS3</a> of case <a href="http://reachlawyer.com/new/CaseDetail.php?caseid=119">I wanted to sue hackers</a>', 0),
(798, '2011-03-31 18:11:52', 0, 102, 'LAWYER', 102, 'LAWYER', 'You have created milestone <a href="http://reachlawyer.com/new/Lawyer/ViewMilestone.php?MilestoneId=103">MS3</a> of case <a href="http://reachlawyer.com/new/CaseDetail.php?caseid=119">I wanted to sue hackers</a>', 0),
(799, '2011-03-31 18:12:49', 0, 102, 'LAWYER', 69, 'CLIENT', 'Lawyer <a href="http://reachlawyer.com/new/LawyerDetail.php?lawyerid=102">Ritu Lawyer</a> created milestone <a href="http://reachlawyer.com/new/Lawyer/ViewMilestone.php?MilestoneId=104">MS3</a> of case <a href="http://reachlawyer.com/new/CaseDetail.php?caseid=119">I wanted to sue hackers</a>', 0),
(800, '2011-03-31 18:12:49', 0, 102, 'LAWYER', 102, 'LAWYER', 'You have created milestone <a href="http://reachlawyer.com/new/Lawyer/ViewMilestone.php?MilestoneId=104">MS3</a> of case <a href="http://reachlawyer.com/new/CaseDetail.php?caseid=119">I wanted to sue hackers</a>', 0),
(801, '2011-03-31 18:18:36', 0, 69, 'CLIENT', 87, 'LAWYER', 'Client <a href="http://reachlawyer.com/new/ClientDetail.php?clientid=69">Ritu Client</a> rejected milestone <a href="http://reachlawyer.com/new/Client/ViewMilestone.php?MilestoneId=104">MS3</a> of case <a href="http://reachlawyer.com/new/CaseDetail.php?caseid=119">I wanted to sue hackers</a>', 0),
(802, '2011-03-31 18:18:36', 0, 69, 'CLIENT', 69, 'CLIENT', 'You have rejected milestone <a href="http://reachlawyer.com/new/Client/ViewMilestone.php?MilestoneId=104">MS3</a> of case <a href="http://reachlawyer.com/new/CaseDetail.php?caseid=119">I wanted to sue hackers</a>', 0),
(803, '2011-03-31 18:18:57', 0, 69, 'CLIENT', 87, 'LAWYER', 'Client <a href="http://reachlawyer.com/new/ClientDetail.php?clientid=69">Ritu Client</a> rejected milestone <a href="http://reachlawyer.com/new/Client/ViewMilestone.php?MilestoneId=103">MS3</a> of case <a href="http://reachlawyer.com/new/CaseDetail.php?caseid=119">I wanted to sue hackers</a>', 0),
(804, '2011-03-31 18:18:57', 0, 69, 'CLIENT', 69, 'CLIENT', 'You have rejected milestone <a href="http://reachlawyer.com/new/Client/ViewMilestone.php?MilestoneId=103">MS3</a> of case <a href="http://reachlawyer.com/new/CaseDetail.php?caseid=119">I wanted to sue hackers</a>', 0),
(805, '2011-03-31 18:19:09', 0, 69, 'CLIENT', 87, 'LAWYER', 'Client <a href="http://reachlawyer.com/new/ClientDetail.php?clientid=69">Ritu Client</a> rejected milestone <a href="http://reachlawyer.com/new/Client/ViewMilestone.php?MilestoneId=102">MS3</a> of case <a href="http://reachlawyer.com/new/CaseDetail.php?caseid=119">I wanted to sue hackers</a>', 0),
(806, '2011-03-31 18:19:09', 0, 69, 'CLIENT', 69, 'CLIENT', 'You have rejected milestone <a href="http://reachlawyer.com/new/Client/ViewMilestone.php?MilestoneId=102">MS3</a> of case <a href="http://reachlawyer.com/new/CaseDetail.php?caseid=119">I wanted to sue hackers</a>', 0),
(807, '2011-03-31 18:20:14', 0, 102, 'LAWYER', 69, 'CLIENT', 'Lawyer <a href="http://reachlawyer.com/new/LawyerDetail.php?lawyerid=102">Ritu Lawyer</a> created milestone <a href="http://reachlawyer.com/new/Lawyer/ViewMilestone.php?MilestoneId=105">MS4</a> of case <a href="http://reachlawyer.com/new/CaseDetail.php?caseid=119">I wanted to sue hackers</a>', 0),
(808, '2011-03-31 18:20:14', 0, 102, 'LAWYER', 102, 'LAWYER', 'You have created milestone <a href="http://reachlawyer.com/new/Lawyer/ViewMilestone.php?MilestoneId=105">MS4</a> of case <a href="http://reachlawyer.com/new/CaseDetail.php?caseid=119">I wanted to sue hackers</a>', 0),
(809, '2011-03-31 18:21:17', 0, 69, 'CLIENT', 87, 'LAWYER', 'Client <a href="http://reachlawyer.com/new/ClientDetail.php?clientid=69">Ritu Client</a> accepted milestone <a href="http://reachlawyer.com/new/Client/ViewMilestone.php?MilestoneId=105">MS4</a> of case <a href="http://reachlawyer.com/new/CaseDetail.php?caseid=119">I wanted to sue hackers</a>', 0),
(810, '2011-03-31 18:21:18', 0, 69, 'CLIENT', 69, 'CLIENT', 'You have accepted milestone <a href="http://reachlawyer.com/new/Client/ViewMilestone.php?MilestoneId=105">MS4</a> of case <a href="http://reachlawyer.com/new/CaseDetail.php?caseid=119">I wanted to sue hackers</a>', 0),
(811, '2011-03-31 18:22:19', 0, 102, 'LAWYER', 69, 'CLIENT', 'You have a <a href="http://reachlawyer.com/new/Client/ListReleaseRequest.php">Release Request</a> from <a href="http://reachlawyer.com/new/LawyerDetail.php?lawyerid=102">Ritu Lawyer</a> for Case <a href="http://reachlawyer.com/new/CaseDetail.php?caseid=119">I wanted to sue hackers</a>, Milestone <a href="http://reachlawyer.com/new/Client/ClientMilestone.php?MilestoneId=100">MS1</a>.', 0),
(812, '2011-03-31 18:22:20', 0, 102, 'LAWYER', 102, 'LAWYER', 'You have made a <font color="red">Release Request</font> to <a href="http://reachlawyer.com/new/ClientDetail.php?clientid=69">Ritu Client</a> for Case <a href="http://reachlawyer.com/new/CaseDetail.php?caseid=119">I wanted to sue hackers</a>, Milestone <a href="http://reachlawyer.com/new/Client/ClientMilestone.php?MilestoneId=100">MS1</a>.', 0),
(813, '2011-03-31 18:24:27', 0, 102, 'LAWYER', 69, 'CLIENT', 'You have a <a href="http://reachlawyer.com/new/Client/ListReleaseRequest.php">Release Request</a> from <a href="http://reachlawyer.com/new/LawyerDetail.php?lawyerid=102">Ritu Lawyer</a> for Case <a href="http://reachlawyer.com/new/CaseDetail.php?caseid=119">I wanted to sue hackers</a>, Milestone <a href="http://reachlawyer.com/new/Client/ClientMilestone.php?MilestoneId=100">MS1</a>.', 0),
(814, '2011-03-31 18:24:27', 0, 102, 'LAWYER', 102, 'LAWYER', 'You have made a <font color="red">Release Request</font> to <a href="http://reachlawyer.com/new/ClientDetail.php?clientid=69">Ritu Client</a> for Case <a href="http://reachlawyer.com/new/CaseDetail.php?caseid=119">I wanted to sue hackers</a>, Milestone <a href="http://reachlawyer.com/new/Client/ClientMilestone.php?MilestoneId=100">MS1</a>.', 0),
(815, '2011-03-31 18:26:09', 0, 69, 'CLIENT', 102, 'LAWYER', 'Your Release Request for the milestone MS1 for the case <a href="http://reachlawyer.com/new/CaseDetail.php?caseid=119">I wanted to sue hackers</a> has been confirmed. An amount of US $115.36 has been added to your account.', 0),
(816, '2011-03-31 18:26:09', 0, 69, 'CLIENT', 69, 'CLIENT', 'The Release Request for the milestone MS1 for the case <a href="http://reachlawyer.com/new/CaseDetail.php?caseid=119">I wanted to sue hackers</a> is confirmed by you. An amount of US $115.36 has been sent to your lawyer <a href="http://reachlawyer.com/new/LawyerDetail.php?lawyerid=102">Ritu Lawyer</a>.', 0),
(817, '2011-03-31 18:26:09', 0, 69, 'CLIENT', 0, 'ADMIN', 'The Release Request for the milestone MS1 for the case <a href="http://reachlawyer.com/new/CaseDetail.php?caseid=119">I wanted to sue hackers</a> has been confirmed.', 0),
(818, '2011-03-31 18:50:39', 0, 69, 'CLIENT', 102, 'LAWYER', 'Client <a href="http://reachlawyer.com/new/Client/ClientAccount.php?clientid=69">Ritu Client</a> created milestone <a href="http://reachlawyer.com/new/Lawyer/ViewMilestone.php?MilestoneId=106">MS5</a> of case <a href="http://reachlawyer.com/new/CaseDetail.php?caseid=119">I wanted to sue hackers</a>', 0),
(819, '2011-03-31 18:50:39', 0, 69, 'CLIENT', 69, 'CLIENT', 'You have created milestone <a href="http://reachlawyer.com/new/Client/ViewMilestone.php?MilestoneId=106">MS5</a> of case <a href="http://reachlawyer.com/new/CaseDetail.php?caseid=119">I wanted to sue hackers</a>', 0),
(820, '2011-03-31 20:09:40', 0, 0, 'ADMIN', 68, 'CLIENT', 'You have escrowed an amount of USD 1030 for the case <a href=http://reachlawyer.com/new/CaseDetail.php?caseid=117>Somebody tried to hack my facebook account: cybercrime</a>', 0),
(821, '2011-03-31 20:36:01', 0, 68, 'CLIENT', 99, 'LAWYER', 'Client <a href="http://reachlawyer.com/new/Client/ClientAccount.php?clientid=68">Jay Garay</a> created milestone <a href="http://reachlawyer.com/new/Lawyer/ViewMilestone.php?MilestoneId=107">conceptualization of the case</a> of case <a href="http://reachlawyer.com/new/CaseDetail.php?caseid=117">Somebody tried to hack my facebook account: cybercrime</a>', 0),
(822, '2011-03-31 20:36:01', 0, 68, 'CLIENT', 68, 'CLIENT', 'You have created milestone <a href="http://reachlawyer.com/new/Client/ViewMilestone.php?MilestoneId=107">conceptualization of the case</a> of case <a href="http://reachlawyer.com/new/CaseDetail.php?caseid=117">Somebody tried to hack my facebook account: cybercrime</a>', 0),
(823, '2011-03-31 20:46:41', 0, 87, 'LAWYER', 68, 'CLIENT', 'Lawyer <a href="http://reachlawyer.com/new/LawyerDetail.php?lawyerid=87">Lucas Law</a> accepted milestone <a href="http://reachlawyer.com/new/Lawyer/ViewMilestone.php?MilestoneId=107">conceptualization of the case</a> of case <a href="http://reachlawyer.com/new/CaseDetail.php?caseid=117">Somebody tried to hack my facebook account: cybercrime</a>', 0),
(824, '2011-03-31 20:46:41', 0, 87, 'LAWYER', 87, 'LAWYER', 'You have accepted milestone <a href="http://reachlawyer.com/new/Lawyer/ViewMilestone.php?MilestoneId=107">conceptualization of the case</a> of case <a href="http://reachlawyer.com/new/CaseDetail.php?caseid=117">Somebody tried to hack my facebook account: cybercrime</a>', 0),
(825, '2011-03-31 20:54:01', 0, 99, 'LAWYER', 68, 'CLIENT', 'You have a <a href="http://reachlawyer.com/new/Client/ListReleaseRequest.php">Release Request</a> from <a href="http://reachlawyer.com/new/LawyerDetail.php?lawyerid=99">Jal Law</a> for Case <a href="http://reachlawyer.com/new/CaseDetail.php?caseid=117">Somebody tried to hack my facebook account: cybercrime</a>, Milestone <a href="http://reachlawyer.com/new/Client/ClientMilestone.php?MilestoneId=107">conceptualization of the case</a>.', 0),
(826, '2011-03-31 20:54:01', 0, 99, 'LAWYER', 99, 'LAWYER', 'You have made a <font color="red">Release Request</font> to <a href="http://reachlawyer.com/new/ClientDetail.php?clientid=68">Jay Garay</a> for Case <a href="http://reachlawyer.com/new/CaseDetail.php?caseid=117">Somebody tried to hack my facebook account: cybercrime</a>, Milestone <a href="http://reachlawyer.com/new/Client/ClientMilestone.php?MilestoneId=107">conceptualization of the case</a>.', 0),
(827, '2011-03-31 21:02:03', 0, 68, 'CLIENT', 99, 'LAWYER', 'Your Release Request for the milestone conceptualization of the case for the case <a href="http://reachlawyer.com/new/CaseDetail.php?caseid=117">Somebody tried to hack my facebook account: cybercrime</a> has been confirmed. An amount of US $346.08 has been added to your account.', 0),
(828, '2011-03-31 21:02:03', 0, 68, 'CLIENT', 68, 'CLIENT', 'The Release Request for the milestone conceptualization of the case for the case <a href="http://reachlawyer.com/new/CaseDetail.php?caseid=117">Somebody tried to hack my facebook account: cybercrime</a> is confirmed by you. An amount of US $346.08 has been sent to your lawyer <a href="http://reachlawyer.com/new/LawyerDetail.php?lawyerid=99">Jal Law</a>.', 0),
(829, '2011-03-31 21:02:03', 0, 68, 'CLIENT', 0, 'ADMIN', 'The Release Request for the milestone conceptualization of the case for the case <a href="http://reachlawyer.com/new/CaseDetail.php?caseid=117">Somebody tried to hack my facebook account: cybercrime</a> has been confirmed.', 0),
(830, '2011-03-31 21:03:16', 0, 99, 'LAWYER', 68, 'CLIENT', 'Your have received a <a href="http://reachlawyer.com/new/Client/FeedbackList.php">feedback</a> from <a href="http://reachlawyer.com/new/LawyerDetail.php?lawyerid=99">Jal Law</a>.', 0),
(831, '2011-04-01 12:31:20', 0, 15, 'CLIENT', 62, 'LAWYER', 'Your have received a <a href="http://reachlawyer.com/Lawyer/FeedbackList.php">feedback</a> from <a href="http://reachlawyer.com/ClientDetail.php?clientid=15">daniel1 islam1</a>.', 0),
(832, '2011-04-01 12:42:40', 0, 62, 'LAWYER', 15, 'CLIENT', 'Your have received a <a href="http://reachlawyer.com/new/Client/FeedbackList.php">feedback</a> from <a href="http://reachlawyer.com/new/LawyerDetail.php?lawyerid=62">Sharon Addison</a>.', 0),
(833, '2011-04-01 15:40:56', 0, 62, 'LAWYER', 15, 'CLIENT', 'Your have received a <a href="http://reachlawyer.com/new/Client/FeedbackList.php">feedback</a> from <a href="http://reachlawyer.com/new/LawyerDetail.php?lawyerid=62">Sharon Addison</a>.', 0),
(834, '2011-04-01 15:57:37', 0, 62, 'LAWYER', 15, 'CLIENT', 'Your have received a <a href="http://reachlawyer.com/new/Client/FeedbackList.php">feedback</a> from <a href="http://reachlawyer.com/new/LawyerDetail.php?lawyerid=62">Sharon Addison</a>.', 0),
(835, '2011-04-01 16:43:10', 0, 68, 'CLIENT', 99, 'LAWYER', 'Your have received a <a href="http://reachlawyer.com/new/Lawyer/FeedbackList.php">feedback</a> from <a href="http://reachlawyer.com/new/ClientDetail.php?clientid=68">Jay Garay</a>.', 0),
(836, '2011-04-01 16:54:40', 0, 99, 'LAWYER', 68, 'CLIENT', 'Lawyer <a href="http://reachlawyer.com/new/LawyerDetail.php?lawyerid=99">Jal Law</a> created milestone <a href="http://reachlawyer.com/new/Lawyer/ViewMilestone.php?MilestoneId=108">Get the criminal out </a> of case <a href="http://reachlawyer.com/new/CaseDetail.php?caseid=117">Somebody tried to hack my facebook account: cybercrime</a>', 0),
(837, '2011-04-01 16:54:40', 0, 99, 'LAWYER', 99, 'LAWYER', 'You have created milestone <a href="http://reachlawyer.com/new/Lawyer/ViewMilestone.php?MilestoneId=108">Get the criminal out </a> of case <a href="http://reachlawyer.com/new/CaseDetail.php?caseid=117">Somebody tried to hack my facebook account: cybercrime</a>', 0),
(838, '2011-04-01 20:16:03', 0, 99, 'LAWYER', 68, 'CLIENT', 'Your have received a <a href="http://reachlawyer.com/new/Client/FeedbackList.php">feedback</a> from <a href="http://reachlawyer.com/new/LawyerDetail.php?lawyerid=99">Jal Law</a>.', 0),
(839, '2011-04-06 14:37:54', 0, 103, 'LAWYER', 103, 'LAWYER', 'You bought a subscription of 150 on 04/06/2011', 0),
(840, '2011-04-06 14:37:54', 0, 103, 'LAWYER', 0, 'ADMIN', 'Lawyer John Smith bought a subscription of 150 on 04/06/2011', 0),
(841, '2011-04-06 14:37:56', 0, 103, 'LAWYER', 103, 'LAWYER', 'You bought a subscription of  on 04/06/2011', 0),
(842, '2011-04-06 14:37:56', 0, 103, 'LAWYER', 0, 'ADMIN', 'Lawyer John Smith bought a subscription of  on 04/06/2011', 0),
(843, '2011-04-06 15:20:09', 0, 70, 'CLIENT', 70, 'CLIENT', 'You have posted a new case <a href="http://reachlawyer.com/new/CaseDetail.php?caseid=120">google is showing Kashmir out of India map</a>', 0),
(844, '2011-04-06 15:21:16', 0, 70, 'CLIENT', 70, 'CLIENT', 'You have invited lawyer <a href="http://reachlawyer.com/new/LawyerDetail.php?lawyerid=103">John Smith</a> to bid on case <a href="http://reachlawyer.com/new/CaseDetail.php?caseid=120">google is showing Kashmir out of India map</a>', 0),
(845, '2011-04-06 15:21:16', 0, 70, 'CLIENT', 103, 'LAWYER', 'You have been invited by <a href="http://reachlawyer.com/new/Client/ClientAccount.php?clientid=70">Jag Jassel</a> to bid on the case <a href="http://reachlawyer.com/new/CaseDetail.php?caseid=120">google is showing Kashmir out of India map</a>.', 0),
(846, '2011-04-06 15:21:55', 0, 70, 'CLIENT', 70, 'CLIENT', 'You have invited lawyer <a href="http://reachlawyer.com/new/LawyerDetail.php?lawyerid=99">Jal Law</a> to bid on case <a href="http://reachlawyer.com/new/CaseDetail.php?caseid=120">google is showing Kashmir out of India map</a>', 0),
(847, '2011-04-06 15:21:55', 0, 70, 'CLIENT', 99, 'LAWYER', 'You have been invited by <a href="http://reachlawyer.com/new/Client/ClientAccount.php?clientid=70">Jag Jassel</a> to bid on the case <a href="http://reachlawyer.com/new/CaseDetail.php?caseid=120">google is showing Kashmir out of India map</a>.', 0),
(848, '2011-04-07 11:36:00', 0, 71, 'CLIENT', 71, 'CLIENT', 'You have posted a new case <a href="http://reachlawyer.com/new/CaseDetail.php?caseid=121">Terms and conditions for my website</a>', 0),
(849, '2011-04-07 12:13:16', 0, 104, 'LAWYER', 104, 'LAWYER', 'You bought a subscription of 50 on 04/07/2011', 0),
(850, '2011-04-07 12:13:16', 0, 104, 'LAWYER', 0, 'ADMIN', 'Lawyer Lucas Client bought a subscription of 50 on 04/07/2011', 0),
(851, '2011-04-07 12:13:17', 0, 104, 'LAWYER', 104, 'LAWYER', 'You bought a subscription of  on 04/07/2011', 0),
(852, '2011-04-07 12:13:17', 0, 104, 'LAWYER', 0, 'ADMIN', 'Lawyer Lucas Client bought a subscription of  on 04/07/2011', 0),
(853, '2011-04-07 12:14:09', 0, 104, 'LAWYER', 104, 'LAWYER', 'You bought a subscription of 50 on 04/07/2011', 0),
(854, '2011-04-07 12:14:09', 0, 104, 'LAWYER', 0, 'ADMIN', 'Lawyer Lucas Client bought a subscription of 50 on 04/07/2011', 0),
(855, '2011-04-07 12:14:10', 0, 104, 'LAWYER', 104, 'LAWYER', 'You bought a subscription of  on 04/07/2011', 0),
(856, '2011-04-07 12:14:10', 0, 104, 'LAWYER', 0, 'ADMIN', 'Lawyer Lucas Client bought a subscription of  on 04/07/2011', 0),
(857, '2011-04-07 12:14:29', 0, 104, 'LAWYER', 104, 'LAWYER', 'You bought a subscription of 100 on 04/07/2011', 0),
(858, '2011-04-07 12:14:29', 0, 104, 'LAWYER', 0, 'ADMIN', 'Lawyer Lucas Client bought a subscription of 100 on 04/07/2011', 0),
(859, '2011-04-07 12:14:30', 0, 104, 'LAWYER', 104, 'LAWYER', 'You bought a subscription of  on 04/07/2011', 0),
(860, '2011-04-07 12:14:30', 0, 104, 'LAWYER', 0, 'ADMIN', 'Lawyer Lucas Client bought a subscription of  on 04/07/2011', 0),
(861, '2011-04-07 12:20:31', 0, 104, 'LAWYER', 104, 'LAWYER', 'You bought a subscription of 50 on 04/07/2011', 0),
(862, '2011-04-07 12:20:31', 0, 104, 'LAWYER', 0, 'ADMIN', 'Lawyer Lucas Client bought a subscription of 50 on 04/07/2011', 0),
(863, '2011-04-07 12:20:32', 0, 104, 'LAWYER', 104, 'LAWYER', 'You bought a subscription of  on 04/07/2011', 0),
(864, '2011-04-07 12:20:32', 0, 104, 'LAWYER', 0, 'ADMIN', 'Lawyer Lucas Client bought a subscription of  on 04/07/2011', 0),
(865, '2011-04-07 12:22:44', 0, 104, 'LAWYER', 71, 'CLIENT', 'You have a <a href="http://reachlawyer.com/new/Client/SelectLawyer.php?caseid=121">New Bid</a> from <a href="http://reachlawyer.com/new/LawyerDetail.php?lawyerid=104">Lucas Client</a> for the Case <a href="http://reachlawyer.com/new/CaseDetail.php?caseid=121">Terms and conditions for my website</a>', 0),
(866, '2011-04-07 12:41:24', 0, 71, 'CLIENT', 104, 'LAWYER', 'The case <a href="http://reachlawyer.com/new/CaseDetail.php?caseid=121">Terms and conditions for my website</a> has been awarded to you by <a href="http://reachlawyer.com/new/ClientDetail.php?clientid=71">Lucas Client</a>.', 0),
(867, '2011-04-07 12:49:23', 0, 104, 'LAWYER', 71, 'CLIENT', 'Lawyer <a href="http://reachlawyer.com/new/LawyerDetail.php?lawyerid=104">Lucas Client</a> has accepted your case <a href="http://reachlawyer.com/new/CaseDetail.php?caseid=121">Terms and conditions for my website</a>', 0),
(868, '2011-04-07 12:49:23', 0, 104, 'LAWYER', 104, 'LAWYER', 'You have accepted case <a href="http://reachlawyer.com/new/CaseDetail.php?caseid=121">Terms and conditions for my website</a> from <a href="http://reachlawyer.com/new/ClientDetail.php?clientid=71">Lucas Client</a>', 0),
(869, '2011-04-07 18:13:46', 0, 62, 'LAWYER', 62, 'LAWYER', 'You bought a subscription of 50 on 04/07/2011', 0),
(870, '2011-04-07 18:13:46', 0, 62, 'LAWYER', 0, 'ADMIN', 'Lawyer Sharon Addison bought a subscription of 50 on 04/07/2011', 0),
(871, '2011-04-07 18:13:49', 0, 62, 'LAWYER', 62, 'LAWYER', 'You bought a subscription of  on 04/07/2011', 0),
(872, '2011-04-07 18:13:49', 0, 62, 'LAWYER', 0, 'ADMIN', 'Lawyer Sharon Addison bought a subscription of  on 04/07/2011', 0),
(873, '2011-04-07 18:16:31', 0, 62, 'LAWYER', 62, 'LAWYER', 'You bought a subscription of 50 on 04/07/2011', 0),
(874, '2011-04-07 18:16:31', 0, 62, 'LAWYER', 0, 'ADMIN', 'Lawyer Sharon Addison bought a subscription of 50 on 04/07/2011', 0),
(875, '2011-04-07 18:16:35', 0, 62, 'LAWYER', 62, 'LAWYER', 'You bought a subscription of  on 04/07/2011', 0),
(876, '2011-04-07 18:16:35', 0, 62, 'LAWYER', 0, 'ADMIN', 'Lawyer Sharon Addison bought a subscription of  on 04/07/2011', 0),
(877, '2011-04-08 11:28:03', 0, 104, 'LAWYER', 71, 'CLIENT', 'Lawyer <a href="http://reachlawyer.com/new/LawyerDetail.php?lawyerid=104">Lucas Lawyer</a> created milestone <a href="http://reachlawyer.com/new/Lawyer/ViewMilestone.php?MilestoneId=109">Deposit</a> of case <a href="http://reachlawyer.com/new/CaseDetail.php?caseid=121">Terms and conditions for my website</a>', 0),
(878, '2011-04-08 11:28:03', 0, 104, 'LAWYER', 104, 'LAWYER', 'You have created milestone <a href="http://reachlawyer.com/new/Lawyer/ViewMilestone.php?MilestoneId=109">Deposit</a> of case <a href="http://reachlawyer.com/new/CaseDetail.php?caseid=121">Terms and conditions for my website</a>', 0),
(879, '2011-04-08 11:45:48', 0, 71, 'CLIENT', 87, 'LAWYER', 'Client <a href="http://reachlawyer.com/new/ClientDetail.php?clientid=71">Lucas Client</a> accepted milestone <a href="http://reachlawyer.com/new/Client/ViewMilestone.php?MilestoneId=109">Deposit</a> of case <a href="http://reachlawyer.com/new/CaseDetail.php?caseid=121">Terms and conditions for my website</a>', 0),
(880, '2011-04-08 11:45:48', 0, 71, 'CLIENT', 71, 'CLIENT', 'You have accepted milestone <a href="http://reachlawyer.com/new/Client/ViewMilestone.php?MilestoneId=109">Deposit</a> of case <a href="http://reachlawyer.com/new/CaseDetail.php?caseid=121">Terms and conditions for my website</a>', 0),
(881, '2011-04-08 11:55:53', 0, 104, 'LAWYER', 71, 'CLIENT', 'You have a <a href="http://reachlawyer.com/new/Client/ListReleaseRequest.php">Release Request</a> from <a href="http://reachlawyer.com/new/LawyerDetail.php?lawyerid=104">Lucas Lawyer</a> for Case <a href="http://reachlawyer.com/new/CaseDetail.php?caseid=121">Terms and conditions for my website</a>, Milestone <a href="http://reachlawyer.com/new/Client/ClientMilestone.php?MilestoneId=109">Deposit</a>.', 0),
(882, '2011-04-08 11:55:54', 0, 104, 'LAWYER', 104, 'LAWYER', 'You have made a <font color="red">Release Request</font> to <a href="http://reachlawyer.com/new/ClientDetail.php?clientid=71">Lucas Client</a> for Case <a href="http://reachlawyer.com/new/CaseDetail.php?caseid=121">Terms and conditions for my website</a>, Milestone <a href="http://reachlawyer.com/new/Client/ClientMilestone.php?MilestoneId=109">Deposit</a>.', 0),
(883, '2011-04-08 12:06:04', 0, 0, 'ADMIN', 71, 'CLIENT', 'You have escrowed an amount of USD 117.6 for the case <a href=http://reachlawyer.com/new/CaseDetail.php?caseid=121>Terms and conditions for my website</a>', 0),
(884, '2011-04-08 12:16:02', 0, 71, 'CLIENT', 104, 'LAWYER', 'Your Release Request for the milestone Deposit for the case <a href="http://reachlawyer.com/new/CaseDetail.php?caseid=121">Terms and conditions for my website</a> has been confirmed. An amount of US $117.60 has been added to your account.', 0),
(885, '2011-04-08 12:16:02', 0, 71, 'CLIENT', 71, 'CLIENT', 'The Release Request for the milestone Deposit for the case <a href="http://reachlawyer.com/new/CaseDetail.php?caseid=121">Terms and conditions for my website</a> is confirmed by you. An amount of US $117.60 has been sent to your lawyer <a href="http://reachlawyer.com/new/LawyerDetail.php?lawyerid=104">Lucas Lawyer</a>.', 0),
(886, '2011-04-08 12:16:02', 0, 71, 'CLIENT', 0, 'ADMIN', 'The Release Request for the milestone Deposit for the case <a href="http://reachlawyer.com/new/CaseDetail.php?caseid=121">Terms and conditions for my website</a> has been confirmed.', 0),
(887, '2011-04-08 12:18:55', 0, 71, 'CLIENT', 104, 'LAWYER', 'Client <a href="http://reachlawyer.com/new/Client/ClientAccount.php?clientid=71">Lucas Client</a> created milestone <a href="http://reachlawyer.com/new/Lawyer/ViewMilestone.php?MilestoneId=110">2nd</a> of case <a href="http://reachlawyer.com/new/CaseDetail.php?caseid=121">Terms and conditions for my website</a>', 0),
(888, '2011-04-08 12:18:55', 0, 71, 'CLIENT', 71, 'CLIENT', 'You have created milestone <a href="http://reachlawyer.com/new/Client/ViewMilestone.php?MilestoneId=110">2nd</a> of case <a href="http://reachlawyer.com/new/CaseDetail.php?caseid=121">Terms and conditions for my website</a>', 0),
(889, '2011-04-08 12:25:15', 0, 87, 'LAWYER', 71, 'CLIENT', 'Lawyer <a href="http://reachlawyer.com/new/LawyerDetail.php?lawyerid=87">Lucas Law</a> accepted milestone <a href="http://reachlawyer.com/new/Lawyer/ViewMilestone.php?MilestoneId=110">2nd</a> of case <a href="http://reachlawyer.com/new/CaseDetail.php?caseid=121">Terms and conditions for my website</a>', 0),
(890, '2011-04-08 12:25:15', 0, 87, 'LAWYER', 87, 'LAWYER', 'You have accepted milestone <a href="http://reachlawyer.com/new/Lawyer/ViewMilestone.php?MilestoneId=110">2nd</a> of case <a href="http://reachlawyer.com/new/CaseDetail.php?caseid=121">Terms and conditions for my website</a>', 0),
(891, '2011-04-08 12:48:42', 0, 15, 'CLIENT', 62, 'LAWYER', 'Client <a href="http://reachlawyer.com/new/Client/ClientAccount.php?clientid=15">daniel1 islam1</a> created milestone <a href="http://reachlawyer.com/new/Lawyer/ViewMilestone.php?MilestoneId=111">MSFED</a> of case <a href="http://reachlawyer.com/new/CaseDetail.php?caseid=118">CheckBalanceCAD1</a>', 0),
(892, '2011-04-08 12:48:42', 0, 15, 'CLIENT', 15, 'CLIENT', 'You have created milestone <a href="http://reachlawyer.com/new/Client/ViewMilestone.php?MilestoneId=111">MSFED</a> of case <a href="http://reachlawyer.com/new/CaseDetail.php?caseid=118">CheckBalanceCAD1</a>', 0),
(893, '2011-04-08 12:50:29', 0, 87, 'LAWYER', 15, 'CLIENT', 'Lawyer <a href="http://reachlawyer.com/new/LawyerDetail.php?lawyerid=87">Lucas Law</a> accepted milestone <a href="http://reachlawyer.com/new/Lawyer/ViewMilestone.php?MilestoneId=111">MSFED</a> of case <a href="http://reachlawyer.com/new/CaseDetail.php?caseid=118">CheckBalanceCAD1</a>', 0),
(894, '2011-04-08 12:50:29', 0, 87, 'LAWYER', 87, 'LAWYER', 'You have accepted milestone <a href="http://reachlawyer.com/new/Lawyer/ViewMilestone.php?MilestoneId=111">MSFED</a> of case <a href="http://reachlawyer.com/new/CaseDetail.php?caseid=118">CheckBalanceCAD1</a>', 0),
(895, '2011-04-08 12:51:32', 0, 62, 'LAWYER', 15, 'CLIENT', 'You have a <a href="http://reachlawyer.com/new/Client/ListReleaseRequest.php">Release Request</a> from <a href="http://reachlawyer.com/new/LawyerDetail.php?lawyerid=62">Sharon Addison</a> for Case <a href="http://reachlawyer.com/new/CaseDetail.php?caseid=118">CheckBalanceCAD1</a>, Milestone <a href="http://reachlawyer.com/new/Client/ClientMilestone.php?MilestoneId=111">MSFED</a>.', 0),
(896, '2011-04-08 12:51:33', 0, 62, 'LAWYER', 62, 'LAWYER', 'You have made a <font color="red">Release Request</font> to <a href="http://reachlawyer.com/new/ClientDetail.php?clientid=15">daniel1 islam1</a> for Case <a href="http://reachlawyer.com/new/CaseDetail.php?caseid=118">CheckBalanceCAD1</a>, Milestone <a href="http://reachlawyer.com/new/Client/ClientMilestone.php?MilestoneId=111">MSFED</a>.', 0),
(897, '2011-04-08 12:52:06', 0, 15, 'CLIENT', 62, 'LAWYER', 'Your Release Request for the milestone MSFED for the case <a href="http://reachlawyer.com/new/CaseDetail.php?caseid=118">CheckBalanceCAD1</a> has been confirmed. An amount of US $1.18 has been added to your account.', 0),
(898, '2011-04-08 12:52:06', 0, 15, 'CLIENT', 15, 'CLIENT', 'The Release Request for the milestone MSFED for the case <a href="http://reachlawyer.com/new/CaseDetail.php?caseid=118">CheckBalanceCAD1</a> is confirmed by you. An amount of US $1.18 has been sent to your lawyer <a href="http://reachlawyer.com/new/LawyerDetail.php?lawyerid=62">Sharon Addison</a>.', 0),
(899, '2011-04-08 12:52:06', 0, 15, 'CLIENT', 0, 'ADMIN', 'The Release Request for the milestone MSFED for the case <a href="http://reachlawyer.com/new/CaseDetail.php?caseid=118">CheckBalanceCAD1</a> has been confirmed.', 0),
(900, '2011-04-08 12:53:22', 0, 0, 'ADMIN', 71, 'CLIENT', 'You have escrowed an amount of USD 117.6 for the case <a href=http://reachlawyer.com/new/CaseDetail.php?caseid=121>Terms and conditions for my website</a>', 0),
(901, '2011-04-08 15:07:29', 0, 62, 'LAWYER', 15, 'CLIENT', 'Your have received a <a href="http://reachlawyer.com/new/Client/FeedbackList.php">feedback</a> from <a href="http://reachlawyer.com/new/LawyerDetail.php?lawyerid=62">Sharon Addison</a>.', 0),
(902, '2011-04-08 15:11:25', 0, 62, 'LAWYER', 15, 'CLIENT', 'Your have received a <a href="http://reachlawyer.com/new/Client/FeedbackList.php">feedback</a> from <a href="http://reachlawyer.com/new/LawyerDetail.php?lawyerid=62">Sharon Addison</a>.', 0),
(903, '2011-04-08 15:12:11', 0, 62, 'LAWYER', 15, 'CLIENT', 'Your have received a <a href="http://reachlawyer.com/new/Client/FeedbackList.php">feedback</a> from <a href="http://reachlawyer.com/new/LawyerDetail.php?lawyerid=62">Sharon Addison</a>.', 0),
(904, '2011-04-08 15:16:51', 0, 62, 'LAWYER', 15, 'CLIENT', 'Lawyer <a href="http://reachlawyer.com/new/LawyerDetail.php?lawyerid=62">Sharon Addison</a> created milestone <a href="http://reachlawyer.com/new/Lawyer/ViewMilestone.php?MilestoneId=112">MSFED1</a> of case <a href="http://reachlawyer.com/new/CaseDetail.php?caseid=118">CheckBalanceCAD1</a>', 0),
(905, '2011-04-08 15:16:51', 0, 62, 'LAWYER', 62, 'LAWYER', 'You have created milestone <a href="http://reachlawyer.com/new/Lawyer/ViewMilestone.php?MilestoneId=112">MSFED1</a> of case <a href="http://reachlawyer.com/new/CaseDetail.php?caseid=118">CheckBalanceCAD1</a>', 0),
(906, '2011-04-08 15:17:51', 0, 15, 'CLIENT', 87, 'LAWYER', 'Client <a href="http://reachlawyer.com/new/ClientDetail.php?clientid=15">daniel1 islam1</a> accepted milestone <a href="http://reachlawyer.com/new/Client/ViewMilestone.php?MilestoneId=112">MSFED1</a> of case <a href="http://reachlawyer.com/new/CaseDetail.php?caseid=118">CheckBalanceCAD1</a>', 0),
(907, '2011-04-08 15:17:51', 0, 15, 'CLIENT', 15, 'CLIENT', 'You have accepted milestone <a href="http://reachlawyer.com/new/Client/ViewMilestone.php?MilestoneId=112">MSFED1</a> of case <a href="http://reachlawyer.com/new/CaseDetail.php?caseid=118">CheckBalanceCAD1</a>', 0),
(908, '2011-04-08 15:38:07', 0, 15, 'CLIENT', 15, 'CLIENT', 'You have released an amount of $1.13 to lawyer <a href="http://reachlawyer.com/new/LawyerDetail.php?lawyerid=">Sharon Addison</a> for milestone <a href="http://reachlawyer.com/new/Client/ViewMilestone.php?caseid=118&MilestoneId=112">MSFED1</a> of case <a href="http://reachlawyer.com/new/CaseDetail.php?caseid=118">CheckBalanceCAD1</a>', 0),
(909, '2011-04-08 15:45:09', 0, 15, 'CLIENT', 62, 'LAWYER', 'Your have received a <a href="http://reachlawyer.com/new/Lawyer/FeedbackList.php">feedback</a> from <a href="http://reachlawyer.com/new/ClientDetail.php?clientid=15">daniel1 islam1</a>.', 0),
(910, '2011-04-08 17:22:13', 0, 15, 'CLIENT', 62, 'LAWYER', 'Client <a href="http://reachlawyer.com/new/Client/ClientAccount.php?clientid=15">daniel1 islam1</a> created milestone <a href="http://reachlawyer.com/new/Lawyer/ViewMilestone.php?MilestoneId=113">MSFED2</a> of case <a href="http://reachlawyer.com/new/CaseDetail.php?caseid=118">CheckBalanceCAD1</a>', 0),
(911, '2011-04-08 17:22:13', 0, 15, 'CLIENT', 15, 'CLIENT', 'You have created milestone <a href="http://reachlawyer.com/new/Client/ViewMilestone.php?MilestoneId=113">MSFED2</a> of case <a href="http://reachlawyer.com/new/CaseDetail.php?caseid=118">CheckBalanceCAD1</a>', 0),
(912, '2011-04-08 17:29:47', 0, 87, 'LAWYER', 15, 'CLIENT', 'Lawyer <a href="http://reachlawyer.com/new/LawyerDetail.php?lawyerid=87">Lucas Law</a> accepted milestone <a href="http://reachlawyer.com/new/Lawyer/ViewMilestone.php?MilestoneId=113">MSFED2</a> of case <a href="http://reachlawyer.com/new/CaseDetail.php?caseid=118">CheckBalanceCAD1</a>', 0),
(913, '2011-04-08 17:29:47', 0, 87, 'LAWYER', 87, 'LAWYER', 'You have accepted milestone <a href="http://reachlawyer.com/new/Lawyer/ViewMilestone.php?MilestoneId=113">MSFED2</a> of case <a href="http://reachlawyer.com/new/CaseDetail.php?caseid=118">CheckBalanceCAD1</a>', 0),
(914, '2011-04-08 17:55:08', 0, 68, 'CLIENT', 87, 'LAWYER', 'Client <a href="http://reachlawyer.com/new/ClientDetail.php?clientid=68">Jay Garay</a> accepted milestone <a href="http://reachlawyer.com/new/Client/ViewMilestone.php?MilestoneId=108">Get the criminal out </a> of case <a href="http://reachlawyer.com/new/CaseDetail.php?caseid=117">Somebody tried to hack my facebook account: cybercrime</a>', 0),
(915, '2011-04-08 17:55:08', 0, 68, 'CLIENT', 68, 'CLIENT', 'You have accepted milestone <a href="http://reachlawyer.com/new/Client/ViewMilestone.php?MilestoneId=108">Get the criminal out </a> of case <a href="http://reachlawyer.com/new/CaseDetail.php?caseid=117">Somebody tried to hack my facebook account: cybercrime</a>', 0),
(916, '2011-04-08 18:04:05', 0, 68, 'CLIENT', 99, 'LAWYER', 'Client <a href="http://reachlawyer.com/new/Client/ClientAccount.php?clientid=68">Jay Garay</a> created milestone <a href="http://reachlawyer.com/new/Lawyer/ViewMilestone.php?MilestoneId=114">3rd</a> of case <a href="http://reachlawyer.com/new/CaseDetail.php?caseid=117">Somebody tried to hack my facebook account: cybercrime</a>', 0),
(917, '2011-04-08 18:04:05', 0, 68, 'CLIENT', 68, 'CLIENT', 'You have created milestone <a href="http://reachlawyer.com/new/Client/ViewMilestone.php?MilestoneId=114">3rd</a> of case <a href="http://reachlawyer.com/new/CaseDetail.php?caseid=117">Somebody tried to hack my facebook account: cybercrime</a>', 0),
(918, '2011-04-08 18:05:44', 0, 87, 'LAWYER', 68, 'CLIENT', 'Lawyer <a href="http://reachlawyer.com/new/LawyerDetail.php?lawyerid=87">Lucas Law</a> accepted milestone <a href="http://reachlawyer.com/new/Lawyer/ViewMilestone.php?MilestoneId=114">3rd</a> of case <a href="http://reachlawyer.com/new/CaseDetail.php?caseid=117">Somebody tried to hack my facebook account: cybercrime</a>', 0);
INSERT INTO `lm_notification_tbl` (`NotificationId`, `DateCreated`, `NotificationType`, `NotificationFrom`, `NotificationFromType`, `NotificationTo`, `NotificationToType`, `NotificationText`, `HideNotification`) VALUES
(919, '2011-04-08 18:05:44', 0, 87, 'LAWYER', 87, 'LAWYER', 'You have accepted milestone <a href="http://reachlawyer.com/new/Lawyer/ViewMilestone.php?MilestoneId=114">3rd</a> of case <a href="http://reachlawyer.com/new/CaseDetail.php?caseid=117">Somebody tried to hack my facebook account: cybercrime</a>', 0),
(920, '2011-04-08 18:21:36', 0, 68, 'CLIENT', 99, 'LAWYER', 'Client <a href="http://reachlawyer.com/new/Client/ClientAccount.php?clientid=68">Jay Garay</a> created milestone <a href="http://reachlawyer.com/new/Lawyer/ViewMilestone.php?MilestoneId=115">4th M</a> of case <a href="http://reachlawyer.com/new/CaseDetail.php?caseid=117">Somebody tried to hack my facebook account: cybercrime</a>', 0),
(921, '2011-04-08 18:21:36', 0, 68, 'CLIENT', 68, 'CLIENT', 'You have created milestone <a href="http://reachlawyer.com/new/Client/ViewMilestone.php?MilestoneId=115">4th M</a> of case <a href="http://reachlawyer.com/new/CaseDetail.php?caseid=117">Somebody tried to hack my facebook account: cybercrime</a>', 0),
(922, '2011-04-11 16:15:14', 0, 87, 'LAWYER', 68, 'CLIENT', 'Lawyer <a href="http://reachlawyer.com/new/LawyerDetail.php?lawyerid=87">Lucas Law</a> accepted milestone <a href="http://reachlawyer.com/new/Lawyer/ViewMilestone.php?MilestoneId=115">4th M</a> of case <a href="http://reachlawyer.com/new/CaseDetail.php?caseid=117">Somebody tried to hack my facebook account: cybercrime</a>', 0),
(923, '2011-04-11 16:15:14', 0, 87, 'LAWYER', 87, 'LAWYER', 'You have accepted milestone <a href="http://reachlawyer.com/new/Lawyer/ViewMilestone.php?MilestoneId=115">4th M</a> of case <a href="http://reachlawyer.com/new/CaseDetail.php?caseid=117">Somebody tried to hack my facebook account: cybercrime</a>', 0),
(924, '2011-04-11 16:15:46', 0, 68, 'CLIENT', 99, 'LAWYER', 'Client <a href="http://reachlawyer.com/new/Client/ClientAccount.php?clientid=68">Jay Garay</a> created milestone <a href="http://reachlawyer.com/new/Lawyer/ViewMilestone.php?MilestoneId=116">5th M</a> of case <a href="http://reachlawyer.com/new/CaseDetail.php?caseid=117">Somebody tried to hack my facebook account: cybercrime</a>', 0),
(925, '2011-04-11 16:15:46', 0, 68, 'CLIENT', 68, 'CLIENT', 'You have created milestone <a href="http://reachlawyer.com/new/Client/ViewMilestone.php?MilestoneId=116">5th M</a> of case <a href="http://reachlawyer.com/new/CaseDetail.php?caseid=117">Somebody tried to hack my facebook account: cybercrime</a>', 0),
(926, '2011-04-11 16:21:13', 0, 87, 'LAWYER', 68, 'CLIENT', 'Lawyer <a href="http://reachlawyer.com/new/LawyerDetail.php?lawyerid=87">Lucas Law</a> accepted milestone <a href="http://reachlawyer.com/new/Lawyer/ViewMilestone.php?MilestoneId=116">5th M</a> of case <a href="http://reachlawyer.com/new/CaseDetail.php?caseid=117">Somebody tried to hack my facebook account: cybercrime</a>', 0),
(927, '2011-04-11 16:21:13', 0, 87, 'LAWYER', 87, 'LAWYER', 'You have accepted milestone <a href="http://reachlawyer.com/new/Lawyer/ViewMilestone.php?MilestoneId=116">5th M</a> of case <a href="http://reachlawyer.com/new/CaseDetail.php?caseid=117">Somebody tried to hack my facebook account: cybercrime</a>', 0),
(928, '2011-04-11 17:57:53', 0, 15, 'CLIENT', 62, 'LAWYER', 'Client <a href="http://reachlawyer.com/new/Client/ClientAccount.php?clientid=15">daniel1 islam1</a> created milestone <a href="http://reachlawyer.com/new/Lawyer/ViewMilestone.php?MilestoneId=117">MS5_CAD</a> of case <a href="http://reachlawyer.com/new/CaseDetail.php?caseid=107">CADcase1</a>', 0),
(929, '2011-04-11 17:57:53', 0, 15, 'CLIENT', 15, 'CLIENT', 'You have created milestone <a href="http://reachlawyer.com/new/Client/ViewMilestone.php?MilestoneId=117">MS5_CAD</a> of case <a href="http://reachlawyer.com/new/CaseDetail.php?caseid=107">CADcase1</a>', 0),
(930, '2011-04-11 17:58:58', 0, 87, 'LAWYER', 15, 'CLIENT', 'Lawyer <a href="http://reachlawyer.com/new/LawyerDetail.php?lawyerid=87">Lucas Law</a> accepted milestone <a href="http://reachlawyer.com/new/Lawyer/ViewMilestone.php?MilestoneId=117">MS5_CAD</a> of case <a href="http://reachlawyer.com/new/CaseDetail.php?caseid=107">CADcase1</a>', 0),
(931, '2011-04-11 17:58:58', 0, 87, 'LAWYER', 87, 'LAWYER', 'You have accepted milestone <a href="http://reachlawyer.com/new/Lawyer/ViewMilestone.php?MilestoneId=117">MS5_CAD</a> of case <a href="http://reachlawyer.com/new/CaseDetail.php?caseid=107">CADcase1</a>', 0),
(932, '2011-04-12 19:06:13', 0, 68, 'CLIENT', 99, 'LAWYER', 'Client <a href="http://reachlawyer.com/new/Client/ClientAccount.php?clientid=68">Jay Garay</a> created milestone <a href="http://reachlawyer.com/new/Lawyer/ViewMilestone.php?MilestoneId=118">6th M</a> of case <a href="http://reachlawyer.com/new/CaseDetail.php?caseid=117">Somebody tried to hack my facebook account: cybercrime</a>', 0),
(933, '2011-04-12 19:06:13', 0, 68, 'CLIENT', 68, 'CLIENT', 'You have created milestone <a href="http://reachlawyer.com/new/Client/ViewMilestone.php?MilestoneId=118">6th M</a> of case <a href="http://reachlawyer.com/new/CaseDetail.php?caseid=117">Somebody tried to hack my facebook account: cybercrime</a>', 0),
(934, '2011-04-12 19:07:13', 0, 87, 'LAWYER', 68, 'CLIENT', 'Lawyer <a href="http://reachlawyer.com/new/LawyerDetail.php?lawyerid=87">Lucas Law</a> accepted milestone <a href="http://reachlawyer.com/new/Lawyer/ViewMilestone.php?MilestoneId=118">6th M</a> of case <a href="http://reachlawyer.com/new/CaseDetail.php?caseid=117">Somebody tried to hack my facebook account: cybercrime</a>', 0),
(935, '2011-04-12 19:07:13', 0, 87, 'LAWYER', 87, 'LAWYER', 'You have accepted milestone <a href="http://reachlawyer.com/new/Lawyer/ViewMilestone.php?MilestoneId=118">6th M</a> of case <a href="http://reachlawyer.com/new/CaseDetail.php?caseid=117">Somebody tried to hack my facebook account: cybercrime</a>', 0),
(936, '2011-04-12 19:08:37', 0, 99, 'LAWYER', 68, 'CLIENT', 'You have a <a href="http://reachlawyer.com/new/Client/ListReleaseRequest.php">Release Request</a> from <a href="http://reachlawyer.com/new/LawyerDetail.php?lawyerid=99">Jal Law</a> for Case <a href="http://reachlawyer.com/new/CaseDetail.php?caseid=117">Somebody tried to hack my facebook account: cybercrime</a>, Milestone <a href="http://reachlawyer.com/new/Client/ClientMilestone.php?MilestoneId=118">6th M</a>.', 0),
(937, '2011-04-12 19:08:38', 0, 99, 'LAWYER', 99, 'LAWYER', 'You have made a <font color="red">Release Request</font> to <a href="http://reachlawyer.com/new/ClientDetail.php?clientid=68">Jay Garay</a> for Case <a href="http://reachlawyer.com/new/CaseDetail.php?caseid=117">Somebody tried to hack my facebook account: cybercrime</a>, Milestone <a href="http://reachlawyer.com/new/Client/ClientMilestone.php?MilestoneId=118">6th M</a>.', 0),
(938, '2011-04-12 19:40:26', 0, 62, 'LAWYER', 15, 'CLIENT', 'You have a <a href="http://reachlawyer.com/new/Client/ListReleaseRequest.php">Release Request</a> from <a href="http://reachlawyer.com/new/LawyerDetail.php?lawyerid=62">Sharon Addison</a> for Case <a href="http://reachlawyer.com/new/CaseDetail.php?caseid=107">CADcase1</a>, Milestone <a href="http://reachlawyer.com/new/Client/ClientMilestone.php?MilestoneId=117">MS5_CAD</a>.', 0),
(939, '2011-04-12 19:40:26', 0, 62, 'LAWYER', 62, 'LAWYER', 'You have made a <font color="red">Release Request</font> to <a href="http://reachlawyer.com/new/ClientDetail.php?clientid=15">daniel1 islam1</a> for Case <a href="http://reachlawyer.com/new/CaseDetail.php?caseid=107">CADcase1</a>, Milestone <a href="http://reachlawyer.com/new/Client/ClientMilestone.php?MilestoneId=117">MS5_CAD</a>.', 0),
(940, '2011-04-12 19:47:57', 0, 99, 'LAWYER', 68, 'CLIENT', 'You have a <a href="http://reachlawyer.com/new/Client/ListReleaseRequest.php">Release Request</a> from <a href="http://reachlawyer.com/new/LawyerDetail.php?lawyerid=99">Jal Law</a> for Case <a href="http://reachlawyer.com/new/CaseDetail.php?caseid=117">Somebody tried to hack my facebook account: cybercrime</a>, Milestone <a href="http://reachlawyer.com/new/Client/ClientMilestone.php?MilestoneId=118">6th M</a>.', 0),
(941, '2011-04-12 19:47:57', 0, 99, 'LAWYER', 99, 'LAWYER', 'You have made a <font color="red">Release Request</font> to <a href="http://reachlawyer.com/new/ClientDetail.php?clientid=68">Jay Garay</a> for Case <a href="http://reachlawyer.com/new/CaseDetail.php?caseid=117">Somebody tried to hack my facebook account: cybercrime</a>, Milestone <a href="http://reachlawyer.com/new/Client/ClientMilestone.php?MilestoneId=118">6th M</a>.', 0),
(942, '2011-04-12 19:48:27', 0, 99, 'LAWYER', 68, 'CLIENT', 'You have a <a href="http://reachlawyer.com/new/Client/ListReleaseRequest.php">Release Request</a> from <a href="http://reachlawyer.com/new/LawyerDetail.php?lawyerid=99">Jal Law</a> for Case <a href="http://reachlawyer.com/new/CaseDetail.php?caseid=117">Somebody tried to hack my facebook account: cybercrime</a>, Milestone <a href="http://reachlawyer.com/new/Client/ClientMilestone.php?MilestoneId=114">3rd</a>.', 0),
(943, '2011-04-12 19:48:27', 0, 99, 'LAWYER', 99, 'LAWYER', 'You have made a <font color="red">Release Request</font> to <a href="http://reachlawyer.com/new/ClientDetail.php?clientid=68">Jay Garay</a> for Case <a href="http://reachlawyer.com/new/CaseDetail.php?caseid=117">Somebody tried to hack my facebook account: cybercrime</a>, Milestone <a href="http://reachlawyer.com/new/Client/ClientMilestone.php?MilestoneId=114">3rd</a>.', 0),
(944, '2011-04-13 13:27:47', 0, 62, 'LAWYER', 15, 'CLIENT', 'You have a <a href="http://reachlawyer.com/new/Client/ListReleaseRequest.php">Release Request</a> from <a href="http://reachlawyer.com/new/LawyerDetail.php?lawyerid=62">Sharon Addison</a> for Case <a href="http://reachlawyer.com/new/CaseDetail.php?caseid=107">CADcase1</a>, Milestone <a href="http://reachlawyer.com/new/Client/ClientMilestone.php?MilestoneId=91">MS3_CAD</a>.', 0),
(945, '2011-04-13 13:27:47', 0, 62, 'LAWYER', 62, 'LAWYER', 'You have made a <font color="red">Release Request</font> to <a href="http://reachlawyer.com/new/ClientDetail.php?clientid=15">daniel1 islam1</a> for Case <a href="http://reachlawyer.com/new/CaseDetail.php?caseid=107">CADcase1</a>, Milestone <a href="http://reachlawyer.com/new/Client/ClientMilestone.php?MilestoneId=91">MS3_CAD</a>.', 0),
(946, '2011-04-13 16:03:37', 0, 69, 'CLIENT', 69, 'CLIENT', 'You have posted a new case <a href="http://reachlawyer.com/new/CaseDetail.php?caseid=122">Fight against corporate exploitation</a>', 0),
(947, '2011-04-13 16:44:27', 0, 69, 'CLIENT', 69, 'CLIENT', 'You have invited lawyer <a href="http://reachlawyer.com/new/LawyerDetail.php?lawyerid=102">Ritu Lawyer</a> to bid on case <a href="http://reachlawyer.com/new/CaseDetail.php?caseid=122">Fight against corporate exploitation</a>', 0),
(948, '2011-04-13 16:44:27', 0, 69, 'CLIENT', 102, 'LAWYER', 'You have been invited by <a href="http://reachlawyer.com/new/Client/ClientAccount.php?clientid=69">Ritu Client</a> to bid on the case <a href="http://reachlawyer.com/new/CaseDetail.php?caseid=122">Fight against corporate exploitation</a>.', 0),
(949, '2011-04-13 16:48:39', 0, 102, 'LAWYER', 69, 'CLIENT', 'You have a <a href="http://reachlawyer.com/new/Client/SelectLawyer.php?caseid=122">New Bid</a> from <a href="http://reachlawyer.com/new/LawyerDetail.php?lawyerid=102">Ritu Lawyer</a> for the Case <a href="http://reachlawyer.com/new/CaseDetail.php?caseid=122">Fight against corporate exploitation</a>', 0),
(950, '2011-04-13 16:50:20', 0, 69, 'CLIENT', 102, 'LAWYER', 'The case <a href="http://reachlawyer.com/new/CaseDetail.php?caseid=122">Fight against corporate exploitation</a> has been awarded to you by <a href="http://reachlawyer.com/new/ClientDetail.php?clientid=69">Ritu Client</a>.', 0),
(951, '2011-04-13 16:58:22', 0, 102, 'LAWYER', 69, 'CLIENT', 'Lawyer <a href="http://reachlawyer.com/new/LawyerDetail.php?lawyerid=102">Ritu Lawyer</a> has accepted your case <a href="http://reachlawyer.com/new/CaseDetail.php?caseid=122">Fight against corporate exploitation</a>. Please check your account as the case posting fee has been refunded to you.', 0),
(952, '2011-04-13 16:58:22', 0, 102, 'LAWYER', 102, 'LAWYER', 'You have accepted case <a href="http://reachlawyer.com/new/CaseDetail.php?caseid=122">Fight against corporate exploitation</a> from <a href="http://reachlawyer.com/new/ClientDetail.php?clientid=69">Ritu Client</a>', 0),
(953, '2011-04-13 17:06:53', 0, 0, 'ADMIN', 69, 'CLIENT', 'You have escrowed an amount of USD 208 for the case <a href=http://reachlawyer.com/new/CaseDetail.php?caseid=122>Fight against corporate exploitation</a>', 0),
(954, '2011-04-13 17:09:19', 0, 69, 'CLIENT', 102, 'LAWYER', 'Client <a href="http://reachlawyer.com/new/Client/ClientAccount.php?clientid=69">Ritu Client</a> created milestone <a href="http://reachlawyer.com/new/Lawyer/ViewMilestone.php?MilestoneId=119">MS1_F</a> of case <a href="http://reachlawyer.com/new/CaseDetail.php?caseid=122">Fight against corporate exploitation</a>', 0),
(955, '2011-04-13 17:09:19', 0, 69, 'CLIENT', 69, 'CLIENT', 'You have created milestone <a href="http://reachlawyer.com/new/Client/ViewMilestone.php?MilestoneId=119">MS1_F</a> of case <a href="http://reachlawyer.com/new/CaseDetail.php?caseid=122">Fight against corporate exploitation</a>', 0),
(956, '2011-04-13 17:12:36', 0, 87, 'LAWYER', 69, 'CLIENT', 'Lawyer <a href="http://reachlawyer.com/new/LawyerDetail.php?lawyerid=87">Lucas Law</a> accepted milestone <a href="http://reachlawyer.com/new/Lawyer/ViewMilestone.php?MilestoneId=119">MS1_F</a> of case <a href="http://reachlawyer.com/new/CaseDetail.php?caseid=122">Fight against corporate exploitation</a>', 0),
(957, '2011-04-13 17:12:36', 0, 87, 'LAWYER', 87, 'LAWYER', 'You have accepted milestone <a href="http://reachlawyer.com/new/Lawyer/ViewMilestone.php?MilestoneId=119">MS1_F</a> of case <a href="http://reachlawyer.com/new/CaseDetail.php?caseid=122">Fight against corporate exploitation</a>', 0),
(958, '2011-04-13 17:13:18', 0, 102, 'LAWYER', 69, 'CLIENT', 'Lawyer <a href="http://reachlawyer.com/new/LawyerDetail.php?lawyerid=102">Ritu Lawyer</a> created milestone <a href="http://reachlawyer.com/new/Lawyer/ViewMilestone.php?MilestoneId=120">MS2_F</a> of case <a href="http://reachlawyer.com/new/CaseDetail.php?caseid=122">Fight against corporate exploitation</a>', 0),
(959, '2011-04-13 17:13:18', 0, 102, 'LAWYER', 102, 'LAWYER', 'You have created milestone <a href="http://reachlawyer.com/new/Lawyer/ViewMilestone.php?MilestoneId=120">MS2_F</a> of case <a href="http://reachlawyer.com/new/CaseDetail.php?caseid=122">Fight against corporate exploitation</a>', 0),
(960, '2011-04-13 17:14:38', 0, 69, 'CLIENT', 87, 'LAWYER', 'Client <a href="http://reachlawyer.com/new/ClientDetail.php?clientid=69">Ritu Client</a> accepted milestone <a href="http://reachlawyer.com/new/Client/ViewMilestone.php?MilestoneId=120">MS2_F</a> of case <a href="http://reachlawyer.com/new/CaseDetail.php?caseid=122">Fight against corporate exploitation</a>', 0),
(961, '2011-04-13 17:14:38', 0, 69, 'CLIENT', 69, 'CLIENT', 'You have accepted milestone <a href="http://reachlawyer.com/new/Client/ViewMilestone.php?MilestoneId=120">MS2_F</a> of case <a href="http://reachlawyer.com/new/CaseDetail.php?caseid=122">Fight against corporate exploitation</a>', 0),
(962, '2011-04-13 17:16:06', 0, 102, 'LAWYER', 69, 'CLIENT', 'You have a <a href="http://reachlawyer.com/new/Client/ListReleaseRequest.php">Release Request</a> from <a href="http://reachlawyer.com/new/LawyerDetail.php?lawyerid=102">Ritu Lawyer</a> for Case <a href="http://reachlawyer.com/new/CaseDetail.php?caseid=122">Fight against corporate exploitation</a>, Milestone <a href="http://reachlawyer.com/new/Client/ClientMilestone.php?MilestoneId=119">MS1_F</a>.', 0),
(963, '2011-04-13 17:16:07', 0, 102, 'LAWYER', 102, 'LAWYER', 'You have made a <font color="red">Release Request</font> to <a href="http://reachlawyer.com/new/ClientDetail.php?clientid=69">Ritu Client</a> for Case <a href="http://reachlawyer.com/new/CaseDetail.php?caseid=122">Fight against corporate exploitation</a>, Milestone <a href="http://reachlawyer.com/new/Client/ClientMilestone.php?MilestoneId=119">MS1_F</a>.', 0),
(964, '2011-04-13 17:21:03', 0, 69, 'CLIENT', 102, 'LAWYER', 'Your Release Request for the milestone MS1_F for the case <a href="http://reachlawyer.com/new/CaseDetail.php?caseid=122">Fight against corporate exploitation</a> has been confirmed. An amount of US $58.24 has been added to your account.', 0),
(965, '2011-04-13 17:21:03', 0, 69, 'CLIENT', 69, 'CLIENT', 'The Release Request for the milestone MS1_F for the case <a href="http://reachlawyer.com/new/CaseDetail.php?caseid=122">Fight against corporate exploitation</a> is confirmed by you. An amount of US $58.24 has been sent to your lawyer <a href="http://reachlawyer.com/new/LawyerDetail.php?lawyerid=102">Ritu Lawyer</a>.', 0),
(966, '2011-04-13 17:21:04', 0, 69, 'CLIENT', 0, 'ADMIN', 'The Release Request for the milestone MS1_F for the case <a href="http://reachlawyer.com/new/CaseDetail.php?caseid=122">Fight against corporate exploitation</a> has been confirmed.', 0),
(967, '2011-04-13 17:27:10', 0, 69, 'CLIENT', 102, 'LAWYER', 'Client <a href="http://reachlawyer.com/new/Client/ClientAccount.php?clientid=69">Ritu Client</a> created milestone <a href="http://reachlawyer.com/new/Lawyer/ViewMilestone.php?MilestoneId=121">MS3_F</a> of case <a href="http://reachlawyer.com/new/CaseDetail.php?caseid=122">Fight against corporate exploitation</a>', 0),
(968, '2011-04-13 17:27:10', 0, 69, 'CLIENT', 69, 'CLIENT', 'You have created milestone <a href="http://reachlawyer.com/new/Client/ViewMilestone.php?MilestoneId=121">MS3_F</a> of case <a href="http://reachlawyer.com/new/CaseDetail.php?caseid=122">Fight against corporate exploitation</a>', 0),
(969, '2011-04-13 17:31:10', 0, 87, 'LAWYER', 69, 'CLIENT', 'Lawyer <a href="http://reachlawyer.com/new/LawyerDetail.php?lawyerid=87">Lucas Law</a> accepted milestone <a href="http://reachlawyer.com/new/Lawyer/ViewMilestone.php?MilestoneId=121">MS3_F</a> of case <a href="http://reachlawyer.com/new/CaseDetail.php?caseid=122">Fight against corporate exploitation</a>', 0),
(970, '2011-04-13 17:31:10', 0, 87, 'LAWYER', 87, 'LAWYER', 'You have accepted milestone <a href="http://reachlawyer.com/new/Lawyer/ViewMilestone.php?MilestoneId=121">MS3_F</a> of case <a href="http://reachlawyer.com/new/CaseDetail.php?caseid=122">Fight against corporate exploitation</a>', 0),
(971, '2011-04-13 18:26:40', 0, 0, 'ADMIN', 69, 'CLIENT', 'You have escrowed an amount of USD 208 for the case <a href=http://reachlawyer.com/new/CaseDetail.php?caseid=122>Fight against corporate exploitation</a>', 0),
(972, '2011-04-13 18:39:03', 0, 68, 'CLIENT', 68, 'CLIENT', 'You have posted a new case <a href="http://reachlawyer.com/new/CaseDetail.php?caseid=123">Trying to get my account back</a>', 0),
(973, '2011-04-13 18:40:28', 0, 99, 'LAWYER', 68, 'CLIENT', 'You have a <a href="http://reachlawyer.com/new/Client/SelectLawyer.php?caseid=123">New Bid</a> from <a href="http://reachlawyer.com/new/LawyerDetail.php?lawyerid=99">Jal Law</a> for the Case <a href="http://reachlawyer.com/new/CaseDetail.php?caseid=123">Trying to get my account back</a>', 0),
(974, '2011-04-13 18:41:40', 0, 68, 'CLIENT', 99, 'LAWYER', 'The case <a href="http://reachlawyer.com/new/CaseDetail.php?caseid=123">Trying to get my account back</a> has been awarded to you by <a href="http://reachlawyer.com/new/ClientDetail.php?clientid=68">Jay Garay</a>.', 0),
(975, '2011-04-13 18:42:09', 0, 99, 'LAWYER', 68, 'CLIENT', 'Lawyer <a href="http://reachlawyer.com/new/LawyerDetail.php?lawyerid=99">Jal Law</a> has accepted your case <a href="http://reachlawyer.com/new/CaseDetail.php?caseid=123">Trying to get my account back</a>. Please check your account as the case posting fee has been refunded to you.', 0),
(976, '2011-04-13 18:42:09', 0, 99, 'LAWYER', 99, 'LAWYER', 'You have accepted case <a href="http://reachlawyer.com/new/CaseDetail.php?caseid=123">Trying to get my account back</a> from <a href="http://reachlawyer.com/new/ClientDetail.php?clientid=68">Jay Garay</a>', 0),
(977, '2011-04-13 18:45:26', 0, 68, 'CLIENT', 99, 'LAWYER', 'Client <a href="http://reachlawyer.com/new/Client/ClientAccount.php?clientid=68">Jay Garay</a> created milestone <a href="http://reachlawyer.com/new/Lawyer/ViewMilestone.php?MilestoneId=122">MS1</a> of case <a href="http://reachlawyer.com/new/CaseDetail.php?caseid=123">Trying to get my account back</a>', 0),
(978, '2011-04-13 18:45:26', 0, 68, 'CLIENT', 68, 'CLIENT', 'You have created milestone <a href="http://reachlawyer.com/new/Client/ViewMilestone.php?MilestoneId=122">MS1</a> of case <a href="http://reachlawyer.com/new/CaseDetail.php?caseid=123">Trying to get my account back</a>', 0),
(979, '2011-04-13 18:46:23', 0, 68, 'CLIENT', 99, 'LAWYER', 'Client <a href="http://reachlawyer.com/new/Client/ClientAccount.php?clientid=68">Jay Garay</a> created milestone <a href="http://reachlawyer.com/new/Lawyer/ViewMilestone.php?MilestoneId=123">MS2</a> of case <a href="http://reachlawyer.com/new/CaseDetail.php?caseid=123">Trying to get my account back</a>', 0),
(980, '2011-04-13 18:46:23', 0, 68, 'CLIENT', 68, 'CLIENT', 'You have created milestone <a href="http://reachlawyer.com/new/Client/ViewMilestone.php?MilestoneId=123">MS2</a> of case <a href="http://reachlawyer.com/new/CaseDetail.php?caseid=123">Trying to get my account back</a>', 0),
(981, '2011-04-13 18:47:18', 0, 87, 'LAWYER', 68, 'CLIENT', 'Lawyer <a href="http://reachlawyer.com/new/LawyerDetail.php?lawyerid=87">Lucas Law</a> accepted milestone <a href="http://reachlawyer.com/new/Lawyer/ViewMilestone.php?MilestoneId=123">MS2</a> of case <a href="http://reachlawyer.com/new/CaseDetail.php?caseid=123">Trying to get my account back</a>', 0),
(982, '2011-04-13 18:47:18', 0, 87, 'LAWYER', 87, 'LAWYER', 'You have accepted milestone <a href="http://reachlawyer.com/new/Lawyer/ViewMilestone.php?MilestoneId=123">MS2</a> of case <a href="http://reachlawyer.com/new/CaseDetail.php?caseid=123">Trying to get my account back</a>', 0),
(983, '2011-04-13 18:47:58', 0, 87, 'LAWYER', 68, 'CLIENT', 'Lawyer <a href="http://reachlawyer.com/new/LawyerDetail.php?lawyerid=87">Lucas Law</a> accepted milestone <a href="http://reachlawyer.com/new/Lawyer/ViewMilestone.php?MilestoneId=122">MS1</a> of case <a href="http://reachlawyer.com/new/CaseDetail.php?caseid=123">Trying to get my account back</a>', 0),
(984, '2011-04-13 18:47:58', 0, 87, 'LAWYER', 87, 'LAWYER', 'You have accepted milestone <a href="http://reachlawyer.com/new/Lawyer/ViewMilestone.php?MilestoneId=122">MS1</a> of case <a href="http://reachlawyer.com/new/CaseDetail.php?caseid=123">Trying to get my account back</a>', 0),
(985, '2011-04-13 18:49:30', 0, 99, 'LAWYER', 68, 'CLIENT', 'You have a <a href="http://reachlawyer.com/new/Client/ListReleaseRequest.php">Release Request</a> from <a href="http://reachlawyer.com/new/LawyerDetail.php?lawyerid=99">Jal Law</a> for Case <a href="http://reachlawyer.com/new/CaseDetail.php?caseid=123">Trying to get my account back</a>, Milestone <a href="http://reachlawyer.com/new/Client/ClientMilestone.php?MilestoneId=123">MS2</a>.', 0),
(986, '2011-04-13 18:49:31', 0, 99, 'LAWYER', 99, 'LAWYER', 'You have made a <font color="red">Release Request</font> to <a href="http://reachlawyer.com/new/ClientDetail.php?clientid=68">Jay Garay</a> for Case <a href="http://reachlawyer.com/new/CaseDetail.php?caseid=123">Trying to get my account back</a>, Milestone <a href="http://reachlawyer.com/new/Client/ClientMilestone.php?MilestoneId=123">MS2</a>.', 0),
(987, '2011-04-13 19:27:41', 0, 0, 'ADMIN', 68, 'CLIENT', 'You have escrowed an amount of USD 520 for the case <a href=http://reachlawyer.com/new/CaseDetail.php?caseid=123>Trying to get my account back</a>', 0),
(988, '2011-04-14 02:55:33', 0, 0, 'ADMIN', 71, 'CLIENT', 'You have escrowed an amount of USD 181.1784 for the case <a href=http://reachlawyer.com/new/CaseDetail.php?caseid=121>Terms and conditions for my website</a>', 0),
(989, '2011-04-14 02:57:17', 0, 71, 'CLIENT', 104, 'LAWYER', 'Your Release Request for the milestone 2nd for the case <a href="http://reachlawyer.com/new/CaseDetail.php?caseid=121">Terms and conditions for my website</a> has been confirmed. An amount of US $117.60 has been added to your account.', 0),
(990, '2011-04-14 02:57:17', 0, 71, 'CLIENT', 71, 'CLIENT', 'The Release Request for the milestone 2nd for the case <a href="http://reachlawyer.com/new/CaseDetail.php?caseid=121">Terms and conditions for my website</a> is confirmed by you. An amount of US $117.60 has been sent to your lawyer <a href="http://reachlawyer.com/new/LawyerDetail.php?lawyerid=104">Lucas Lawyer</a>.', 0),
(991, '2011-04-14 02:57:18', 0, 71, 'CLIENT', 0, 'ADMIN', 'The Release Request for the milestone 2nd for the case <a href="http://reachlawyer.com/new/CaseDetail.php?caseid=121">Terms and conditions for my website</a> has been confirmed.', 0),
(992, '2011-04-14 11:33:48', 0, 71, 'CLIENT', 104, 'LAWYER', 'Client <a href="http://reachlawyer.com/new/Client/ClientAccount.php?clientid=71">Lucas Client</a> created milestone <a href="http://reachlawyer.com/new/Lawyer/ViewMilestone.php?MilestoneId=124">3rd</a> of case <a href="http://reachlawyer.com/new/CaseDetail.php?caseid=121">Terms and conditions for my website</a>', 0),
(993, '2011-04-14 11:33:48', 0, 71, 'CLIENT', 71, 'CLIENT', 'You have created milestone <a href="http://reachlawyer.com/new/Client/ViewMilestone.php?MilestoneId=124">3rd</a> of case <a href="http://reachlawyer.com/new/CaseDetail.php?caseid=121">Terms and conditions for my website</a>', 0),
(994, '2011-04-14 11:41:55', 0, 87, 'LAWYER', 71, 'CLIENT', 'Lawyer <a href="http://reachlawyer.com/new/LawyerDetail.php?lawyerid=87">Lucas Law</a> accepted milestone <a href="http://reachlawyer.com/new/Lawyer/ViewMilestone.php?MilestoneId=124">3rd</a> of case <a href="http://reachlawyer.com/new/CaseDetail.php?caseid=121">Terms and conditions for my website</a>', 0),
(995, '2011-04-14 11:41:55', 0, 87, 'LAWYER', 87, 'LAWYER', 'You have accepted milestone <a href="http://reachlawyer.com/new/Lawyer/ViewMilestone.php?MilestoneId=124">3rd</a> of case <a href="http://reachlawyer.com/new/CaseDetail.php?caseid=121">Terms and conditions for my website</a>', 0),
(996, '2011-04-14 11:42:32', 0, 104, 'LAWYER', 71, 'CLIENT', 'You have a <a href="http://reachlawyer.com/new/Client/ListReleaseRequest.php">Release Request</a> from <a href="http://reachlawyer.com/new/LawyerDetail.php?lawyerid=104">Lucas Lawyer</a> for Case <a href="http://reachlawyer.com/new/CaseDetail.php?caseid=121">Terms and conditions for my website</a>, Milestone <a href="http://reachlawyer.com/new/Client/ClientMilestone.php?MilestoneId=124">3rd</a>.', 0),
(997, '2011-04-14 11:42:33', 0, 104, 'LAWYER', 104, 'LAWYER', 'You have made a <font color="red">Release Request</font> to <a href="http://reachlawyer.com/new/ClientDetail.php?clientid=71">Lucas Client</a> for Case <a href="http://reachlawyer.com/new/CaseDetail.php?caseid=121">Terms and conditions for my website</a>, Milestone <a href="http://reachlawyer.com/new/Client/ClientMilestone.php?MilestoneId=124">3rd</a>.', 0),
(998, '2011-04-14 11:52:44', 0, 71, 'CLIENT', 104, 'LAWYER', 'Your Release Request for the milestone 3rd for the case <a href="http://reachlawyer.com/new/CaseDetail.php?caseid=121">Terms and conditions for my website</a> has been confirmed. An amount of US $174.72 has been added to your account.', 0),
(999, '2011-04-14 11:52:44', 0, 71, 'CLIENT', 71, 'CLIENT', 'The Release Request for the milestone 3rd for the case <a href="http://reachlawyer.com/new/CaseDetail.php?caseid=121">Terms and conditions for my website</a> is confirmed by you. An amount of US $174.72 has been sent to your lawyer <a href="http://reachlawyer.com/new/LawyerDetail.php?lawyerid=104">Lucas Lawyer</a>.', 0),
(1000, '2011-04-14 11:52:44', 0, 71, 'CLIENT', 0, 'ADMIN', 'The Release Request for the milestone 3rd for the case <a href="http://reachlawyer.com/new/CaseDetail.php?caseid=121">Terms and conditions for my website</a> has been confirmed.', 0),
(1001, '2011-04-14 19:05:05', 0, 69, 'CLIENT', 69, 'CLIENT', 'You have posted a new case <a href="http://reachlawyer.com/new/CaseDetail.php?caseid=124">What to do with CAD?</a>', 0),
(1002, '2011-04-14 19:05:53', 0, 69, 'CLIENT', 69, 'CLIENT', 'You have invited lawyer <a href="http://reachlawyer.com/new/LawyerDetail.php?lawyerid=102">Ritu Lawyer</a> to bid on case <a href="http://reachlawyer.com/new/CaseDetail.php?caseid=124">What to do with CAD?</a>', 0),
(1003, '2011-04-14 19:05:53', 0, 69, 'CLIENT', 102, 'LAWYER', 'You have been invited by <a href="http://reachlawyer.com/new/Client/ClientAccount.php?clientid=69">Ritu Client</a> to bid on the case <a href="http://reachlawyer.com/new/CaseDetail.php?caseid=124">What to do with CAD?</a>.', 0),
(1004, '2011-04-14 19:10:04', 0, 102, 'LAWYER', 69, 'CLIENT', 'You have a <a href="http://reachlawyer.com/new/Client/SelectLawyer.php?caseid=124">New Bid</a> from <a href="http://reachlawyer.com/new/LawyerDetail.php?lawyerid=102">Ritu Lawyer</a> for the Case <a href="http://reachlawyer.com/new/CaseDetail.php?caseid=124">What to do with CAD?</a>', 0),
(1005, '2011-04-14 19:50:32', 0, 69, 'CLIENT', 102, 'LAWYER', 'The case <a href="http://reachlawyer.com/new/CaseDetail.php?caseid=124">What to do with CAD?</a> has been awarded to you by <a href="http://reachlawyer.com/new/ClientDetail.php?clientid=69">Ritu Client</a>.', 0),
(1006, '2011-04-14 19:51:05', 0, 102, 'LAWYER', 69, 'CLIENT', 'Lawyer <a href="http://reachlawyer.com/new/LawyerDetail.php?lawyerid=102">Ritu Lawyer</a> has accepted your case <a href="http://reachlawyer.com/new/CaseDetail.php?caseid=124">What to do with CAD?</a>. Please check your account as the case posting fee has been refunded to you.', 0),
(1007, '2011-04-14 19:51:05', 0, 102, 'LAWYER', 102, 'LAWYER', 'You have accepted case <a href="http://reachlawyer.com/new/CaseDetail.php?caseid=124">What to do with CAD?</a> from <a href="http://reachlawyer.com/new/ClientDetail.php?clientid=69">Ritu Client</a>', 0),
(1008, '2011-04-14 20:09:01', 0, 69, 'CLIENT', 102, 'LAWYER', 'Client <a href="http://reachlawyer.com/new/Client/ClientAccount.php?clientid=69">Ritu Client</a> created milestone <a href="http://reachlawyer.com/new/Lawyer/ViewMilestone.php?MilestoneId=125">MS1</a> of case <a href="http://reachlawyer.com/new/CaseDetail.php?caseid=124">What to do with CAD?</a>', 0),
(1009, '2011-04-14 20:09:01', 0, 69, 'CLIENT', 69, 'CLIENT', 'You have created milestone <a href="http://reachlawyer.com/new/Client/ViewMilestone.php?MilestoneId=125">MS1</a> of case <a href="http://reachlawyer.com/new/CaseDetail.php?caseid=124">What to do with CAD?</a>', 0),
(1010, '2011-04-14 20:09:54', 0, 87, 'LAWYER', 69, 'CLIENT', 'Lawyer <a href="http://reachlawyer.com/new/LawyerDetail.php?lawyerid=87">Lucas Law</a> accepted milestone <a href="http://reachlawyer.com/new/Lawyer/ViewMilestone.php?MilestoneId=125">MS1</a> of case <a href="http://reachlawyer.com/new/CaseDetail.php?caseid=124">What to do with CAD?</a>', 0),
(1011, '2011-04-14 20:09:54', 0, 87, 'LAWYER', 87, 'LAWYER', 'You have accepted milestone <a href="http://reachlawyer.com/new/Lawyer/ViewMilestone.php?MilestoneId=125">MS1</a> of case <a href="http://reachlawyer.com/new/CaseDetail.php?caseid=124">What to do with CAD?</a>', 0),
(1012, '2011-04-14 20:11:15', 0, 0, 'ADMIN', 69, 'CLIENT', 'You have escrowed an amount of USD 12.48 for the case <a href=http://reachlawyer.com/new/CaseDetail.php?caseid=124>What to do with CAD?</a>', 0),
(1013, '2011-04-14 20:14:36', 0, 102, 'LAWYER', 69, 'CLIENT', 'You have a <a href="http://reachlawyer.com/new/Client/ListReleaseRequest.php">Release Request</a> from <a href="http://reachlawyer.com/new/LawyerDetail.php?lawyerid=102">Ritu Lawyer</a> for Case <a href="http://reachlawyer.com/new/CaseDetail.php?caseid=124">What to do with CAD?</a>, Milestone <a href="http://reachlawyer.com/new/Client/ClientMilestone.php?MilestoneId=125">MS1</a>.', 0),
(1014, '2011-04-14 20:14:36', 0, 102, 'LAWYER', 102, 'LAWYER', 'You have made a <font color="red">Release Request</font> to <a href="http://reachlawyer.com/new/ClientDetail.php?clientid=69">Ritu Client</a> for Case <a href="http://reachlawyer.com/new/CaseDetail.php?caseid=124">What to do with CAD?</a>, Milestone <a href="http://reachlawyer.com/new/Client/ClientMilestone.php?MilestoneId=125">MS1</a>.', 0),
(1015, '2011-04-14 20:30:25', 0, 102, 'LAWYER', 69, 'CLIENT', 'You have a <a href="http://reachlawyer.com/new/Client/ListReleaseRequest.php">Release Request</a> from <a href="http://reachlawyer.com/new/LawyerDetail.php?lawyerid=102">Ritu Lawyer</a> for Case <a href="http://reachlawyer.com/new/CaseDetail.php?caseid=124">What to do with CAD?</a>, Milestone <a href="http://reachlawyer.com/new/Client/ClientMilestone.php?MilestoneId=125">MS1</a>.', 0),
(1016, '2011-04-14 20:30:25', 0, 102, 'LAWYER', 102, 'LAWYER', 'You have made a <font color="red">Release Request</font> to <a href="http://reachlawyer.com/new/ClientDetail.php?clientid=69">Ritu Client</a> for Case <a href="http://reachlawyer.com/new/CaseDetail.php?caseid=124">What to do with CAD?</a>, Milestone <a href="http://reachlawyer.com/new/Client/ClientMilestone.php?MilestoneId=125">MS1</a>.', 0),
(1017, '2011-04-14 20:32:32', 0, 102, 'LAWYER', 69, 'CLIENT', 'You have a <a href="http://reachlawyer.com/new/Client/ListReleaseRequest.php">Release Request</a> from <a href="http://reachlawyer.com/new/LawyerDetail.php?lawyerid=102">Ritu Lawyer</a> for Case <a href="http://reachlawyer.com/new/CaseDetail.php?caseid=124">What to do with CAD?</a>, Milestone <a href="http://reachlawyer.com/new/Client/ClientMilestone.php?MilestoneId=125">MS1</a>.', 0),
(1018, '2011-04-14 20:32:32', 0, 102, 'LAWYER', 102, 'LAWYER', 'You have made a <font color="red">Release Request</font> to <a href="http://reachlawyer.com/new/ClientDetail.php?clientid=69">Ritu Client</a> for Case <a href="http://reachlawyer.com/new/CaseDetail.php?caseid=124">What to do with CAD?</a>, Milestone <a href="http://reachlawyer.com/new/Client/ClientMilestone.php?MilestoneId=125">MS1</a>.', 0),
(1019, '2011-04-14 20:45:32', 0, 69, 'CLIENT', 102, 'LAWYER', 'Your Release Request for the milestone MS1 for the case <a href="http://reachlawyer.com/new/CaseDetail.php?caseid=124">What to do with CAD?</a> has been confirmed. An amount of US $11.65 has been added to your account.', 0),
(1020, '2011-04-14 20:45:33', 0, 69, 'CLIENT', 69, 'CLIENT', 'The Release Request for the milestone MS1 for the case <a href="http://reachlawyer.com/new/CaseDetail.php?caseid=124">What to do with CAD?</a> is confirmed by you. An amount of US $11.65 has been sent to your lawyer <a href="http://reachlawyer.com/new/LawyerDetail.php?lawyerid=102">Ritu Lawyer</a>.', 0),
(1021, '2011-04-14 20:45:33', 0, 69, 'CLIENT', 0, 'ADMIN', 'The Release Request for the milestone MS1 for the case <a href="http://reachlawyer.com/new/CaseDetail.php?caseid=124">What to do with CAD?</a> has been confirmed.', 0),
(1022, '2011-04-16 11:33:25', 0, 69, 'CLIENT', 102, 'LAWYER', 'Client <a href="http://reachlawyer.com/new/Client/ClientAccount.php?clientid=69">Ritu Client</a> created milestone <a href="http://reachlawyer.com/new/Lawyer/ViewMilestone.php?MilestoneId=126">MS2</a> of case <a href="http://reachlawyer.com/new/CaseDetail.php?caseid=124">What to do with CAD?</a>', 0),
(1023, '2011-04-16 11:33:25', 0, 69, 'CLIENT', 69, 'CLIENT', 'You have created milestone <a href="http://reachlawyer.com/new/Client/ViewMilestone.php?MilestoneId=126">MS2</a> of case <a href="http://reachlawyer.com/new/CaseDetail.php?caseid=124">What to do with CAD?</a>', 0),
(1024, '2011-04-16 11:34:57', 0, 87, 'LAWYER', 69, 'CLIENT', 'Lawyer <a href="http://reachlawyer.com/new/LawyerDetail.php?lawyerid=87">Lucas Law</a> accepted milestone <a href="http://reachlawyer.com/new/Lawyer/ViewMilestone.php?MilestoneId=126">MS2</a> of case <a href="http://reachlawyer.com/new/CaseDetail.php?caseid=124">What to do with CAD?</a>', 0),
(1025, '2011-04-16 11:34:57', 0, 87, 'LAWYER', 87, 'LAWYER', 'You have accepted milestone <a href="http://reachlawyer.com/new/Lawyer/ViewMilestone.php?MilestoneId=126">MS2</a> of case <a href="http://reachlawyer.com/new/CaseDetail.php?caseid=124">What to do with CAD?</a>', 0),
(1026, '2011-04-16 11:50:47', 0, 0, 'ADMIN', 69, 'CLIENT', 'You have escrowed an amount of USD 31,20 for the case <a href=http://reachlawyer.com/new/CaseDetail.php?caseid=124>What to do with CAD?</a>', 0),
(1027, '2011-04-16 12:11:21', 0, 69, 'CLIENT', 69, 'CLIENT', 'You have released an amount of $23.30 to lawyer <a href="http://reachlawyer.com/new/LawyerDetail.php?lawyerid=">Ritu Lawyer</a> for milestone <a href="http://reachlawyer.com/new/Client/ViewMilestone.php?caseid=124&MilestoneId=126">MS2</a> of case <a href="http://reachlawyer.com/new/CaseDetail.php?caseid=124">What to do with CAD?</a>', 0),
(1028, '2011-04-16 12:27:04', 0, 69, 'CLIENT', 102, 'LAWYER', 'Client <a href="http://reachlawyer.com/new/Client/ClientAccount.php?clientid=69">Ritu Client</a> created milestone <a href="http://reachlawyer.com/new/Lawyer/ViewMilestone.php?MilestoneId=127">MS3</a> of case <a href="http://reachlawyer.com/new/CaseDetail.php?caseid=124">What to do with CAD?</a>', 0),
(1029, '2011-04-16 12:27:04', 0, 69, 'CLIENT', 69, 'CLIENT', 'You have created milestone <a href="http://reachlawyer.com/new/Client/ViewMilestone.php?MilestoneId=127">MS3</a> of case <a href="http://reachlawyer.com/new/CaseDetail.php?caseid=124">What to do with CAD?</a>', 0),
(1030, '2011-04-16 12:27:37', 0, 87, 'LAWYER', 69, 'CLIENT', 'Lawyer <a href="http://reachlawyer.com/new/LawyerDetail.php?lawyerid=87">Lucas Law</a> accepted milestone <a href="http://reachlawyer.com/new/Lawyer/ViewMilestone.php?MilestoneId=127">MS3</a> of case <a href="http://reachlawyer.com/new/CaseDetail.php?caseid=124">What to do with CAD?</a>', 0),
(1031, '2011-04-16 12:27:37', 0, 87, 'LAWYER', 87, 'LAWYER', 'You have accepted milestone <a href="http://reachlawyer.com/new/Lawyer/ViewMilestone.php?MilestoneId=127">MS3</a> of case <a href="http://reachlawyer.com/new/CaseDetail.php?caseid=124">What to do with CAD?</a>', 0),
(1032, '2011-04-16 12:36:18', 0, 0, 'ADMIN', 69, 'CLIENT', 'You have escrowed an amount of USD 4.16 for the case <a href=http://reachlawyer.com/new/CaseDetail.php?caseid=124>What to do with CAD?</a>', 0),
(1033, '2011-04-16 12:42:57', 0, 102, 'LAWYER', 69, 'CLIENT', 'You have a <a href="http://reachlawyer.com/new/Client/ListReleaseRequest.php">Release Request</a> from <a href="http://reachlawyer.com/new/LawyerDetail.php?lawyerid=102">Ritu Lawyer</a> for Case <a href="http://reachlawyer.com/new/CaseDetail.php?caseid=124">What to do with CAD?</a>, Milestone <a href="http://reachlawyer.com/new/Client/ClientMilestone.php?MilestoneId=127">MS3</a>.', 0),
(1034, '2011-04-16 12:42:58', 0, 102, 'LAWYER', 102, 'LAWYER', 'You have made a <font color="red">Release Request</font> to <a href="http://reachlawyer.com/new/ClientDetail.php?clientid=69">Ritu Client</a> for Case <a href="http://reachlawyer.com/new/CaseDetail.php?caseid=124">What to do with CAD?</a>, Milestone <a href="http://reachlawyer.com/new/Client/ClientMilestone.php?MilestoneId=127">MS3</a>.', 0),
(1035, '2011-04-16 12:45:34', 0, 69, 'CLIENT', 102, 'LAWYER', 'Your Release Request for the milestone MS3 for the case <a href="http://reachlawyer.com/new/CaseDetail.php?caseid=124">What to do with CAD?</a> has been confirmed. An amount of US $11.65 has been added to your account.', 0),
(1036, '2011-04-16 12:45:34', 0, 69, 'CLIENT', 69, 'CLIENT', 'The Release Request for the milestone MS3 for the case <a href="http://reachlawyer.com/new/CaseDetail.php?caseid=124">What to do with CAD?</a> is confirmed by you. An amount of US $11.65 has been sent to your lawyer <a href="http://reachlawyer.com/new/LawyerDetail.php?lawyerid=102">Ritu Lawyer</a>.', 0),
(1037, '2011-04-16 12:45:34', 0, 69, 'CLIENT', 0, 'ADMIN', 'The Release Request for the milestone MS3 for the case <a href="http://reachlawyer.com/new/CaseDetail.php?caseid=124">What to do with CAD?</a> has been confirmed.', 0),
(1038, '2011-04-18 10:35:15', 0, 71, 'CLIENT', 104, 'LAWYER', 'Lucas Client wants to close his case \n\n		<a href="http://reachlawyer.com/new/CaseDetail.php?caseid=121">Terms and conditions for my website</a> To view details <a href="http://reachlawyer.com/new/Lawyer/CaseClosedRequest.php?caseid=121">click here</a>', 0),
(1039, '2011-04-19 12:29:16', 0, 95, 'LAWYER', 95, 'LAWYER', 'You bought a subscription of 50 on 04/19/2011', 0),
(1040, '2011-04-19 12:29:16', 0, 95, 'LAWYER', 0, 'ADMIN', 'Lawyer Rituparna Das bought a subscription of 50 on 04/19/2011', 0),
(1041, '2011-04-19 12:29:18', 0, 95, 'LAWYER', 95, 'LAWYER', 'You bought a subscription of  on 04/19/2011', 0),
(1042, '2011-04-19 12:29:18', 0, 95, 'LAWYER', 0, 'ADMIN', 'Lawyer Rituparna Das bought a subscription of  on 04/19/2011', 0),
(1043, '2011-04-19 12:49:56', 0, 95, 'LAWYER', 95, 'LAWYER', 'You bought a subscription of 50 on 04/19/2011', 0),
(1044, '2011-04-19 12:49:56', 0, 95, 'LAWYER', 0, 'ADMIN', 'Lawyer Rituparna Das bought a subscription of 50 on 04/19/2011', 0),
(1045, '2011-04-19 12:49:58', 0, 95, 'LAWYER', 95, 'LAWYER', 'You bought a subscription of  on 04/19/2011', 0),
(1046, '2011-04-19 12:49:58', 0, 95, 'LAWYER', 0, 'ADMIN', 'Lawyer Rituparna Das bought a subscription of  on 04/19/2011', 0),
(1047, '2011-04-19 13:06:14', 0, 95, 'LAWYER', 95, 'LAWYER', 'You bought a subscription of 50 on 04/19/2011', 0),
(1048, '2011-04-19 13:06:14', 0, 95, 'LAWYER', 0, 'ADMIN', 'Lawyer Rituparna Das bought a subscription of 50 on 04/19/2011', 0),
(1049, '2011-04-19 13:43:40', 0, 102, 'LAWYER', 67, 'CLIENT', 'You have a <a href="http://reachlawyer.com/new/Client/SelectLawyer.php?caseid=113">New Bid</a> from <a href="http://reachlawyer.com/new/LawyerDetail.php?lawyerid=102">Ritu Lawyer</a> for the Case <a href="http://reachlawyer.com/new/CaseDetail.php?caseid=113">TrialCase2</a>', 0),
(1050, '2011-04-19 14:28:51', 0, 95, 'LAWYER', 45, 'CLIENT', 'You have a <a href="http://reachlawyer.com/new/Client/SelectLawyer.php?caseid=100">New Bid</a> from <a href="http://reachlawyer.com/new/LawyerDetail.php?lawyerid=95">Rituparna Das</a> for the Case <a href="http://reachlawyer.com/new/CaseDetail.php?caseid=100">Case for basic human rights</a>', 0),
(1051, '2011-04-21 07:12:03', 0, 71, 'CLIENT', 104, 'LAWYER', 'Your have received a <a href="http://reachlawyer.com/new/Lawyer/FeedbackList.php">feedback</a> from <a href="http://reachlawyer.com/new/ClientDetail.php?clientid=71">Lucas Client</a>.', 0),
(1052, '2011-04-21 07:45:18', 0, 104, 'LAWYER', 71, 'CLIENT', 'Your have received a <a href="http://reachlawyer.com/new/Client/FeedbackList.php">feedback</a> from <a href="http://reachlawyer.com/new/LawyerDetail.php?lawyerid=104">Lucas Lawyer</a>.', 0),
(1053, '2011-04-21 07:46:29', 0, 104, 'LAWYER', 71, 'CLIENT', 'Your have received a <a href="http://reachlawyer.com/new/Client/FeedbackList.php">feedback</a> from <a href="http://reachlawyer.com/new/LawyerDetail.php?lawyerid=104">Lucas Lawyer</a>.', 0),
(1054, '2011-04-21 14:06:26', 0, 102, 'LAWYER', 69, 'CLIENT', 'Your have received a <a href="http://reachlawyer.com/new/Client/FeedbackList.php">feedback</a> from <a href="http://reachlawyer.com/new/LawyerDetail.php?lawyerid=102">Ritu Lawyer</a>.', 0),
(1055, '2011-04-21 14:48:46', 0, 69, 'CLIENT', 69, 'CLIENT', 'You have posted a new case <a href="http://reachlawyer.com/new/CaseDetail.php?caseid=125">Closing a case</a>', 0),
(1056, '2011-04-21 14:49:53', 0, 102, 'LAWYER', 69, 'CLIENT', 'Your have received a <a href="http://reachlawyer.com/new/Client/FeedbackList.php">feedback</a> from <a href="http://reachlawyer.com/new/LawyerDetail.php?lawyerid=102">Ritu Lawyer</a>.', 0),
(1057, '2011-04-21 14:50:40', 0, 102, 'LAWYER', 69, 'CLIENT', 'Your have received a <a href="http://reachlawyer.com/new/Client/FeedbackList.php">feedback</a> from <a href="http://reachlawyer.com/new/LawyerDetail.php?lawyerid=102">Ritu Lawyer</a>.', 0),
(1058, '2011-04-21 14:51:27', 0, 69, 'CLIENT', 69, 'CLIENT', 'You have invited lawyer <a href="http://reachlawyer.com/new/LawyerDetail.php?lawyerid=102">Ritu Lawyer</a> to bid on case <a href="http://reachlawyer.com/new/CaseDetail.php?caseid=125">Closing a case</a>', 0),
(1059, '2011-04-21 14:51:27', 0, 69, 'CLIENT', 102, 'LAWYER', 'You have been invited by <a href="http://reachlawyer.com/new/Client/ClientAccount.php?clientid=69">Ritu Client</a> to bid on the case <a href="http://reachlawyer.com/new/CaseDetail.php?caseid=125">Closing a case</a>.', 0),
(1060, '2011-04-21 14:52:46', 0, 102, 'LAWYER', 69, 'CLIENT', 'You have a <a href="http://reachlawyer.com/new/Client/SelectLawyer.php?caseid=125">New Bid</a> from <a href="http://reachlawyer.com/new/LawyerDetail.php?lawyerid=102">Ritu Lawyer</a> for the Case <a href="http://reachlawyer.com/new/CaseDetail.php?caseid=125">Closing a case</a>', 0),
(1061, '2011-04-21 14:53:29', 0, 69, 'CLIENT', 102, 'LAWYER', 'The case <a href="http://reachlawyer.com/new/CaseDetail.php?caseid=125">Closing a case</a> has been awarded to you by <a href="http://reachlawyer.com/new/ClientDetail.php?clientid=69">Ritu Client</a>.', 0),
(1062, '2011-04-21 14:53:53', 0, 102, 'LAWYER', 69, 'CLIENT', 'Lawyer <a href="http://reachlawyer.com/new/LawyerDetail.php?lawyerid=102">Ritu Lawyer</a> has accepted your case <a href="http://reachlawyer.com/new/CaseDetail.php?caseid=125">Closing a case</a>. Please check your account as the case posting fee has been refunded to you.', 0),
(1063, '2011-04-21 14:53:53', 0, 102, 'LAWYER', 102, 'LAWYER', 'You have accepted case <a href="http://reachlawyer.com/new/CaseDetail.php?caseid=125">Closing a case</a> from <a href="http://reachlawyer.com/new/ClientDetail.php?clientid=69">Ritu Client</a>', 0),
(1064, '2011-04-21 14:55:01', 0, 0, 'ADMIN', 69, 'CLIENT', 'You have escrowed an amount of USD 10.60 for the case <a href=http://reachlawyer.com/new/CaseDetail.php?caseid=125>Closing a case</a>', 0),
(1065, '2011-04-21 14:56:28', 0, 69, 'CLIENT', 102, 'LAWYER', 'Client <a href="http://reachlawyer.com/new/Client/ClientAccount.php?clientid=69">Ritu Client</a> created milestone <a href="http://reachlawyer.com/new/Lawyer/ViewMilestone.php?MilestoneId=128">MS1</a> of case <a href="http://reachlawyer.com/new/CaseDetail.php?caseid=125">Closing a case</a>', 0),
(1066, '2011-04-21 14:56:28', 0, 69, 'CLIENT', 69, 'CLIENT', 'You have created milestone <a href="http://reachlawyer.com/new/Client/ViewMilestone.php?MilestoneId=128">MS1</a> of case <a href="http://reachlawyer.com/new/CaseDetail.php?caseid=125">Closing a case</a>', 0),
(1067, '2011-04-21 14:59:06', 0, 87, 'LAWYER', 69, 'CLIENT', 'Lawyer <a href="http://reachlawyer.com/new/LawyerDetail.php?lawyerid=87">Lucas Law</a> accepted milestone <a href="http://reachlawyer.com/new/Lawyer/ViewMilestone.php?MilestoneId=128">MS1</a> of case <a href="http://reachlawyer.com/new/CaseDetail.php?caseid=125">Closing a case</a>', 0),
(1068, '2011-04-21 14:59:06', 0, 87, 'LAWYER', 87, 'LAWYER', 'You have accepted milestone <a href="http://reachlawyer.com/new/Lawyer/ViewMilestone.php?MilestoneId=128">MS1</a> of case <a href="http://reachlawyer.com/new/CaseDetail.php?caseid=125">Closing a case</a>', 0),
(1069, '2011-04-21 15:06:51', 0, 102, 'LAWYER', 69, 'CLIENT', 'You have a <a href="http://reachlawyer.com/new/Client/ListReleaseRequest.php">Release Request</a> from <a href="http://reachlawyer.com/new/LawyerDetail.php?lawyerid=102">Ritu Lawyer</a> for Case <a href="http://reachlawyer.com/new/CaseDetail.php?caseid=125">Closing a case</a>, Milestone <a href="http://reachlawyer.com/new/Client/ClientMilestone.php?MilestoneId=128">MS1</a>.', 0),
(1070, '2011-04-21 15:06:52', 0, 102, 'LAWYER', 102, 'LAWYER', 'You have made a <font color="red">Release Request</font> to <a href="http://reachlawyer.com/new/ClientDetail.php?clientid=69">Ritu Client</a> for Case <a href="http://reachlawyer.com/new/CaseDetail.php?caseid=125">Closing a case</a>, Milestone <a href="http://reachlawyer.com/new/Client/ClientMilestone.php?MilestoneId=128">MS1</a>.', 0),
(1071, '2011-04-21 15:07:35', 0, 69, 'CLIENT', 102, 'LAWYER', 'Your Release Request for the milestone MS1 for the case <a href="http://reachlawyer.com/new/CaseDetail.php?caseid=125">Closing a case</a> has been confirmed. An amount of US $9.50 has been added to your account.', 0),
(1072, '2011-04-21 15:07:35', 0, 69, 'CLIENT', 69, 'CLIENT', 'The Release Request for the milestone MS1 for the case <a href="http://reachlawyer.com/new/CaseDetail.php?caseid=125">Closing a case</a> is confirmed by you. An amount of US $9.50 has been sent to your lawyer <a href="http://reachlawyer.com/new/LawyerDetail.php?lawyerid=102">Ritu Lawyer</a>.', 0),
(1073, '2011-04-21 15:07:35', 0, 69, 'CLIENT', 0, 'ADMIN', 'The Release Request for the milestone MS1 for the case <a href="http://reachlawyer.com/new/CaseDetail.php?caseid=125">Closing a case</a> has been confirmed.', 0),
(1074, '2011-04-21 15:14:29', 0, 69, 'CLIENT', 102, 'LAWYER', 'Your have received a <a href="http://reachlawyer.com/new/Lawyer/FeedbackList.php">feedback</a> from <a href="http://reachlawyer.com/new/ClientDetail.php?clientid=69">Ritu Client</a>.', 0),
(1075, '2011-04-21 15:15:18', 0, 102, 'LAWYER', 69, 'CLIENT', 'Your have received a <a href="http://reachlawyer.com/new/Client/FeedbackList.php">feedback</a> from <a href="http://reachlawyer.com/new/LawyerDetail.php?lawyerid=102">Ritu Lawyer</a>.', 0),
(1076, '2011-04-21 15:23:56', 0, 69, 'CLIENT', 102, 'LAWYER', 'Ritu Client wants to close his case \n\n		<a href="http://reachlawyer.com/new/CaseDetail.php?caseid=125">Closing a case</a> To view details <a href="http://reachlawyer.com/new/Lawyer/CaseClosedRequest.php?caseid=125">click here</a>', 0);
INSERT INTO `lm_notification_tbl` (`NotificationId`, `DateCreated`, `NotificationType`, `NotificationFrom`, `NotificationFromType`, `NotificationTo`, `NotificationToType`, `NotificationText`, `HideNotification`) VALUES
(1077, '2011-04-21 15:25:18', 0, 102, 'LAWYER', 69, 'CLIENT', 'Ritu Lawyer responded to your <a href="http://reachlawyer.com/new/CaseDetail.php?caseid=125">Closing a case</a> close request. To view the detail, please <a href="http://reachlawyer.com/new/Client/LawyerResponse.php?caseid=125">click here</a>', 0),
(1078, '2011-04-23 09:15:30', 0, 73, 'CLIENT', 73, 'CLIENT', 'You have posted a new case <a href="http://reachlawyer.com/new/CaseDetail.php?caseid=126">Agency Agreement</a>', 0),
(1079, '2011-04-23 10:06:31', 0, 73, 'CLIENT', 73, 'CLIENT', 'You have posted a new case <a href="http://reachlawyer.com/new/CaseDetail.php?caseid=127">Sheareholders Disagreement</a>', 0),
(1080, '2011-04-24 01:43:06', 0, 104, 'LAWYER', 73, 'CLIENT', 'You have a <a href="http://reachlawyer.com/new/Client/SelectLawyer.php?caseid=127">New Bid</a> from <a href="http://reachlawyer.com/new/LawyerDetail.php?lawyerid=104">Lucas Lawyer</a> for the Case <a href="http://reachlawyer.com/new/CaseDetail.php?caseid=127">Sheareholders Disagreement</a>', 0),
(1081, '2011-04-24 02:08:32', 0, 73, 'CLIENT', 104, 'LAWYER', 'The case <a href="http://reachlawyer.com/new/CaseDetail.php?caseid=127">Sheareholders Disagreement</a> has been awarded to you by <a href="http://reachlawyer.com/new/ClientDetail.php?clientid=73">TEST CLIENT</a>.', 0),
(1082, '2011-04-24 02:12:08', 0, 104, 'LAWYER', 73, 'CLIENT', 'Lawyer <a href="http://reachlawyer.com/new/LawyerDetail.php?lawyerid=104">Lucas Lawyer</a> has accepted your case <a href="http://reachlawyer.com/new/CaseDetail.php?caseid=127">Sheareholders Disagreement</a>. Please check your account as the case posting fee has been refunded to you.', 0),
(1083, '2011-04-24 02:12:08', 0, 104, 'LAWYER', 104, 'LAWYER', 'You have accepted case <a href="http://reachlawyer.com/new/CaseDetail.php?caseid=127">Sheareholders Disagreement</a> from <a href="http://reachlawyer.com/new/ClientDetail.php?clientid=73">TEST CLIENT</a>', 0),
(1084, '2011-04-24 02:28:47', 0, 73, 'CLIENT', 104, 'LAWYER', 'Client <a href="http://reachlawyer.com/new/Client/ClientAccount.php?clientid=73">TEST CLIENT</a> created milestone <a href="http://reachlawyer.com/new/Lawyer/ViewMilestone.php?MilestoneId=129">1 hour of introduction</a> of case <a href="http://reachlawyer.com/new/CaseDetail.php?caseid=127">Sheareholders Disagreement</a>', 0),
(1085, '2011-04-24 02:28:47', 0, 73, 'CLIENT', 73, 'CLIENT', 'You have created milestone <a href="http://reachlawyer.com/new/Client/ViewMilestone.php?MilestoneId=129">1 hour of introduction</a> of case <a href="http://reachlawyer.com/new/CaseDetail.php?caseid=127">Sheareholders Disagreement</a>', 0),
(1086, '2011-04-24 02:38:28', 0, 87, 'LAWYER', 73, 'CLIENT', 'Lawyer <a href="http://reachlawyer.com/new/LawyerDetail.php?lawyerid=87">Lucas Law</a> rejected milestone <a href="http://reachlawyer.com/new/Lawyer/ViewMilestone.php?MilestoneId=129">1 hour of introduction</a> of case <a href="http://reachlawyer.com/new/CaseDetail.php?caseid=127">Sheareholders Disagreement</a>', 0),
(1087, '2011-04-24 02:38:28', 0, 87, 'LAWYER', 87, 'LAWYER', 'You have rejected milestone <a href="http://reachlawyer.com/new/Lawyer/ViewMilestone.php?MilestoneId=129">1 hour of introduction</a> of case <a href="http://reachlawyer.com/new/CaseDetail.php?caseid=127">Sheareholders Disagreement</a>', 0),
(1088, '2011-04-24 02:51:16', 0, 104, 'LAWYER', 73, 'CLIENT', 'You have a <a href="http://reachlawyer.com/new/Client/SelectLawyer.php?caseid=126">New Bid</a> from <a href="http://reachlawyer.com/new/LawyerDetail.php?lawyerid=104">Lucas Lawyer</a> for the Case <a href="http://reachlawyer.com/new/CaseDetail.php?caseid=126">Agency Agreement</a>', 0),
(1089, '2011-04-24 02:52:31', 0, 73, 'CLIENT', 104, 'LAWYER', 'The case <a href="http://reachlawyer.com/new/CaseDetail.php?caseid=126">Agency Agreement</a> has been awarded to you by <a href="http://reachlawyer.com/new/ClientDetail.php?clientid=73">TEST CLIENT</a>.', 0),
(1090, '2011-04-24 02:54:34', 0, 104, 'LAWYER', 73, 'CLIENT', 'Lawyer <a href="http://reachlawyer.com/new/LawyerDetail.php?lawyerid=104">Lucas Lawyer</a> has accepted your case <a href="http://reachlawyer.com/new/CaseDetail.php?caseid=126">Agency Agreement</a>. Please check your account as the case posting fee has been refunded to you.', 0),
(1091, '2011-04-24 02:54:34', 0, 104, 'LAWYER', 104, 'LAWYER', 'You have accepted case <a href="http://reachlawyer.com/new/CaseDetail.php?caseid=126">Agency Agreement</a> from <a href="http://reachlawyer.com/new/ClientDetail.php?clientid=73">TEST CLIENT</a>', 0),
(1092, '2011-04-24 02:56:26', 0, 104, 'LAWYER', 73, 'CLIENT', 'Lawyer <a href="http://reachlawyer.com/new/LawyerDetail.php?lawyerid=104">Lucas Lawyer</a> created milestone <a href="http://reachlawyer.com/new/Lawyer/ViewMilestone.php?MilestoneId=130">one milestone</a> of case <a href="http://reachlawyer.com/new/CaseDetail.php?caseid=126">Agency Agreement</a>', 0),
(1093, '2011-04-24 02:56:26', 0, 104, 'LAWYER', 104, 'LAWYER', 'You have created milestone <a href="http://reachlawyer.com/new/Lawyer/ViewMilestone.php?MilestoneId=130">one milestone</a> of case <a href="http://reachlawyer.com/new/CaseDetail.php?caseid=126">Agency Agreement</a>', 0),
(1094, '2011-04-24 03:10:26', 0, 73, 'CLIENT', 87, 'LAWYER', 'Client <a href="http://reachlawyer.com/new/ClientDetail.php?clientid=73">TEST CLIENT</a> accepted milestone <a href="http://reachlawyer.com/new/Client/ViewMilestone.php?MilestoneId=130">one milestone</a> of case <a href="http://reachlawyer.com/new/CaseDetail.php?caseid=126">Agency Agreement</a>', 0),
(1095, '2011-04-24 03:10:26', 0, 73, 'CLIENT', 73, 'CLIENT', 'You have accepted milestone <a href="http://reachlawyer.com/new/Client/ViewMilestone.php?MilestoneId=130">one milestone</a> of case <a href="http://reachlawyer.com/new/CaseDetail.php?caseid=126">Agency Agreement</a>', 0),
(1096, '2011-04-24 03:11:14', 0, 0, 'ADMIN', 73, 'CLIENT', 'You have escrowed an amount of USD 262.50 for the case <a href=http://reachlawyer.com/new/CaseDetail.php?caseid=126>Agency Agreement</a>', 0),
(1097, '2011-04-24 03:12:14', 0, 104, 'LAWYER', 73, 'CLIENT', 'You have a <a href="http://reachlawyer.com/new/Client/ListReleaseRequest.php">Release Request</a> from <a href="http://reachlawyer.com/new/LawyerDetail.php?lawyerid=104">Lucas Lawyer</a> for Case <a href="http://reachlawyer.com/new/CaseDetail.php?caseid=126">Agency Agreement</a>, Milestone <a href="http://reachlawyer.com/new/Client/ClientMilestone.php?MilestoneId=130">one milestone</a>.', 0),
(1098, '2011-04-24 03:12:15', 0, 104, 'LAWYER', 104, 'LAWYER', 'You have made a <font color="red">Release Request</font> to <a href="http://reachlawyer.com/new/ClientDetail.php?clientid=73">TEST CLIENT</a> for Case <a href="http://reachlawyer.com/new/CaseDetail.php?caseid=126">Agency Agreement</a>, Milestone <a href="http://reachlawyer.com/new/Client/ClientMilestone.php?MilestoneId=130">one milestone</a>.', 0),
(1099, '2011-04-24 03:13:12', 0, 73, 'CLIENT', 104, 'LAWYER', 'Your Release Request for the milestone one milestone for the case <a href="http://reachlawyer.com/new/CaseDetail.php?caseid=126">Agency Agreement</a> has been confirmed. An amount of US $262.50 has been added to your account.', 0),
(1100, '2011-04-24 03:13:12', 0, 73, 'CLIENT', 73, 'CLIENT', 'The Release Request for the milestone one milestone for the case <a href="http://reachlawyer.com/new/CaseDetail.php?caseid=126">Agency Agreement</a> is confirmed by you. An amount of US $262.50 has been sent to your lawyer <a href="http://reachlawyer.com/new/LawyerDetail.php?lawyerid=104">Lucas Lawyer</a>.', 0),
(1101, '2011-04-24 03:13:12', 0, 73, 'CLIENT', 0, 'ADMIN', 'The Release Request for the milestone one milestone for the case <a href="http://reachlawyer.com/new/CaseDetail.php?caseid=126">Agency Agreement</a> has been confirmed.', 0),
(1102, '2011-04-24 03:13:53', 0, 73, 'CLIENT', 104, 'LAWYER', 'TEST CLIENT wants to close his case \n\n		<a href="http://reachlawyer.com/new/CaseDetail.php?caseid=126">Agency Agreement</a> To view details <a href="http://reachlawyer.com/new/Lawyer/CaseClosedRequest.php?caseid=126">click here</a>', 0),
(1103, '2011-04-24 03:14:40', 0, 104, 'LAWYER', 73, 'CLIENT', 'Lucas Lawyer responded to your <a href="http://reachlawyer.com/new/CaseDetail.php?caseid=126">Agency Agreement</a> close request. To view the detail, please <a href="http://reachlawyer.com/new/Client/LawyerResponse.php?caseid=126">click here</a>', 0),
(1104, '2011-05-02 15:28:08', 0, 15, 'CLIENT', 15, 'CLIENT', 'You have posted a new case <a href="http://reachlawyer.com/new/CaseDetail.php?caseid=128">DED</a>', 0),
(1105, '2011-05-03 15:42:02', 0, 15, 'CLIENT', 15, 'CLIENT', 'You have posted a new case <a href="http://reachlawyer.com/new/CaseDetail.php?caseid=129">CheckBidtype</a>', 0),
(1106, '2011-05-03 15:42:29', 0, 15, 'CLIENT', 15, 'CLIENT', 'You have invited lawyer <a href="http://reachlawyer.com/new/LawyerDetail.php?lawyerid=62">Sharon Addison</a> to bid on case <a href="http://reachlawyer.com/new/CaseDetail.php?caseid=129">CheckBidtype</a>', 0),
(1107, '2011-05-03 15:42:29', 0, 15, 'CLIENT', 62, 'LAWYER', 'You have been invited by <a href="http://reachlawyer.com/new/Client/ClientAccount.php?clientid=15">daniel1 islam1</a> to bid on the case <a href="http://reachlawyer.com/new/CaseDetail.php?caseid=129">CheckBidtype</a>.', 0),
(1108, '2011-05-03 15:46:31', 0, 15, 'CLIENT', 15, 'CLIENT', 'You have posted a new case <a href="http://reachlawyer.com/new/CaseDetail.php?caseid=130">CheckBidtype</a>', 0),
(1109, '2011-05-03 15:47:05', 0, 15, 'CLIENT', 15, 'CLIENT', 'You have invited lawyer <a href="http://reachlawyer.com/new/LawyerDetail.php?lawyerid=62">Sharon Addison</a> to bid on case <a href="http://reachlawyer.com/new/CaseDetail.php?caseid=130">CheckBidtype</a>', 0),
(1110, '2011-05-03 15:47:05', 0, 15, 'CLIENT', 62, 'LAWYER', 'You have been invited by <a href="http://reachlawyer.com/new/Client/ClientAccount.php?clientid=15">daniel1 islam1</a> to bid on the case <a href="http://reachlawyer.com/new/CaseDetail.php?caseid=130">CheckBidtype</a>.', 0),
(1111, '2011-05-03 17:01:47', 0, 62, 'LAWYER', 15, 'CLIENT', 'You have a <a href="http://reachlawyer.com/new/Client/SelectLawyer.php?caseid=130">New Bid</a> from <a href="http://reachlawyer.com/new/LawyerDetail.php?lawyerid=62">Sharon Addison</a> for the Case <a href="http://reachlawyer.com/new/CaseDetail.php?caseid=130">CheckBidtype</a>', 0),
(1112, '2011-05-03 17:03:22', 0, 15, 'CLIENT', 15, 'CLIENT', 'You have posted a new case <a href="http://reachlawyer.com/new/CaseDetail.php?caseid=131">CheckBidtype1</a>', 0),
(1113, '2011-05-03 17:03:42', 0, 15, 'CLIENT', 15, 'CLIENT', 'You have invited lawyer <a href="http://reachlawyer.com/new/LawyerDetail.php?lawyerid=62">Sharon Addison</a> to bid on case <a href="http://reachlawyer.com/new/CaseDetail.php?caseid=131">CheckBidtype1</a>', 0),
(1114, '2011-05-03 17:03:42', 0, 15, 'CLIENT', 62, 'LAWYER', 'You have been invited by <a href="http://reachlawyer.com/new/Client/ClientAccount.php?clientid=15">daniel1 islam1</a> to bid on the case <a href="http://reachlawyer.com/new/CaseDetail.php?caseid=131">CheckBidtype1</a>.', 0),
(1115, '2011-05-03 17:04:30', 0, 62, 'LAWYER', 15, 'CLIENT', 'You have a <a href="http://reachlawyer.com/new/Client/SelectLawyer.php?caseid=131">New Bid</a> from <a href="http://reachlawyer.com/new/LawyerDetail.php?lawyerid=62">Sharon Addison</a> for the Case <a href="http://reachlawyer.com/new/CaseDetail.php?caseid=131">CheckBidtype1</a>', 0),
(1116, '2011-05-03 17:05:21', 0, 15, 'CLIENT', 15, 'CLIENT', 'You have posted a new case <a href="http://reachlawyer.com/new/CaseDetail.php?caseid=132">CheckBidtype2</a>', 0),
(1117, '2011-05-03 17:05:33', 0, 15, 'CLIENT', 15, 'CLIENT', 'You have invited lawyer <a href="http://reachlawyer.com/new/LawyerDetail.php?lawyerid=62">Sharon Addison</a> to bid on case <a href="http://reachlawyer.com/new/CaseDetail.php?caseid=132">CheckBidtype2</a>', 0),
(1118, '2011-05-03 17:05:33', 0, 15, 'CLIENT', 62, 'LAWYER', 'You have been invited by <a href="http://reachlawyer.com/new/Client/ClientAccount.php?clientid=15">daniel1 islam1</a> to bid on the case <a href="http://reachlawyer.com/new/CaseDetail.php?caseid=132">CheckBidtype2</a>.', 0),
(1119, '2011-05-03 17:06:27', 0, 62, 'LAWYER', 15, 'CLIENT', 'You have a <a href="http://reachlawyer.com/new/Client/SelectLawyer.php?caseid=132">New Bid</a> from <a href="http://reachlawyer.com/new/LawyerDetail.php?lawyerid=62">Sharon Addison</a> for the Case <a href="http://reachlawyer.com/new/CaseDetail.php?caseid=132">CheckBidtype2</a>', 0);

-- --------------------------------------------------------

--
-- Table structure for table `lm_paymentpaypal_tbl`
--

CREATE TABLE IF NOT EXISTS `lm_paymentpaypal_tbl` (
  `mc_gross` varchar(255) NOT NULL DEFAULT '',
  `protection_eligibility` varchar(255) NOT NULL DEFAULT '',
  `address_status` varchar(255) NOT NULL DEFAULT '',
  `payer_id` varchar(255) NOT NULL DEFAULT '',
  `tax` varchar(255) NOT NULL DEFAULT '',
  `address_street` varchar(255) NOT NULL DEFAULT '',
  `payment_date` varchar(255) NOT NULL DEFAULT '',
  `payment_status` varchar(255) NOT NULL DEFAULT '',
  `charset` varchar(255) NOT NULL DEFAULT '',
  `address_zip` varchar(255) NOT NULL DEFAULT '',
  `first_name` varchar(255) NOT NULL DEFAULT '',
  `mc_fee` varchar(255) NOT NULL DEFAULT '',
  `address_country_code` varchar(255) NOT NULL DEFAULT '',
  `address_name` varchar(255) NOT NULL DEFAULT '',
  `notify_version` varchar(255) NOT NULL DEFAULT '',
  `custom` varchar(255) NOT NULL DEFAULT '',
  `payer_status` varchar(255) NOT NULL DEFAULT '',
  `business` varchar(255) NOT NULL DEFAULT '',
  `address_country` varchar(255) NOT NULL DEFAULT '',
  `address_city` varchar(255) NOT NULL DEFAULT '',
  `quantity` varchar(255) NOT NULL DEFAULT '',
  `payer_email` varchar(255) NOT NULL DEFAULT '',
  `verify_sign` varchar(255) NOT NULL DEFAULT '',
  `txn_id` varchar(255) NOT NULL DEFAULT '',
  `payment_type` varchar(255) NOT NULL DEFAULT '',
  `last_name` varchar(255) NOT NULL DEFAULT '',
  `address_state` varchar(255) NOT NULL DEFAULT '',
  `receiver_email` varchar(255) NOT NULL DEFAULT '',
  `payment_fee` varchar(255) NOT NULL DEFAULT '',
  `receiver_id` varchar(255) NOT NULL DEFAULT '',
  `txn_type` varchar(255) NOT NULL DEFAULT '',
  `item_name` varchar(255) NOT NULL DEFAULT '',
  `mc_currency` varchar(255) NOT NULL DEFAULT '',
  `item_number` varchar(255) NOT NULL DEFAULT '',
  `residence_country` varchar(255) NOT NULL DEFAULT '',
  `test_ipn` varchar(255) NOT NULL DEFAULT '',
  `transaction_subject` varchar(255) NOT NULL DEFAULT '',
  `handling_amount` varchar(255) NOT NULL DEFAULT '',
  `payment_gross` varchar(255) NOT NULL DEFAULT '',
  `shipping` varchar(255) NOT NULL DEFAULT '',
  `merchant_return_link` varchar(255) NOT NULL DEFAULT ''
) ENGINE=MyISAM DEFAULT CHARSET=latin1;

--
-- Dumping data for table `lm_paymentpaypal_tbl`
--

INSERT INTO `lm_paymentpaypal_tbl` (`mc_gross`, `protection_eligibility`, `address_status`, `payer_id`, `tax`, `address_street`, `payment_date`, `payment_status`, `charset`, `address_zip`, `first_name`, `mc_fee`, `address_country_code`, `address_name`, `notify_version`, `custom`, `payer_status`, `business`, `address_country`, `address_city`, `quantity`, `payer_email`, `verify_sign`, `txn_id`, `payment_type`, `last_name`, `address_state`, `receiver_email`, `payment_fee`, `receiver_id`, `txn_type`, `item_name`, `mc_currency`, `item_number`, `residence_country`, `test_ipn`, `transaction_subject`, `handling_amount`, `payment_gross`, `shipping`, `merchant_return_link`) VALUES
('5.00', 'Eligible', 'confirmed', 'QF79MYHAGP33C', '0.00', '1 Main St', '03:43:00 Nov 30, 2009 PST', 'Completed', 'windows-1252', '95131', 'Test', '0.45', 'US', 'Test User', '2.8', '', 'verified', 'user3_1247830872_per@sritechnocrat.com', 'United States', 'San Jose', '1', 'user6_1258654396_per@sritechnocrat.com', 'AzxqDKNwuRWyvKfXv3E.99EZB6Q5AwDcZSed-kPe-V-3L3-8FPF2IJjH', '17S02626EH782043S', 'instant', 'User', 'CA', 'user3_1247830872_per@sritechnocrat.com', '0.45', 'LBXLWB57T7E9G', 'web_accept', '63.1. Premium', 'USD', '', 'US', '1', '63.1. Premium', '0.00', '5.00', '0.00', 'Return to Merchant'),
('5.00', 'Eligible', 'confirmed', 'QF79MYHAGP33C', '0.00', '1 Main St', '03:43:00 Nov 30, 2009 PST', 'Completed', 'windows-1252', '95131', 'Test', '0.45', 'US', 'Test User', '2.8', '', 'verified', 'user3_1247830872_per@sritechnocrat.com', 'United States', 'San Jose', '1', 'user6_1258654396_per@sritechnocrat.com', 'AzxqDKNwuRWyvKfXv3E.99EZB6Q5AwDcZSed-kPe-V-3L3-8FPF2IJjH', '17S02626EH782043S', 'instant', 'User', 'CA', 'user3_1247830872_per@sritechnocrat.com', '0.45', 'LBXLWB57T7E9G', 'web_accept', '63.1. Premium', 'USD', '', 'US', '1', '63.1. Premium', '0.00', '5.00', '0.00', 'Return to Merchant'),
('5.00', 'Eligible', 'confirmed', 'QF79MYHAGP33C', '0.00', '1 Main St', '03:43:00 Nov 30, 2009 PST', 'Completed', 'windows-1252', '95131', 'Test', '0.45', 'US', 'Test User', '2.8', '', 'verified', 'user3_1247830872_per@sritechnocrat.com', 'United States', 'San Jose', '1', 'user6_1258654396_per@sritechnocrat.com', 'AzxqDKNwuRWyvKfXv3E.99EZB6Q5AwDcZSed-kPe-V-3L3-8FPF2IJjH', '17S02626EH782043S', 'instant', 'User', 'CA', 'user3_1247830872_per@sritechnocrat.com', '0.45', 'LBXLWB57T7E9G', 'web_accept', '63.1. Premium', 'USD', '', 'US', '1', '63.1. Premium', '0.00', '5.00', '0.00', 'Return to Merchant'),
('5.00', 'Eligible', 'confirmed', 'QF79MYHAGP33C', '0.00', '1 Main St', '03:43:00 Nov 30, 2009 PST', 'Completed', 'windows-1252', '95131', 'Test', '0.45', 'US', 'Test User', '2.8', '', 'verified', 'user3_1247830872_per@sritechnocrat.com', 'United States', 'San Jose', '1', 'user6_1258654396_per@sritechnocrat.com', 'AzxqDKNwuRWyvKfXv3E.99EZB6Q5AwDcZSed-kPe-V-3L3-8FPF2IJjH', '17S02626EH782043S', 'instant', 'User', 'CA', 'user3_1247830872_per@sritechnocrat.com', '0.45', 'LBXLWB57T7E9G', 'web_accept', '63.1. Premium', 'USD', '', 'US', '1', '63.1. Premium', '0.00', '5.00', '0.00', 'Return to Merchant'),
('5.00', 'Eligible', 'confirmed', 'QF79MYHAGP33C', '0.00', '1 Main St', '03:43:00 Nov 30, 2009 PST', 'Completed', 'windows-1252', '95131', 'Test', '0.45', 'US', 'Test User', '2.8', '', 'verified', 'user3_1247830872_per@sritechnocrat.com', 'United States', 'San Jose', '1', 'user6_1258654396_per@sritechnocrat.com', 'AzxqDKNwuRWyvKfXv3E.99EZB6Q5AwDcZSed-kPe-V-3L3-8FPF2IJjH', '17S02626EH782043S', 'instant', 'User', 'CA', 'user3_1247830872_per@sritechnocrat.com', '0.45', 'LBXLWB57T7E9G', 'web_accept', '63.1. Premium', 'USD', '', 'US', '1', '63.1. Premium', '0.00', '5.00', '0.00', 'Return to Merchant'),
('5.00', 'Eligible', 'confirmed', 'QF79MYHAGP33C', '0.00', '1 Main St', '03:43:00 Nov 30, 2009 PST', 'Completed', 'windows-1252', '95131', 'Test', '0.45', 'US', 'Test User', '2.8', '', 'verified', 'user3_1247830872_per@sritechnocrat.com', 'United States', 'San Jose', '1', 'user6_1258654396_per@sritechnocrat.com', 'AzxqDKNwuRWyvKfXv3E.99EZB6Q5AwDcZSed-kPe-V-3L3-8FPF2IJjH', '17S02626EH782043S', 'instant', 'User', 'CA', 'user3_1247830872_per@sritechnocrat.com', '0.45', 'LBXLWB57T7E9G', 'web_accept', '63.1. Premium', 'USD', '', 'US', '1', '63.1. Premium', '0.00', '5.00', '0.00', 'Return to Merchant'),
('5.00', 'Eligible', 'confirmed', 'QF79MYHAGP33C', '0.00', '1 Main St', '03:43:00 Nov 30, 2009 PST', 'Completed', 'windows-1252', '95131', 'Test', '0.45', 'US', 'Test User', '2.8', '', 'verified', 'user3_1247830872_per@sritechnocrat.com', 'United States', 'San Jose', '1', 'user6_1258654396_per@sritechnocrat.com', 'AzxqDKNwuRWyvKfXv3E.99EZB6Q5AwDcZSed-kPe-V-3L3-8FPF2IJjH', '17S02626EH782043S', 'instant', 'User', 'CA', 'user3_1247830872_per@sritechnocrat.com', '0.45', 'LBXLWB57T7E9G', 'web_accept', '63.1. Premium', 'USD', '', 'US', '1', '63.1. Premium', '0.00', '5.00', '0.00', 'Return to Merchant'),
('5.00', 'Eligible', 'confirmed', 'QF79MYHAGP33C', '0.00', '1 Main St', '03:43:00 Nov 30, 2009 PST', 'Completed', 'windows-1252', '95131', 'Test', '0.45', 'US', 'Test User', '2.8', '', 'verified', 'user3_1247830872_per@sritechnocrat.com', 'United States', 'San Jose', '1', 'user6_1258654396_per@sritechnocrat.com', 'AzxqDKNwuRWyvKfXv3E.99EZB6Q5AwDcZSed-kPe-V-3L3-8FPF2IJjH', '17S02626EH782043S', 'instant', 'User', 'CA', 'user3_1247830872_per@sritechnocrat.com', '0.45', 'LBXLWB57T7E9G', 'web_accept', '63.1. Premium', 'USD', '', 'US', '1', '63.1. Premium', '0.00', '5.00', '0.00', 'Return to Merchant'),
('5.00', 'Eligible', 'confirmed', 'QF79MYHAGP33C', '0.00', '1 Main St', '03:43:00 Nov 30, 2009 PST', 'Completed', 'windows-1252', '95131', 'Test', '0.45', 'US', 'Test User', '2.8', '', 'verified', 'user3_1247830872_per@sritechnocrat.com', 'United States', 'San Jose', '1', 'user6_1258654396_per@sritechnocrat.com', 'AzxqDKNwuRWyvKfXv3E.99EZB6Q5AwDcZSed-kPe-V-3L3-8FPF2IJjH', '17S02626EH782043S', 'instant', 'User', 'CA', 'user3_1247830872_per@sritechnocrat.com', '0.45', 'LBXLWB57T7E9G', 'web_accept', '63.1. Premium', 'USD', '', 'US', '1', '63.1. Premium', '0.00', '5.00', '0.00', 'Return to Merchant'),
('10.00', 'Eligible', 'confirmed', 'QF79MYHAGP33C', '0.00', '1 Main St', '03:55:06 Nov 30, 2009 PST', 'Completed', 'windows-1252', '95131', 'Test', '0.59', 'US', 'Test User', '2.8', '', 'verified', 'user3_1247830872_per@sritechnocrat.com', 'United States', 'San Jose', '1', 'user6_1258654396_per@sritechnocrat.com', 'AskdvOQLSIQqIHGfCtOSZiZcXj1nAaXytBkFvZq11hkSv6vmpiC9lBPa', '3SU9178246380402R', 'instant', 'User', 'CA', 'user3_1247830872_per@sritechnocrat.com', '0.59', 'LBXLWB57T7E9G', 'web_accept', '63.2. Silver', 'USD', '', 'US', '1', '63.2. Silver', '0.00', '10.00', '0.00', 'Return to Merchant'),
('23.00', 'Eligible', 'confirmed', 'QF79MYHAGP33C', '0.00', '1 Main St', '22:20:09 Dec 03, 2009 PST', 'Completed', 'windows-1252', '95131', 'Test', '0.97', 'US', 'Test User', '2.8', '', 'verified', 'user3_1247830872_per@sritechnocrat.com', 'United States', 'San Jose', '1', 'user6_1258654396_per@sritechnocrat.com', 'AcdCo7whEJ0yBCOM8og7xBceUaZMA8yeKgyuYbkpUoV3sF09gOF97BP1', '3HY05915B0500932D', 'instant', 'User', 'CA', 'user3_1247830872_per@sritechnocrat.com', '0.97', 'LBXLWB57T7E9G', 'web_accept', 'Amount Deposited 23', 'USD', '', 'US', '1', 'Amount Deposited 23', '0.00', '23.00', '0.00', 'Return to Merchant'),
('23.00', 'Eligible', 'confirmed', 'QF79MYHAGP33C', '0.00', '1 Main St', '22:20:09 Dec 03, 2009 PST', 'Completed', 'windows-1252', '95131', 'Test', '0.97', 'US', 'Test User', '2.8', '', 'verified', 'user3_1247830872_per@sritechnocrat.com', 'United States', 'San Jose', '1', 'user6_1258654396_per@sritechnocrat.com', 'AcdCo7whEJ0yBCOM8og7xBceUaZMA8yeKgyuYbkpUoV3sF09gOF97BP1', '3HY05915B0500932D', 'instant', 'User', 'CA', 'user3_1247830872_per@sritechnocrat.com', '0.97', 'LBXLWB57T7E9G', 'web_accept', 'Amount Deposited 23', 'USD', '', 'US', '1', 'Amount Deposited 23', '0.00', '23.00', '0.00', 'Return to Merchant'),
('100.00', 'Eligible', 'confirmed', 'QF79MYHAGP33C', '0.00', '1 Main St', '23:08:45 Dec 03, 2009 PST', 'Completed', 'windows-1252', '95131', 'Test', '3.20', 'US', 'Test User', '2.8', '', 'verified', 'user3_1247830872_per@sritechnocrat.com', 'United States', 'San Jose', '1', 'user6_1258654396_per@sritechnocrat.com', 'AFcWxV21C7fd0v3bYYYRCpSSRl31AaNx0Z09OHyt5S4d.-2I8vD77zUl', '91068373L86410104', 'instant', 'User', 'CA', 'user3_1247830872_per@sritechnocrat.com', '3.20', 'LBXLWB57T7E9G', 'web_accept', 'Amount Deposited 100', 'USD', '', 'US', '1', 'Amount Deposited 100', '0.00', '100.00', '0.00', 'Return to Merchant'),
('120.00', 'Eligible', 'confirmed', 'QF79MYHAGP33C', '0.00', '1 Main St', '23:11:07 Dec 03, 2009 PST', 'Completed', 'windows-1252', '95131', 'Test', '3.78', 'US', 'Test User', '2.8', '', 'verified', 'user3_1247830872_per@sritechnocrat.com', 'United States', 'San Jose', '1', 'user6_1258654396_per@sritechnocrat.com', 'ALbXTZQI-WnuFZnQN7-IUSYg1O4aA5TRgquXRpjHKOhX1W9owebIaA0E', '6T127753EB621894P', 'instant', 'User', 'CA', 'user3_1247830872_per@sritechnocrat.com', '3.78', 'LBXLWB57T7E9G', 'web_accept', 'Amount Deposited 120', 'USD', '', 'US', '1', 'Amount Deposited 120', '0.00', '120.00', '0.00', 'Return to Merchant'),
('120.00', 'Eligible', 'confirmed', 'QF79MYHAGP33C', '0.00', '1 Main St', '23:55:08 Dec 03, 2009 PST', 'Completed', 'windows-1252', '95131', 'Test', '3.78', 'US', 'Test User', '2.8', '', 'verified', 'user3_1247830872_per@sritechnocrat.com', 'United States', 'San Jose', '1', 'user6_1258654396_per@sritechnocrat.com', 'ASTvU5LhVgIzZ8plT67PQ.9bwyO.AqSxiA8aCpRsJPMMbtoCV6kyCUzK', '9TY41709NW423905Y', 'instant', 'User', 'CA', 'user3_1247830872_per@sritechnocrat.com', '3.78', 'LBXLWB57T7E9G', 'web_accept', 'Amount Deposited 120', 'USD', '', 'US', '1', 'Amount Deposited 120', '0.00', '120.00', '0.00', 'Return to Merchant'),
('120.00', 'Eligible', 'confirmed', 'QF79MYHAGP33C', '0.00', '1 Main St', '23:56:31 Dec 03, 2009 PST', 'Completed', 'windows-1252', '95131', 'Test', '3.78', 'US', 'Test User', '2.8', '', 'verified', 'user3_1247830872_per@sritechnocrat.com', 'United States', 'San Jose', '1', 'user6_1258654396_per@sritechnocrat.com', 'AfNV335fnevfcncLmOchvfskAE56At9uiWkI2ZoKRhRKx78bfPvPfUHD', '7FF64287XF939753G', 'instant', 'User', 'CA', 'user3_1247830872_per@sritechnocrat.com', '3.78', 'LBXLWB57T7E9G', 'web_accept', 'Amount Deposited 120', 'USD', '', 'US', '1', 'Amount Deposited 120', '0.00', '120.00', '0.00', 'Return to Merchant'),
('5.00', 'Eligible', 'confirmed', 'QF79MYHAGP33C', '0.00', '1 Main St', '00:01:01 Dec 04, 2009 PST', 'Completed', 'windows-1252', '95131', 'Test', '0.45', 'US', 'Test User', '2.8', '', 'verified', 'user3_1247830872_per@sritechnocrat.com', 'United States', 'San Jose', '1', 'user6_1258654396_per@sritechnocrat.com', 'AIZxpK2C9MXiRJKEgvjIiijhh3R5A9XK27IdD4ZUmMfa.IqyMIJJPOWB', '86620578KL787515L', 'instant', 'User', 'CA', 'user3_1247830872_per@sritechnocrat.com', '0.45', 'LBXLWB57T7E9G', 'web_accept', 'Amount Deposited 5', 'USD', '', 'US', '1', 'Amount Deposited 5', '0.00', '5.00', '0.00', 'Return to Merchant'),
('120.00', 'Eligible', 'confirmed', 'QF79MYHAGP33C', '0.00', '1 Main St', '00:02:17 Dec 04, 2009 PST', 'Completed', 'windows-1252', '95131', 'Test', '3.78', 'US', 'Test User', '2.8', '', 'verified', 'user3_1247830872_per@sritechnocrat.com', 'United States', 'San Jose', '1', 'user6_1258654396_per@sritechnocrat.com', 'Ac.EbOtNmP3Zukk2NW220S2IybOXA1qdGaWERLOt6CNthUgBt0dnMCFn', '86V41766YY567952X', 'instant', 'User', 'CA', 'user3_1247830872_per@sritechnocrat.com', '3.78', 'LBXLWB57T7E9G', 'web_accept', 'Amount Deposited 120', 'USD', '', 'US', '1', 'Amount Deposited 120', '0.00', '120.00', '0.00', 'Return to Merchant'),
('27.00', 'Eligible', 'confirmed', 'QF79MYHAGP33C', '0.00', '1 Main St', '21:32:33 Dec 06, 2009 PST', 'Completed', 'windows-1252', '95131', 'Test', '1.08', 'US', 'Test User', '2.8', '', 'verified', 'user3_1247830872_per@sritechnocrat.com', 'United States', 'San Jose', '1', 'user6_1258654396_per@sritechnocrat.com', 'AFcWxV21C7fd0v3bYYYRCpSSRl31AB1RGW.pA7stl5V1mbmTfYBWb.IC', '1HH78350EH036550M', 'instant', 'User', 'CA', 'user3_1247830872_per@sritechnocrat.com', '1.08', 'LBXLWB57T7E9G', 'web_accept', 'Amount Deposited 27', 'USD', '', 'US', '1', 'Amount Deposited 27', '0.00', '27.00', '0.00', 'Return to Merchant'),
('234.00', 'Eligible', 'confirmed', 'QF79MYHAGP33C', '0.00', '1 Main St', '22:36:25 Dec 07, 2009 PST', 'Completed', 'windows-1252', '95131', 'Test', '7.09', 'US', 'Test User', '2.8', '', 'verified', 'user3_1247830872_per@sritechnocrat.com', 'United States', 'San Jose', '1', 'user6_1258654396_per@sritechnocrat.com', 'An5ns1Kso7MWUdW4ErQKJJJ4qi4-AwVW9ZYosGeoDhzhKBPMDpws6oFJ', '85R82554L20893805', 'instant', 'User', 'CA', 'user3_1247830872_per@sritechnocrat.com', '7.09', 'LBXLWB57T7E9G', 'web_accept', 'Amount Deposited 234', 'USD', '', 'US', '1', 'Amount Deposited 234', '0.00', '234.00', '0.00', 'Return to Merchant'),
('324.00', 'Eligible', 'confirmed', 'QF79MYHAGP33C', '0.00', '1 Main St', '22:38:07 Dec 07, 2009 PST', 'Completed', 'windows-1252', '95131', 'Test', '9.70', 'US', 'Test User', '2.8', '', 'verified', 'user3_1247830872_per@sritechnocrat.com', 'United States', 'San Jose', '1', 'user6_1258654396_per@sritechnocrat.com', 'AajD7zoBLX80EYFPTL4x5TBECAVEA7WzD5OmxkHeW5qAEziVii1j-W0w', '2C47685912993570E', 'instant', 'User', 'CA', 'user3_1247830872_per@sritechnocrat.com', '9.70', 'LBXLWB57T7E9G', 'web_accept', 'Amount Deposited 324', 'USD', '', 'US', '1', 'Amount Deposited 324', '0.00', '324.00', '0.00', 'Return to Merchant'),
('648.00', 'Eligible', 'confirmed', 'QF79MYHAGP33C', '0.00', '1 Main St', '22:44:02 Dec 07, 2009 PST', 'Completed', 'windows-1252', '95131', 'Test', '19.09', 'US', 'Test User', '2.8', '', 'verified', 'user3_1247830872_per@sritechnocrat.com', 'United States', 'San Jose', '1', 'user6_1258654396_per@sritechnocrat.com', 'AFcWxV21C7fd0v3bYYYRCpSSRl31Ap-VSqIfRheEVFkDcKLHdP3sfz70', '7T724307TG337335J', 'instant', 'User', 'CA', 'user3_1247830872_per@sritechnocrat.com', '19.09', 'LBXLWB57T7E9G', 'web_accept', 'Amount Deposited 648', 'USD', '', 'US', '1', 'Amount Deposited 648', '0.00', '648.00', '0.00', 'Return to Merchant'),
('567.00', 'Eligible', 'confirmed', 'QF79MYHAGP33C', '0.00', '1 Main St', '00:46:40 Dec 08, 2009 PST', 'Completed', 'windows-1252', '95131', 'Test', '16.74', 'US', 'Test User', '2.8', '', 'verified', 'user3_1247830872_per@sritechnocrat.com', 'United States', 'San Jose', '1', 'user6_1258654396_per@sritechnocrat.com', 'AAn3VwtHifVfkot-ca7GgvtYScHSA1JKndpj6zxdD2otpkKZ6.dCmTfR', '5JB44320WU690735N', 'instant', 'User', 'CA', 'user3_1247830872_per@sritechnocrat.com', '16.74', 'LBXLWB57T7E9G', 'web_accept', 'Amount Deposited 567', 'USD', '', 'US', '1', 'Amount Deposited 567', '0.00', '567.00', '0.00', 'Return to Merchant'),
('500.00', 'Eligible', 'confirmed', 'QF79MYHAGP33C', '0.00', '1 Main St', '01:09:14 Dec 08, 2009 PST', 'Completed', 'windows-1252', '95131', 'Test', '14.80', 'US', 'Test User', '2.8', '', 'verified', 'user3_1247830872_per@sritechnocrat.com', 'United States', 'San Jose', '1', 'user6_1258654396_per@sritechnocrat.com', 'A2S1fniRGsoquzRDbs4f5rc383f8AuGpaGtkjzO4EGphUCXEN1enI4BX', '1TV393900B299774R', 'instant', 'User', 'CA', 'user3_1247830872_per@sritechnocrat.com', '14.80', 'LBXLWB57T7E9G', 'web_accept', 'Amount Deposited 500', 'USD', '', 'US', '1', 'Amount Deposited 500', '0.00', '500.00', '0.00', 'Return to Merchant'),
('500.00', 'Eligible', 'confirmed', 'QF79MYHAGP33C', '0.00', '1 Main St', '01:17:40 Dec 08, 2009 PST', 'Completed', 'windows-1252', '95131', 'Test', '14.80', 'US', 'Test User', '2.8', '', 'verified', 'user3_1247830872_per@sritechnocrat.com', 'United States', 'San Jose', '1', 'user6_1258654396_per@sritechnocrat.com', 'AXb42WC-wEVg.Z0hxMQFB4q.K1vVAEXsZQPWiglWJJXeezkUw6PvKQKI', '5YM86062905411010', 'instant', 'User', 'CA', 'user3_1247830872_per@sritechnocrat.com', '14.80', 'LBXLWB57T7E9G', 'web_accept', 'Amount Deposited 500', 'USD', '', 'US', '1', 'Amount Deposited 500', '0.00', '500.00', '0.00', 'Return to Merchant'),
('560.00', 'Eligible', 'confirmed', 'QF79MYHAGP33C', '0.00', '1 Main St', '03:14:17 Dec 08, 2009 PST', 'Completed', 'windows-1252', '95131', 'Test', '16.54', 'US', 'Test User', '2.8', '', 'verified', 'user3_1247830872_per@sritechnocrat.com', 'United States', 'San Jose', '1', 'user6_1258654396_per@sritechnocrat.com', 'AiubFaEz5eiSNCVmKttIm6HCbHZbAU0rmn9zamMBx.rSWLcMculpp7xy', '2GH76241RM8908534', 'instant', 'User', 'CA', 'user3_1247830872_per@sritechnocrat.com', '16.54', 'LBXLWB57T7E9G', 'web_accept', 'Amount Deposited 560', 'USD', '', 'US', '1', 'Amount Deposited 560', '0.00', '560.00', '0.00', 'Return to Merchant'),
('350.00', 'Eligible', 'confirmed', 'QF79MYHAGP33C', '0.00', '1 Main St', '20:56:53 Dec 10, 2009 PST', 'Completed', 'windows-1252', '95131', 'Test', '10.45', 'US', 'Test User', '2.8', '', 'verified', 'user3_1247830872_per@sritechnocrat.com', 'United States', 'San Jose', '1', 'user6_1258654396_per@sritechnocrat.com', 'AHiD7GSw8Cu6litMzFNNzGOfUClhANTCaJsFlcS5vYwGAnnUKA8XHg7Z', '8DL128425G891930H', 'instant', 'User', 'CA', 'user3_1247830872_per@sritechnocrat.com', '10.45', 'LBXLWB57T7E9G', 'web_accept', 'Amount Deposited 350', 'USD', '', 'US', '1', 'Amount Deposited 350', '0.00', '350.00', '0.00', 'Return to Merchant'),
('5.00', 'Eligible', 'confirmed', 'QF79MYHAGP33C', '0.00', '1 Main St', '21:07:09 Dec 10, 2009 PST', 'Completed', 'windows-1252', '95131', 'Test', '0.45', 'US', 'Test User', '2.8', '', 'verified', 'user3_1247830872_per@sritechnocrat.com', 'United States', 'San Jose', '1', 'user6_1258654396_per@sritechnocrat.com', 'AFcWxV21C7fd0v3bYYYRCpSSRl31Adnn9oI4CJR5MpbdocDwqB3EnC-2', '88C13302CV9439225', 'instant', 'User', 'CA', 'user3_1247830872_per@sritechnocrat.com', '0.45', 'LBXLWB57T7E9G', 'web_accept', 'Amount Deposited 5', 'USD', '', 'US', '1', 'Amount Deposited 5', '0.00', '5.00', '0.00', 'Return to Merchant'),
('10.00', 'Eligible', 'confirmed', 'QF79MYHAGP33C', '0.00', '1 Main St', '21:44:47 Dec 10, 2009 PST', 'Completed', 'windows-1252', '95131', 'Test', '0.59', 'US', 'Test User', '2.8', '', 'verified', 'user3_1247830872_per@sritechnocrat.com', 'United States', 'San Jose', '1', 'user6_1258654396_per@sritechnocrat.com', 'AgBIY5MJsYBZyUJNws.pK1eMUcGoAIJGlHRCNn-ut3E.8knuyWweHvWS', '53560987UM866653E', 'instant', 'User', 'CA', 'user3_1247830872_per@sritechnocrat.com', '0.59', 'LBXLWB57T7E9G', 'web_accept', 'Amount Deposited 10', 'USD', '', 'US', '1', 'Amount Deposited 10', '0.00', '10.00', '0.00', 'Return to Merchant'),
('120.00', 'Eligible', 'confirmed', 'QF79MYHAGP33C', '0.00', '1 Main St', '00:01:57 May 21, 2010 PDT', 'Completed', 'windows-1252', '95131', 'Test', '3.78', 'US', 'Test User', '2.9', '', 'verified', 'user3_1247830872_per@sritechnocrat.com', 'United States', 'San Jose', '1', 'user6_1258654396_per@sritechnocrat.com', 'AasiZDKJiESkE3xyla-d.VRbZwJWAGb1z7YZV1ylhHDGTRCluV.rsymU', '6YS31023X7425500Y', 'instant', 'User', 'CA', 'user3_1247830872_per@sritechnocrat.com', '3.78', 'LBXLWB57T7E9G', 'web_accept', 'Amount Deposited 120', 'USD', '', 'US', '1', 'Amount Deposited 120', '0.00', '120.00', '0.00', 'Return to Merchant'),
('500.00', 'Eligible', 'confirmed', 'QF79MYHAGP33C', '0.00', '1 Main St', '00:09:50 May 21, 2010 PDT', 'Completed', 'windows-1252', '95131', 'Test', '14.80', 'US', 'Test User', '2.9', '', 'verified', 'user3_1247830872_per@sritechnocrat.com', 'United States', 'San Jose', '1', 'user6_1258654396_per@sritechnocrat.com', 'A-kc-tpSawfNuovo1dwmYtgFvGsHAQdEJ2Gx4mkGaKdgYhU4ahjmLYaI', '9YR58186VT2704729', 'instant', 'User', 'CA', 'user3_1247830872_per@sritechnocrat.com', '14.80', 'LBXLWB57T7E9G', 'web_accept', 'Amount Deposited 500', 'USD', '', 'US', '1', 'Amount Deposited 500', '0.00', '500.00', '0.00', 'Return to Merchant'),
('400.00', 'Eligible', 'confirmed', 'QF79MYHAGP33C', '0.00', '1 Main St', '00:27:11 May 21, 2010 PDT', 'Completed', 'windows-1252', '95131', 'Test', '11.90', 'US', 'Test User', '2.9', '', 'verified', 'user3_1247830872_per@sritechnocrat.com', 'United States', 'San Jose', '1', 'user6_1258654396_per@sritechnocrat.com', 'Ay4f.mVc499m-fwcmQnnJ3vyzbGhAeJkYzDTX4-V7SfQeZpZLb-GuX01', '71B41188RS407215T', 'instant', 'User', 'CA', 'user3_1247830872_per@sritechnocrat.com', '11.90', 'LBXLWB57T7E9G', 'web_accept', 'Amount Deposited 400', 'USD', '', 'US', '1', 'Amount Deposited 400', '0.00', '400.00', '0.00', 'Return to Merchant'),
('', '', '', '', '', '', '', '', '', '', '', '', '', '', '', '', '', '', '', '', '', '', '', '', '', '', '', '', '', '', '', '', '', '', '', '', '', '', '', '', ''),
('', '', '', '', '', '', '', '', '', '', '', '', '', '', '', '', '', '', '', '', '', '', '', '', '', '', '', '', '', '', '', '', '', '', '', '', '', '', '', '', ''),
('', '', '', '', '', '', '', '', '', '', '', '', '', '', '', '', '', '', '', '', '', '', '', '', '', '', '', '', '', '', '', '', '', '', '', '', '', '', '', '', ''),
('', '', '', '', '', '', '', '', '', '', '', '', '', '', '', '', '', '', '', '', '', '', '', '', '', '', '', '', '', '', '', '', '', '', '', '', '', '', '', '', ''),
('', '', '', '', '', '', '', '', '', '', '', '', '', '', '', '', '', '', '', '', '', '', '', '', '', '', '', '', '', '', '', '', '', '', '', '', '', '', '', '', '');

-- --------------------------------------------------------

--
-- Table structure for table `lm_pmdetail_tbl`
--

CREATE TABLE IF NOT EXISTS `lm_pmdetail_tbl` (
  `PMDetailId` int(11) NOT NULL AUTO_INCREMENT,
  `PMMasterId` int(1) NOT NULL DEFAULT '0',
  `DateCreated` timestamp NOT NULL DEFAULT CURRENT_TIMESTAMP,
  `PMType` int(1) NOT NULL DEFAULT '0',
  `PMFrom` int(11) NOT NULL DEFAULT '0',
  `PMFromType` varchar(10) COLLATE utf8_unicode_ci DEFAULT NULL,
  `PMTo` int(11) NOT NULL DEFAULT '0',
  `PMToType` varchar(10) COLLATE utf8_unicode_ci DEFAULT NULL,
  `PMText` text COLLATE utf8_unicode_ci NOT NULL,
  `HidePM` int(1) NOT NULL DEFAULT '0',
  `PMRead` int(1) NOT NULL DEFAULT '0',
  `PMFileName` varchar(100) COLLATE utf8_unicode_ci NOT NULL,
  PRIMARY KEY (`PMDetailId`)
) ENGINE=MyISAM  DEFAULT CHARSET=utf8 COLLATE=utf8_unicode_ci AUTO_INCREMENT=129 ;

--
-- Dumping data for table `lm_pmdetail_tbl`
--

INSERT INTO `lm_pmdetail_tbl` (`PMDetailId`, `PMMasterId`, `DateCreated`, `PMType`, `PMFrom`, `PMFromType`, `PMTo`, `PMToType`, `PMText`, `HidePM`, `PMRead`, `PMFileName`) VALUES
(1, 1, '2011-01-15 11:05:51', 0, 62, 'LAWYER', 15, 'CLIENT', 'some pm', 0, 1, ''),
(2, 2, '2011-01-18 13:18:03', 0, 15, 'CLIENT', 62, 'LAWYER', 'Hi Sharon', 0, 1, ''),
(3, 3, '2011-01-18 13:19:40', 0, 15, 'CLIENT', 63, 'LAWYER', 'Hi Gustavo', 0, 1, ''),
(4, 4, '2011-01-20 17:39:07', 0, 62, 'LAWYER', 15, 'CLIENT', '', 0, 1, ''),
(5, 4, '2011-01-21 16:49:35', 0, 62, 'LAWYER', 15, 'CLIENT', 'Lorem ipsum dolor sit amet, consectetuer adipiscing elit. Phasellus varius. Mauris vitae lectus consequat magna luctus sagittis. Mauris et odio. Sed orci. Praesent lorem mi, tempus in, scelerisque a, mattis ut, dui. Cras nisi felis, dignissim vitae, vulputate eu, facilisis eu, tortor.Lorem ipsum dolor sit amet, consectetuer adipiscing elit. Phasellus varius. Mauris vitae lectus consequat magna luctus sagittis. Mauris et odio. Sed orci. Praesent lorem mi, tempus in, scelerisque a, mattis ut, dui. Cras nisi felis, dignissim vitae, vulputate eu, facilisis eu, tortor.Lorem ipsum dolor sit amet, consectetuer adipiscing elit. Phasellus varius. Mauris vitae lectus consequat magna luctus sagittis. Mauris et odio. Sed orci. Praesent lorem mi, tempus in, scelerisque a, mattis ut, dui. Cras nisi felis, dignissim vitae, vulputate eu, facilisis eu, tortor.', 0, 1, ''),
(6, 4, '2011-01-21 16:50:20', 0, 62, 'LAWYER', 15, 'CLIENT', 'Lorem ipsum dolor sit amet, consectetuer adipiscing elit. Phasellus varius. Mauris vitae lectus consequat magna luctus sagittis. Mauris et odio. Sed orci. Praesent lorem mi, tempus in, scelerisque a, mattis ut, dui. Cras nisi felis, dignissim vitae, vulputate eu, facilisis eu, tortor.', 0, 1, ''),
(7, 4, '2011-01-21 16:51:08', 0, 62, 'LAWYER', 15, 'CLIENT', 'Lorem ipsum dolor sit amet, consectetuer adipiscing elit. Phasellus varius. Mauris vitae lectus consequat magna luctus sagittis. Mauris et odio. Sed orci. Praesent lorem mi, tempus in, scelerisque a, mattis ut, dui. Cras nisi felis, dignissim vitae, vulputate eu, facilisis eu, tortor.Lorem ipsum dolor sit amet, consectetuer adipiscing elit. Phasellus varius. Mauris vitae lectus consequat magna luctus sagittis. Mauris et odio. Sed orci. Praesent lorem mi, tempus in, scelerisque a, mattis ut, dui. Cras nisi felis, dignissim vitae, vulputate eu, facilisis eu, tortor.Lorem ipsum dolor sit amet, consectetuer adipiscing elit. Phasellus varius. Mauris vitae lectus consequat magna luctus sagittis. Mauris et odio. Sed orci. Praesent lorem mi, tempus in, scelerisque a, mattis ut, dui. Cras nisi felis, dignissim vitae, vulputate eu, facilisis eu, tortor.Lorem ipsum dolor sit amet, consectetuer adipiscing elit. Phasellus varius. Mauris vitae lectus consequat magna luctus sagittis. Mauris et odio. Sed orci. Praesent lorem mi, tempus in, scelerisque a, mattis ut, dui. Cras nisi felis, dignissim vitae, vulputate eu, facilisis eu, tortor.Lorem ipsum dolor sit amet, consectetuer adipiscing elit. Phasellus varius. Mauris vitae lectus consequat magna luctus sagittis. Mauris et odio. Sed orci. Praesent lorem mi, tempus in, scelerisque a, mattis ut, dui. Cras nisi felis, dignissim vitae, vulputate eu, facilisis eu, tortor.Lorem ipsum dolor sit amet, consectetuer adipiscing elit. Phasellus varius. Mauris vitae lectus consequat magna luctus sagittis. Mauris et odio. Sed orci. Praesent lorem mi, tempus in, scelerisque a, mattis ut, dui. Cras nisi felis, dignissim vitae, vulputate eu, facilisis eu, tortor.Lorem ipsum dolor sit amet, consectetuer adipiscing elit. Phasellus varius. Mauris vitae lectus consequat magna luctus sagittis. Mauris et odio. Sed orci. Praesent lorem mi, tempus in, scelerisque a, mattis ut, dui. Cras nisi felis, dignissim vitae, vulputate eu, facilisis eu, tortor.Lorem ipsum dolor sit amet, consectetuer adipiscing elit. Phasellus varius. Mauris vitae lectus consequat magna luctus sagittis. Mauris et odio. Sed orci. Praesent lorem mi, tempus in, scelerisque a, mattis ut, dui. Cras nisi felis, dignissim vitae, vulputate eu, facilisis eu, tortor.Lorem ipsum dolor sit amet, consectetuer adipiscing elit. Phasellus varius. Mauris vitae lectus consequat magna luctus sagittis. Mauris et odio. Sed orci. Praesent lorem mi, tempus in, scelerisque a, mattis ut, dui. Cras nisi felis, dignissim vitae, vulputate eu, facilisis eu, tortor.Lorem ipsum dolor sit amet, consectetuer adipiscing elit. Phasellus varius. Mauris vitae lectus consequat magna luctus sagittis. Mauris et odio. Sed orci. Praesent lorem mi, tempus in, scelerisque a, mattis ut, dui. Cras nisi felis, dignissim vitae, vulputate eu, facilisis eu, tortor.Lorem ipsum dolor sit amet, consectetuer adipiscing elit. Phasellus varius. Mauris vitae lectus consequat magna luctus sagittis. Mauris et odio. Sed orci. Praesent lorem mi, tempus in, scelerisque a, mattis ut, dui. Cras nisi felis, dignissim vitae, vulputate eu, facilisis eu, tortor.Lorem ipsum dolor sit amet, consectetuer adipiscing elit. Phasellus varius. Mauris vitae lectus consequat magna luctus sagittis. Mauris et odio. Sed orci. Praesent lorem mi, tempus in, scelerisque a, mattis ut, dui. Cras nisi felis, dignissim vitae, vulputate eu, facilisis eu, tortor.Lorem ipsum dolor sit amet, consectetuer adipiscing elit. Phasellus varius. Mauris vitae lectus consequat magna luctus sagittis. Mauris et odio. Sed orci. Praesent lorem mi, tempus in, scelerisque a, mattis ut, dui. Cras nisi felis, dignissim vitae, vulputate eu, facilisis eu, tortor.Lorem ipsum dolor sit amet, consectetuer adipiscing elit. Phasellus varius. Mauris vitae lectus consequat magna luctus sagittis. Mauris et odio. Sed orci. Praesent lorem mi, tempus in, scelerisque a, mattis ut, dui. Cras nisi felis, dignissim vitae, vulputate eu, facilisis eu, tortor.Lorem ipsum dolor sit amet, consectetuer adipiscing elit. Phasellus varius. Mauris vitae lectus consequat magna luctus sagittis. Mauris et odio. Sed orci. Praesent lorem mi, tempus in, scelerisque a, mattis ut, dui. Cras nisi felis, dignissim vitae, vulputate eu, facilisis eu, tortor.Lorem ipsum dolor sit amet, consectetuer adipiscing elit. Phasellus varius. Mauris vitae lectus consequat magna luctus sagittis. Mauris et odio. Sed orci. Praesent lorem mi, tempus in, scelerisque a, mattis ut, dui. Cras nisi felis, dignissim vitae, vulputate eu, facilisis eu, tortor.Lorem ipsum dolor sit amet, consectetuer adipiscing elit. Phasellus varius. Mauris vitae lectus consequat magna luctus sagittis. Mauris et odio. Sed orci. Praesent lorem mi, tempus in, scelerisque a, mattis ut, dui. Cras nisi felis, dignissim vitae, vulputate eu, facilisis eu, tortor.Lorem ipsum dolor sit amet, consectetuer adipiscing elit. Phasellus varius. Mauris vitae lectus consequat magna luctus sagittis. Mauris et odio. Sed orci. Praesent lorem mi, tempus in, scelerisque a, mattis ut, dui. Cras nisi felis, dignissim vitae, vulputate eu, facilisis eu, tortor.Lorem ipsum dolor sit amet, consectetuer adipiscing elit. Phasellus varius. Mauris vitae lectus consequat magna luctus sagittis. Mauris et odio. Sed orci. Praesent lorem mi, tempus in, scelerisque a, mattis ut, dui. Cras nisi felis, dignissim vitae, vulputate eu, facilisis eu, tortor.Lorem ipsum dolor sit amet, consectetuer adipiscing elit. Phasellus varius. Mauris vitae lectus consequat magna luctus sagittis. Mauris et odio. Sed orci. Praesent lorem mi, tempus in, scelerisque a, mattis ut, dui. Cras nisi felis, dignissim vitae, vulputate eu, facilisis eu, tortor.Lorem ipsum dolor sit amet, consectetuer adipiscing elit. Phasellus varius. Mauris vitae lectus consequat magna luctus sagittis. Mauris et odio. Sed orci. Praesent lorem mi, tempus in, scelerisque a, mattis ut, dui. Cras nisi felis, dignissim vitae, vulputate eu, facilisis eu, tortor.Lorem ipsum dolor sit amet, consectetuer adipiscing elit. Phasellus varius. Mauris vitae lectus consequat magna luctus sagittis. Mauris et odio. Sed orci. Praesent lorem mi, tempus in, scelerisque a, mattis ut, dui. Cras nisi felis, dignissim vitae, vulputate eu, facilisis eu, tortor.Lorem ipsum dolor sit amet, consectetuer adipiscing elit. Phasellus varius. Mauris vitae lectus consequat magna luctus sagittis. Mauris et odio. Sed orci. Praesent lorem mi, tempus in, scelerisque a, mattis ut, dui. Cras nisi felis, dignissim vitae, vulputate eu, facilisis eu, tortor.Lorem ipsum dolor sit amet, consectetuer adipiscing elit. Phasellus varius. Mauris vitae lectus consequat magna luctus sagittis. Mauris et odio. Sed orci. Praesent lorem mi, tempus in, scelerisque a, mattis ut, dui. Cras nisi felis, dignissim vitae, vulputate eu, facilisis eu, tortor.Lorem ipsum dolor sit amet, consectetuer adipiscing elit. Phasellus varius. Mauris vitae lectus consequat magna luctus sagittis. Mauris et odio. Sed orci. Praesent lorem mi, tempus in, scelerisque a, mattis ut, dui. Cras nisi felis, dignissim vitae, vulputate eu, facilisis eu, tortor.Lorem ipsum dolor sit amet, consectetuer adipiscing elit. Phasellus varius. Mauris vitae lectus consequat magna luctus sagittis. Mauris et odio. Sed orci. Praesent lorem mi, tempus in, scelerisque a, mattis ut, dui. Cras nisi felis, dignissim vitae, vulputate eu, facilisis eu, tortor.Lorem ipsum dolor sit amet, consectetuer adipiscing elit. Phasellus varius. Mauris vitae lectus consequat magna luctus sagittis. Mauris et odio. Sed orci. Praesent lorem mi, tempus in, scelerisque a, mattis ut, dui. Cras nisi felis, dignissim vitae, vulputate eu, facilisis eu, tortor.Lorem ipsum dolor sit amet, consectetuer adipiscing elit. Phasellus varius. Mauris vitae lectus consequat magna luctus sagittis. Mauris et odio. Sed orci. Praesent lorem mi, tempus in, scelerisque a, mattis ut, dui. Cras nisi felis, dignissim vitae, vulputate eu, facilisis eu, tortor.Lorem ipsum dolor sit amet, consectetuer adipiscing elit. Phasellus varius. Mauris vitae lectus consequat magna luctus sagittis. Mauris et odio. Sed orci. Praesent lorem mi, tempus in, scelerisque a, mattis ut, dui. Cras nisi felis, dignissim vitae, vulputate eu, facilisis eu, tortor.Lorem ipsum dolor sit amet, consectetuer adipiscing elit. Phasellus varius. Mauris vitae lectus consequat magna luctus sagittis. Mauris et odio. Sed orci. Praesent lorem mi, tempus in, scelerisque a, mattis ut, dui. Cras nisi felis, dignissim vitae, vulputate eu, facilisis eu, tortor.', 0, 1, ''),
(8, 5, '2011-01-21 17:06:00', 0, 62, 'LAWYER', 15, 'CLIENT', 'Lorem ipsum dolor sit amet, consectetuer adipiscing elit. Phasellus varius. Mauris vitae lectus consequat magna luctus sagittis. Mauris et odio. Sed orci. Praesent lorem mi, tempus in, scelerisque a, mattis ut, dui. Cras nisi felis, dignissim vitae, vulputate eu, facilisis eu, tortor.Lorem ipsum dolor sit amet, consectetuer adipiscing elit. Phasellus varius. Mauris vitae lectus consequat magna luctus sagittis. Mauris et odio. Sed orci. Praesent lorem mi, tempus in, scelerisque a, mattis ut, dui. Cras nisi felis, dignissim vitae, vulputate eu, facilisis eu, tortor.Lorem ipsum dolor sit amet, consectetuer adipiscing elit. Phasellus varius. Mauris vitae lectus consequat magna luctus sagittis. Mauris et odio. Sed orci. Praesent lorem mi, tempus in, scelerisque a, mattis ut, dui. Cras nisi felis, dignissim vitae, vulputate eu, facilisis eu, tortor.Lorem ipsum dolor sit amet, consectetuer adipiscing elit. Phasellus varius. Mauris vitae lectus consequat magna luctus sagittis. Mauris et odio. Sed orci. Praesent lorem mi, tempus in, scelerisque a, mattis ut, dui. Cras nisi felis, dignissim vitae, vulputate eu, facilisis eu, tortor.Lorem ipsum dolor sit amet, consectetuer adipiscing elit. Phasellus varius. Mauris vitae lectus consequat magna luctus sagittis. Mauris et odio. Sed orci. Praesent lorem mi, tempus in, scelerisque a, mattis ut, dui. Cras nisi felis, dignissim vitae, vulputate eu, facilisis eu, tortor.Lorem ipsum dolor sit amet, consectetuer adipiscing elit. Phasellus varius. Mauris vitae lectus consequat magna luctus sagittis. Mauris et odio. Sed orci. Praesent lorem mi, tempus in, scelerisque a, mattis ut, dui. Cras nisi felis, dignissim vitae, vulputate eu, facilisis eu, tortor.Lorem ipsum dolor sit amet, consectetuer adipiscing elit. Phasellus varius. Mauris vitae lectus consequat magna luctus sagittis. Mauris et odio. Sed orci. Praesent lorem mi, tempus in, scelerisque a, mattis ut, dui. Cras nisi felis, dignissim vitae, vulputate eu, facilisis eu, tortor.Lorem ipsum dolor sit amet, consectetuer adipiscing elit. Phasellus varius. Mauris vitae lectus consequat magna luctus sagittis. Mauris et odio. Sed orci. Praesent lorem mi, tempus in, scelerisque a, mattis ut, dui. Cras nisi felis, dignissim vitae, vulputate eu, facilisis eu, tortor.Lorem ipsum dolor sit amet, consectetuer adipiscing elit. Phasellus varius. Mauris vitae lectus consequat magna luctus sagittis. Mauris et odio. Sed orci. Praesent lorem mi, tempus in, scelerisque a, mattis ut, dui. Cras nisi felis, dignissim vitae, vulputate eu, facilisis eu, tortor.Lorem ipsum dolor sit amet, consectetuer adipiscing elit. Phasellus varius. Mauris vitae lectus consequat magna luctus sagittis. Mauris et odio. Sed orci. Praesent lorem mi, tempus in, scelerisque a, mattis ut, dui. Cras nisi felis, dignissim vitae, vulputate eu, facilisis eu, tortor.Lorem ipsum dolor sit amet, consectetuer adipiscing elit. Phasellus varius. Mauris vitae lectus consequat magna luctus sagittis. Mauris et odio. Sed orci. Praesent lorem mi, tempus in, scelerisque a, mattis ut, dui. Cras nisi felis, dignissim vitae, vulputate eu, facilisis eu, tortor.Lorem ipsum dolor sit amet, consectetuer adipiscing elit. Phasellus varius. Mauris vitae lectus consequat magna luctus sagittis. Mauris et odio. Sed orci. Praesent lorem mi, tempus in, scelerisque a, mattis ut, dui. Cras nisi felis, dignissim vitae, vulputate eu, facilisis eu, tortor.Lorem ipsum dolor sit amet, consectetuer adipiscing elit. Phasellus varius. Mauris vitae lectus consequat magna luctus sagittis. Mauris et odio. Sed orci. Praesent lorem mi, tempus in, scelerisque a, mattis ut, dui. Cras nisi felis, dignissim vitae, vulputate eu, facilisis eu, tortor.Lorem ipsum dolor sit amet, consectetuer adipiscing elit. Phasellus varius. Mauris vitae lectus consequat magna luctus sagittis. Mauris et odio. Sed orci. Praesent lorem mi, tempus in, scelerisque a, mattis ut, dui. Cras nisi felis, dignissim vitae, vulputate eu, facilisis eu, tortor.Lorem ipsum dolor sit amet, consectetuer adipiscing elit. Phasellus varius. Mauris vitae lectus consequat magna luctus sagittis. Mauris et odio. Sed orci. Praesent lorem mi, tempus in, scelerisque a, mattis ut, dui. Cras nisi felis, dignissim vitae, vulputate eu, facilisis eu, tortor.Lorem ipsum dolor sit amet, consectetuer adipiscing elit. Phasellus varius. Mauris vitae lectus consequat magna luctus sagittis. Mauris et odio. Sed orci. Praesent lorem mi, tempus in, scelerisque a, mattis ut, dui. Cras nisi felis, dignissim vitae, vulputate eu, facilisis eu, tortor.Lorem ipsum dolor sit amet, consectetuer adipiscing elit. Phasellus varius. Mauris vitae lectus consequat magna luctus sagittis. Mauris et odio. Sed orci. Praesent lorem mi, tempus in, scelerisque a, mattis ut, dui. Cras nisi felis, dignissim vitae, vulputate eu, facilisis eu, tortor.Lorem ipsum dolor sit amet, consectetuer adipiscing elit. Phasellus varius. Mauris vitae lectus consequat magna luctus sagittis. Mauris et odio. Sed orci. Praesent lorem mi, tempus in, scelerisque a, mattis ut, dui. Cras nisi felis, dignissim vitae, vulputate eu, facilisis eu, tortor.Lorem ipsum dolor sit amet, consectetuer adipiscing elit. Phasellus varius. Mauris vitae lectus consequat magna luctus sagittis. Mauris et odio. Sed orci. Praesent lorem mi, tempus in, scelerisque a, mattis ut, dui. Cras nisi felis, dignissim vitae, vulputate eu, facilisis eu, tortor.Lorem ipsum dolor sit amet, consectetuer adipiscing elit. Phasellus varius. Mauris vitae lectus consequat magna luctus sagittis. Mauris et odio. Sed orci. Praesent lorem mi, tempus in, scelerisque a, mattis ut, dui. Cras nisi felis, dignissim vitae, vulputate eu, facilisis eu, tortor.Lorem ipsum dolor sit amet, consectetuer adipiscing elit. Phasellus varius. Mauris vitae lectus consequat magna luctus sagittis. Mauris et odio. Sed orci. Praesent lorem mi, tempus in, scelerisque a, mattis ut, dui. Cras nisi felis, dignissim vitae, vulputate eu, facilisis eu, tortor.Lorem ipsum dolor sit amet, consectetuer adipiscing elit. Phasellus varius. Mauris vitae lectus consequat magna luctus sagittis. Mauris et odio. Sed orci. Praesent lorem mi, tempus in, scelerisque a, mattis ut, dui. Cras nisi felis, dignissim vitae, vulputate eu, facilisis eu, tortor.Lorem ipsum dolor sit amet, consectetuer adipiscing elit. Phasellus varius. Mauris vitae lectus consequat magna luctus sagittis. Mauris et odio. Sed orci. Praesent lorem mi, tempus in, scelerisque a, mattis ut, dui. Cras nisi felis, dignissim vitae, vulputate eu, facilisis eu, tortor.Lorem ipsum dolor sit amet, consectetuer adipiscing elit. Phasellus varius. Mauris vitae lectus consequat magna luctus sagittis. Mauris et odio. Sed orci. Praesent lorem mi, tempus in, scelerisque a, mattis ut, dui. Cras nisi felis, dignissim vitae, vulputate eu, facilisis eu, tortor.Lorem ipsum dolor sit amet, consectetuer adipiscing elit. Phasellus varius. Mauris vitae lectus consequat magna luctus sagittis. Mauris et odio. Sed orci. Praesent lorem mi, tempus in, scelerisque a, mattis ut, dui. Cras nisi felis, dignissim vitae, vulputate eu, facilisis eu, tortor.Lorem ipsum dolor sit amet, consectetuer adipiscing elit. Phasellus varius. Mauris vitae lectus consequat magna luctus sagittis. Mauris et odio. Sed orci. Praesent lorem mi, tempus in, scelerisque a, mattis ut, dui. Cras nisi felis, dignissim vitae, vulputate eu, facilisis eu, tortor.Lorem ipsum dolor sit amet, consectetuer adipiscing elit. Phasellus varius. Mauris vitae lectus consequat magna luctus sagittis. Mauris et odio. Sed orci. Praesent lorem mi, tempus in, scelerisque a, mattis ut, dui. Cras nisi felis, dignissim vitae, vulputate eu, facilisis eu, tortor.Lorem ipsum dolor sit amet, consectetuer adipiscing elit. Phasellus varius. Mauris vitae lectus consequat magna luctus sagittis. Mauris et odio. Sed orci. Praesent lorem mi, tempus in, scelerisque a, mattis ut, dui. Cras nisi felis, dignissim vitae, vulputate eu, facilisis eu, tortor.Lorem ipsum dolor sit amet, consectetuer adipiscing elit. Phasellus varius. Mauris vitae lectus consequat magna luctus sagittis. Mauris et odio. Sed orci. Praesent lorem mi, tempus in, scelerisque a, mattis ut, dui. Cras nisi felis, dignissim vitae, vulputate eu, facilisis eu, tortor.Lorem ipsum dolor sit amet, consectetuer adipiscing elit. Phasellus varius. Mauris vitae lectus consequat magna luctus sagittis. Mauris et odio. Sed orci. Praesent lorem mi, tempus in, scelerisque a, mattis ut, dui. Cras nisi felis, dignissim vitae, vulputate eu, facilisis eu, tortor.Lorem ipsum dolor sit amet, consectetuer adipiscing elit. Phasellus varius. Mauris vitae lectus consequat magna luctus sagittis. Mauris et odio. Sed orci. Praesent lorem mi, tempus in, scelerisque a, mattis ut, dui. Cras nisi felis, dignissim vitae, vulputate eu, facilisis eu, tortor.Lorem ipsum dolor sit amet, consectetuer adipiscing elit. Phasellus varius. Mauris vitae lectus consequat magna luctus sagittis. Mauris et odio. Sed orci. Praesent lorem mi, tempus in, scelerisque a, mattis ut, dui. Cras nisi felis, dignissim vitae, vulputate eu, facilisis eu, tortor.Lorem ipsum dolor sit amet, consectetuer adipiscing elit. Phasellus varius. Mauris vitae lectus consequat magna luctus sagittis. Mauris et odio. Sed orci. Praesent lorem mi, tempus in, scelerisque a, mattis ut, dui. Cras nisi felis, dignissim vitae, vulputate eu, facilisis eu, tortor.Lorem ipsum dolor sit amet, consectetuer adipiscing elit. Phasellus varius. Mauris vitae lectus consequat magna luctus sagittis. Mauris et odio. Sed orci. Praesent lorem mi, tempus in, scelerisque a, mattis ut, dui. Cras nisi felis, dignissim vitae, vulputate eu, facilisis eu, tortor.Lorem ipsum dolor sit amet, consectetuer adipiscing elit. Phasellus varius. Mauris vitae lectus consequat magna luctus sagittis. Mauris et odio. Sed orci. Praesent lorem mi, tempus in, scelerisque a, mattis ut, dui. Cras nisi felis, dignissim vitae, vulputate eu, facilisis eu, tortor.Lorem ipsum dolor sit amet, consectetuer adipiscing elit. Phasellus varius. Mauris vitae lectus consequat magna luctus sagittis. Mauris et odio. Sed orci. Praesent lorem mi, tempus in, scelerisque a, mattis ut, dui. Cras nisi felis, dignissim vitae, vulputate eu, facilisis eu, tortor.Lorem ipsum dolor sit amet, consectetuer adipiscing elit. Phasellus varius. Mauris vitae lectus consequat magna luctus sagittis. Mauris et odio. Sed orci. Praesent lorem mi, tempus in, scelerisque a, mattis ut, dui. Cras nisi felis, dignissim vitae, vulputate eu, facilisis eu, tortor.Lorem ipsum dolor sit amet, consectetuer adipiscing elit. Phasellus varius. Mauris vitae lectus consequat magna luctus sagittis. Mauris et odio. Sed orci. Praesent lorem mi, tempus in, scelerisque a, mattis ut, dui. Cras nisi felis, dignissim vitae, vulputate eu, facilisis eu, tortor.Lorem ipsum dolor sit amet, consectetuer adipiscing elit. Phasellus varius. Mauris vitae lectus consequat magna luctus sagittis. Mauris et odio. Sed orci. Praesent lorem mi, tempus in, scelerisque a, mattis ut, dui. Cras nisi felis, dignissim vitae, vulputate eu, facilisis eu, tortor.Lorem ipsum dolor sit amet, consectetuer adipiscing elit. Phasellus varius. Mauris vitae lectus consequat magna luctus sagittis. Mauris et odio. Sed orci. Praesent lorem mi, tempus in, scelerisque a, mattis ut, dui. Cras nisi felis, dignissim vitae, vulputate eu, facilisis eu, tortor.Lorem ipsum dolor sit amet, consectetuer adipiscing elit. Phasellus varius. Mauris vitae lectus consequat magna luctus sagittis. Mauris et odio. Sed orci. Praesent lorem mi, tempus in, scelerisque a, mattis ut, dui. Cras nisi felis, dignissim vitae, vulputate eu, facilisis eu, tortor.Lorem ipsum dolor sit amet, consectetuer adipiscing elit. Phasellus varius. Mauris vitae lectus consequat magna luctus sagittis. Mauris et odio. Sed orci. Praesent lorem mi, tempus in, scelerisque a, mattis ut, dui. Cras nisi felis, dignissim vitae, vulputate eu, facilisis eu, tortor.Lorem ipsum dolor sit amet, consectetuer adipiscing elit. Phasellus varius. Mauris vitae lectus consequat magna luctus sagittis. Mauris et odio. Sed orci. Praesent lorem mi, tempus in, scelerisque a, mattis ut, dui. Cras nisi felis, dignissim vitae, vulputate eu, facilisis eu, tortor.Lorem ipsum dolor sit amet, consectetuer adipiscing elit. Phasellus varius. Mauris vitae lectus consequat magna luctus sagittis. Mauris et odio. Sed orci. Praesent lorem mi, tempus in, scelerisque a, mattis ut, dui. Cras nisi felis, dignissim vitae, vulputate eu, facilisis eu, tortor.Lorem ipsum dolor sit amet, consectetuer adipiscing elit. Phasellus varius. Mauris vitae lectus consequat magna luctus sagittis. Mauris et odio. Sed orci. Praesent lorem mi, tempus in, scelerisque a, mattis ut, dui. Cras nisi felis, dignissim vitae, vulputate eu, facilisis eu, tortor.Lorem ipsum dolor sit amet, consectetuer adipiscing elit. Phasellus varius. Mauris vitae lectus consequat magna luctus sagittis. Mauris et odio. Sed orci. Praesent lorem mi, tempus in, scelerisque a, mattis ut, dui. Cras nisi felis, dignissim vitae, vulputate eu, facilisis eu, tortor.Lorem ipsum dolor sit amet, consectetuer adipiscing elit. Phasellus varius. Mauris vitae lectus consequat magna luctus sagittis. Mauris et odio. Sed orci. Praesent lorem mi, tempus in, scelerisque a, mattis ut, dui. Cras nisi felis, dignissim vitae, vulputate eu, facilisis eu, tortor.Lorem ipsum dolor sit amet, consectetuer adipiscing elit. Phasellus varius. Mauris vitae lectus consequat magna luctus sagittis. Mauris et odio. Sed orci. Praesent lorem mi, tempus in, scelerisque a, mattis ut, dui. Cras nisi felis, dignissim vitae, vulputate eu, facilisis eu, tortor.Lorem ipsum dolor sit amet, consectetuer adipiscing elit. Phasellus varius. Mauris vitae lectus consequat magna luctus sagittis. Mauris et odio. Sed orci. Praesent lorem mi, tempus in, scelerisque a, mattis ut, dui. Cras nisi felis, dignissim vitae, vulputate eu, facilisis eu, tortor.Lorem ipsum dolor sit amet, consectetuer adipiscing elit. Phasellus varius. Mauris vitae lectus consequat magna luctus sagittis. Mauris et odio. Sed orci. Praesent lorem mi, tempus in, scelerisque a, mattis ut, dui. Cras nisi felis, dignissim vitae, vulputate eu, facilisis eu, tortor.Lorem ipsum dolor sit amet, consectetuer adipiscing elit. Phasellus varius. Mauris vitae lectus consequat magna luctus sagittis. Mauris et odio. Sed orci. Praesent lorem mi, tempus in, scelerisque a, mattis ut, dui. Cras nisi felis, dignissim vitae, vulputate eu, facilisis eu, tortor.Lorem ipsum dolor sit amet, consectetuer adipiscing elit. Phasellus varius. Mauris vitae lectus consequat magna luctus sagittis. Mauris et odio. Sed orci. Praesent lorem mi, tempus in, scelerisque a, mattis ut, dui. Cras nisi felis, dignissim vitae, vulputate eu, facilisis eu, tortor.Lorem ipsum dolor sit amet, consectetuer adipiscing elit. Phasellus varius. Mauris vitae lectus consequat magna luctus sagittis. Mauris et odio. Sed orci. Praesent lorem mi, tempus in, scelerisque a, mattis ut, dui. Cras nisi felis, dignissim vitae, vulputate eu, facilisis eu, tortor.Lorem ipsum dolor sit amet, consectetuer adipiscing elit. Phasellus varius. Mauris vitae lectus consequat magna luctus sagittis. Mauris et odio. Sed orci. Praesent lorem mi, tempus in, scelerisque a, mattis ut, dui. Cras nisi felis, dignissim vitae, vulputate eu, facilisis eu, tortor.Lorem ipsum dolor sit amet, consectetuer adipiscing elit. Phasellus varius. Mauris vitae lectus consequat magna luctus sagittis. Mauris et odio. Sed orci. Praesent lorem mi, tempus in, scelerisque a, mattis ut, dui. Cras nisi felis, dignissim vitae, vulputate eu, facilisis eu, tortor.Lorem ipsum dolor sit amet, consectetuer adipiscing elit. Phasellus varius. Mauris vitae lectus consequat magna luctus sagittis. Mauris et odio. Sed orci. Praesent lorem mi, tempus in, scelerisque a, mattis ut, dui. Cras nisi felis, dignissim vitae, vulputate eu, facilisis eu, tortor.Lorem ipsum dolor sit amet, consectetuer adipiscing elit. Phasellus varius. Mauris vitae lectus consequat magna luctus sagittis. Mauris et odio. Sed orci. Praesent lorem mi, tempus in, scelerisque a, mattis ut, dui. Cras nisi felis, dignissim vitae, vulputate eu, facilisis eu, tortor.Lorem ipsum dolor sit amet, consectetuer adipiscing elit. Phasellus varius. Mauris vitae lectus consequat magna luctus sagittis. Mauris et odio. Sed orci. Praesent lorem mi, tempus in, scelerisque a, mattis ut, dui. Cras nisi felis, dignissim vitae, vulputate eu, facilisis eu, tortor.Lorem ipsum dolor sit amet, consectetuer adipiscing elit. Phasellus varius. Mauris vitae lectus consequat magna luctus sagittis. Mauris et odio. Sed orci. Praesent lorem mi, tempus in, scelerisque a, mattis ut, dui. Cras nisi felis, dignissim vitae, vulputate eu, facilisis eu, tortor.Lorem ipsum dolor sit amet, consectetuer adipiscing elit. Phasellus varius. Mauris vitae lectus consequat magna luctus sagittis. Mauris et odio. Sed orci. Praesent lorem mi, tempus in, scelerisque a, mattis ut, dui. Cras nisi felis, dignissim vitae, vulputate eu, facilisis eu, tortor.Lorem ipsum dolor sit amet, consectetuer adipiscing elit. Phasellus varius. Mauris vitae lectus consequat magna luctus sagittis. Mauris et odio. Sed orci. Praesent lorem mi, tempus in, scelerisque a, mattis ut, dui. Cras nisi felis, dignissim vitae, vulputate eu, facilisis eu, tortor.Lorem ipsum dolor sit amet, consectetuer adipiscing elit. Phasellus varius. Mauris vitae lectus consequat magna luctus sagittis. Mauris et odio. Sed orci. Praesent lorem mi, tempus in, scelerisque a, mattis ut, dui. Cras nisi felis, dignissim vitae, vulputate eu, facilisis eu, tortor.Lorem ipsum dolor sit amet, consectetuer adipiscing elit. Phasellus varius. Mauris vitae lectus consequat magna luctus sagittis. Mauris et odio. Sed orci. Praesent lorem mi, tempus in, scelerisque a, mattis ut, dui. Cras nisi felis, dignissim vitae, vulputate eu, facilisis eu, tortor.Lorem ipsum dolor sit amet, consectetuer adipiscing elit. Phasellus varius. Mauris vitae lectus consequat magna luctus sagittis. Mauris et odio. Sed orci. Praesent lorem mi, tempus in, scelerisque a, mattis ut, dui. Cras nisi felis, dignissim vitae, vulputate eu, facilisis eu, tortor.Lorem ipsum dolor sit amet, consectetuer adipiscing elit. Phasellus varius. Mauris vitae lectus consequat magna luctus sagittis. Mauris et odio. Sed orci. Praesent lorem mi, tempus in, scelerisque a, mattis ut, dui. Cras nisi felis, dignissim vitae, vulputate eu, facilisis eu, tortor.Lorem ipsum dolor sit amet, consectetuer adipiscing elit. Phasellus varius. Mauris vitae lectus consequat magna luctus sagittis. Mauris et odio. Sed orci. Praesent lorem mi, tempus in, scelerisque a, mattis ut, dui. Cras nisi felis, dignissim vitae, vulputate eu, facilisis eu, tortor.Lorem ipsum dolor sit amet, consectetuer adipiscing elit. Phasellus varius. Mauris vitae lectus consequat magna luctus sagittis. Mauris et odio. Sed orci. Praesent lorem mi, tempus in, scelerisque a, mattis ut, dui. Cras nisi felis, dignissim vitae, vulputate eu, facilisis eu, tortor.Lorem ipsum dolor sit amet, consectetuer adipiscing elit. Phasellus varius. Mauris vitae lectus consequat magna luctus sagittis. Mauris et odio. Sed orci. Praesent lorem mi, tempus in, scelerisque a, mattis ut, dui. Cras nisi felis, dignissim vitae, vulputate eu, facilisis eu, tortor.13131Lorem ipsum dolor sit amet, consectetuer adipiscing elit. Phasellus varius. Mauris vitae lectus consequat magna luctus sagittis. Mauris et odio. Sed orci. Praesent lorem mi, tempus in, scelerisque a, mattis ut, dui. Cras nisi felis, dignissim vitae, vulputate eu, facilisis eu, tortor.Lorem ipsum dolor sit amet, consectetuer adipiscing elit. Phasellus varius. Mauris vitae lectus consequat magna luctus sagittis. Mauris et odio. Sed orci. Praesent lorem mi, tempus in, scelerisque a, mattis ut, dui. Cras nisi felis, dignissim vitae, vulputate eu, facilisis eu, tortor.Lorem ipsum dolor sit amet, consectetuer adipiscing elit. Phasellus varius. Mauris vitae lectus consequat magna luctus sagittis. Mauris et odio. Sed orci. Praesent lorem mi, tempus in, scelerisque a, mattis ut, dui. Cras nisi felis, dignissim vitae, vulputate eu, facilisis eu, tortor.Lorem ipsum dolor sit amet, consectetuer adipiscing elit. Phasellus varius. Mauris vitae lectus consequat magna luctus sagittis. Mauris et odio. Sed orci. Praesent lorem mi, tempus in, scelerisque a, mattis ut, dui. Cras nisi felis, dignissim vitae, vulputate eu, facilisis eu, tortor.Lorem ipsum dolor sit amet, consectetuer adipiscing elit. Phasellus varius. Mauris vitae lectus consequat magna luctus sagittis. Mauris et odio. Sed orci. Praesent lorem mi, tempus in, scelerisque a, mattis ut, dui. Cras nisi felis, dignissim vitae, vulputate eu, facilisis eu, tortor.', 0, 1, ''),
(9, 5, '2011-01-22 11:37:56', 0, 62, 'LAWYER', 15, 'CLIENT', 'Hi Test test test', 0, 1, ''),
(10, 6, '2011-01-25 19:07:47', 0, 81, 'LAWYER', 45, 'CLIENT', 'test sdf sdaf s sa fsa sa ', 0, 1, ''),
(11, 6, '2011-01-25 19:10:36', 0, 80, 'LAWYER', 45, 'CLIENT', 'asgasd gsad asg as asd gas gas gas gas gas as as gas gas a ga a', 0, 1, ''),
(12, 6, '2011-01-25 19:58:44', 0, 45, 'CLIENT', 81, 'LAWYER', 'I like your bid. How fast you can solve the case.', 0, 1, ''),
(13, 6, '2011-01-25 20:10:34', 0, 45, 'CLIENT', 81, 'LAWYER', 'Hi Again,<p>  Are you interested in the case??<p>Regards,<br/>Jay<br/>', 0, 1, ''),
(14, 6, '2011-01-25 20:11:50', 0, 45, 'CLIENT', 81, 'LAWYER', 'test msg<br/>', 0, 1, ''),
(15, 6, '2011-01-25 20:11:53', 0, 81, 'LAWYER', 45, 'CLIENT', 'Hey Jayanta,<p>I am now tooo busy... So I refused your case.<p>Thanks<br/>Souvik Mondal', 0, 1, ''),
(16, 6, '2011-01-25 20:12:22', 0, 81, 'LAWYER', 45, 'CLIENT', 'Sorry Jayanta, Please give me a chance. ', 0, 1, ''),
(17, 6, '2011-01-25 20:39:55', 0, 45, 'CLIENT', 80, 'LAWYER', 'test msg', 0, 0, ''),
(18, 6, '2011-01-25 20:41:18', 0, 45, 'CLIENT', 80, 'LAWYER', 'This is a test message.', 0, 0, ''),
(19, 6, '2011-01-27 13:10:14', 0, 81, 'LAWYER', 45, 'CLIENT', 'This is a test message to Jayanta.', 0, 1, ''),
(20, 6, '2011-01-27 13:30:44', 0, 45, 'CLIENT', 81, 'LAWYER', '', 0, 1, ''),
(21, 6, '2011-01-27 15:43:46', 0, 45, 'CLIENT', 81, 'LAWYER', 'Are you confident that you can give me the solution??', 0, 1, ''),
(22, 6, '2011-01-27 15:46:59', 0, 81, 'LAWYER', 45, 'CLIENT', 'Yes sir... ', 0, 1, ''),
(23, 6, '2011-01-27 15:47:33', 0, 45, 'CLIENT', 81, 'LAWYER', 'Great.. I am setting milestone now.', 0, 1, ''),
(24, 6, '2011-01-27 16:37:16', 0, 45, 'CLIENT', 80, 'LAWYER', 'Hi John,<br/>This is test message', 0, 0, ''),
(25, 6, '2011-01-27 16:51:22', 0, 45, 'CLIENT', 80, 'LAWYER', 'test message!', 0, 0, ''),
(26, 7, '2011-01-27 18:05:52', 0, 62, 'LAWYER', 15, 'CLIENT', '', 0, 1, ''),
(27, 8, '2011-01-27 18:35:51', 0, 62, 'LAWYER', 15, 'CLIENT', 'test msg to PMB', 0, 1, ''),
(28, 9, '2011-01-28 11:11:50', 0, 62, 'LAWYER', 15, 'CLIENT', 'test PMB msg for testRD8', 0, 1, ''),
(29, 10, '2011-02-05 15:33:09', 0, 87, 'LAWYER', 53, 'CLIENT', 'I can do it in Urdu if the emplyer is  Indian', 0, 0, ''),
(30, 10, '2011-02-05 15:34:23', 0, 87, 'LAWYER', 53, 'CLIENT', 'I can do extra work and submit application too', 0, 0, ''),
(31, 11, '2011-02-08 08:55:45', 0, 87, 'LAWYER', 53, 'CLIENT', 'reachlawyer.com', 0, 1, ''),
(32, 11, '2011-02-08 08:59:24', 0, 87, 'LAWYER', 53, 'CLIENT', 'Hi Lucas, Please look at the sample of my work in this area.', 0, 1, ''),
(33, 12, '2011-02-09 17:46:23', 0, 81, 'LAWYER', 45, 'CLIENT', 'test', 0, 1, ''),
(34, 13, '2011-02-09 19:41:30', 0, 85, 'LAWYER', 54, 'CLIENT', '', 0, 1, ''),
(35, 13, '2011-02-09 19:49:19', 0, 88, 'LAWYER', 54, 'CLIENT', '', 0, 1, ''),
(36, 8, '2011-02-10 18:01:59', 0, 62, 'LAWYER', 15, 'CLIENT', '', 0, 0, ''),
(37, 8, '2011-02-10 18:02:21', 0, 62, 'LAWYER', 15, 'CLIENT', '', 0, 0, ''),
(60, 13, '2011-02-11 14:33:02', 0, 54, 'CLIENT', 85, 'LAWYER', 'dfg dgh hfjg', 0, 0, '1297414982single-user-chat1.jpg'),
(61, 13, '2011-02-11 14:34:57', 0, 54, 'CLIENT', 85, 'LAWYER', 'dfg dgh hfjg', 0, 0, '1297415097single-user-chat1.jpg'),
(62, 5, '2011-02-11 14:40:36', 0, 88, 'LAWYER', 15, 'CLIENT', 'ADLorem ipsum dolor sit amet, consectetuer adipiscing elit. Phasellus varius. Mauris vitae lectus consequat magna luctus sagittis. Mauris et odio. Sed orci. Praesent lorem mi, tempus in, scelerisque a, mattis ut, dui. Cras nisi felis, dignissim vitae, vulputate eu, facilisis eu', 0, 0, ''),
(63, 15, '2011-02-11 14:42:10', 0, 85, 'LAWYER', 49, 'CLIENT', 'abcd', 0, 1, ''),
(64, 16, '2011-02-15 16:23:22', 0, 85, 'LAWYER', 49, 'CLIENT', '', 0, 0, ''),
(65, 17, '2011-02-16 15:54:01', 0, 89, 'LAWYER', 45, 'CLIENT', 'I am accessible #9830358053', 0, 1, ''),
(66, 17, '2011-02-16 16:15:24', 0, 89, 'LAWYER', 45, 'CLIENT', '', 0, 1, ''),
(67, 17, '2011-02-16 16:21:23', 0, 89, 'LAWYER', 45, 'CLIENT', '', 0, 1, ''),
(59, 13, '2011-02-11 13:47:35', 0, 54, 'CLIENT', 85, 'LAWYER', 'dfg dgh hfjg', 0, 0, '1297412255single-user-chat1.jpg'),
(68, 18, '2011-02-17 17:30:19', 0, 94, 'LAWYER', 59, 'CLIENT', 'test', 0, 1, ''),
(69, 18, '2011-02-17 17:31:27', 0, 94, 'LAWYER', 59, 'CLIENT', '', 0, 1, ''),
(70, 18, '2011-02-17 17:33:36', 0, 59, 'CLIENT', 94, 'LAWYER', 'Are you sure you can do the project??', 0, 1, '129794421634236_406235532342_722267342_4940613_6187447_n.jpg'),
(71, 18, '2011-02-17 17:37:51', 0, 94, 'LAWYER', 59, 'CLIENT', 'Oh! yes only I can do this project in the entire country!! :-)', 0, 1, ''),
(72, 18, '2011-02-17 17:38:22', 0, 59, 'CLIENT', 0, 'LAWYER', 'Great I am awarding right now :)', 0, 0, ''),
(73, 17, '2011-02-17 20:03:32', 0, 45, 'CLIENT', 89, 'LAWYER', 'hi.......', 0, 1, '12979532121297947902Winter.jpg'),
(74, 18, '2011-02-17 20:30:21', 0, 59, 'CLIENT', 94, 'LAWYER', 'Hi what is the progress Dan?', 0, 1, '1297954821logo-5.jpg'),
(75, 18, '2011-02-17 20:35:02', 0, 94, 'LAWYER', 59, 'CLIENT', '53543w4525465$@#%^*()?><BNFYO><', 0, 1, '1297955102daniel_henney.jpg'),
(76, 12, '2011-02-17 20:37:40', 0, 45, 'CLIENT', 81, 'LAWYER', 'hi.......', 0, 1, '1297955260profile-edit-no-message.JPG'),
(77, 19, '2011-02-18 15:27:12', 0, 62, 'LAWYER', 15, 'CLIENT', 'this a test msg on pmb to danish', 0, 0, ''),
(78, 20, '2011-02-18 20:07:43', 0, 95, 'LAWYER', 60, 'CLIENT', 'It the my first message to you', 0, 1, ''),
(79, 20, '2011-02-18 21:15:47', 0, 60, 'CLIENT', 0, 'LAWYER', 'What is the progress on the case? I am not happy with the progress :(', 0, 0, '1298043947ExactllyDigital-CorporatePresentation.pdf'),
(80, 20, '2011-02-18 21:16:58', 0, 60, 'CLIENT', 95, 'LAWYER', 'What is the progress of the project?', 0, 0, '1298044018ExactllyDigital-CorporatePresentation.pdf'),
(81, 21, '2011-02-19 17:05:20', 0, 95, 'LAWYER', 15, 'CLIENT', 'test msg', 0, 0, ''),
(82, 22, '2011-02-19 18:55:29', 0, 95, 'LAWYER', 15, 'CLIENT', '', 0, 1, ''),
(83, 23, '2011-02-22 15:40:34', 0, 98, 'LAWYER', 62, 'CLIENT', 'I have done many website terms and conditions', 0, 1, ''),
(84, 24, '2011-02-24 06:13:52', 0, 98, 'LAWYER', 62, 'CLIENT', 'I specialize in corporate litigations', 0, 1, ''),
(85, 24, '2011-02-24 08:15:12', 0, 98, 'LAWYER', 62, 'CLIENT', 'I have creadted a first milestone', 0, 1, ''),
(86, 24, '2011-02-24 08:23:52', 0, 62, 'CLIENT', 98, 'LAWYER', 'Thanks', 0, 1, '1298516032Case Form.pdf'),
(87, 24, '2011-02-24 12:19:13', 0, 62, 'CLIENT', 98, 'LAWYER', 'Hi - this is a test by Jayanta.', 0, 1, ''),
(88, 25, '2011-02-28 16:04:13', 0, 95, 'LAWYER', 62, 'CLIENT', 'I can solve the issue by tracking ip address.', 0, 1, ''),
(89, 26, '2011-02-28 17:11:53', 0, 62, 'LAWYER', 15, 'CLIENT', 'test msg....', 0, 0, ''),
(90, 25, '2011-02-28 17:18:54', 0, 99, 'LAWYER', 62, 'CLIENT', '', 0, 1, ''),
(91, 27, '2011-02-28 17:52:03', 0, 62, 'LAWYER', 15, 'CLIENT', 'test msg from sharon...', 0, 0, ''),
(92, 25, '2011-02-28 18:20:59', 0, 99, 'LAWYER', 62, 'CLIENT', 'Test message for client..', 0, 1, '1298897459canadian.jpeg'),
(93, 28, '2011-03-01 16:16:01', 0, 99, 'LAWYER', 62, 'CLIENT', 'Hi', 0, 1, ''),
(94, 28, '2011-03-01 16:18:55', 0, 62, 'CLIENT', 99, 'LAWYER', 'Are you confident to resolve the issue?', 0, 1, '1298976535DSC06658-s.jpg'),
(95, 28, '2011-03-01 16:29:50', 0, 99, 'LAWYER', 62, 'CLIENT', 'Yes, I guess approximately it will take 50 days.', 0, 1, '1298977190Blue hills.jpg'),
(96, 28, '2011-03-01 16:31:11', 0, 62, 'CLIENT', 99, 'LAWYER', 'ok great lets start!', 0, 0, ''),
(97, 29, '2011-03-01 22:54:15', 0, 98, 'LAWYER', 45, 'CLIENT', '', 0, 0, ''),
(98, 30, '2011-03-05 00:40:31', 0, 98, 'LAWYER', 62, 'CLIENT', '', 0, 0, ''),
(99, 31, '2011-03-05 14:50:24', 0, 62, 'LAWYER', 15, 'CLIENT', 'This a personal message from sharon.', 0, 0, ''),
(100, 31, '2011-03-05 14:57:11', 0, 62, 'LAWYER', 15, 'CLIENT', 'Greetings from sharon!', 0, 0, ''),
(101, 32, '2011-03-10 19:26:47', 0, 62, 'LAWYER', 15, 'CLIENT', 'hi sharon...', 0, 0, ''),
(102, 33, '2011-03-14 18:05:42', 0, 62, 'LAWYER', 15, 'CLIENT', 'hi', 0, 0, ''),
(103, 34, '2011-03-17 13:01:50', 0, 101, 'LAWYER', 67, 'CLIENT', 'Hi rituC', 0, 1, ''),
(104, 35, '2011-03-17 14:44:56', 0, 101, 'LAWYER', 67, 'CLIENT', 'Hi', 0, 0, ''),
(105, 36, '2011-03-23 20:13:06', 0, 99, 'LAWYER', 66, 'CLIENT', 'I am the best lawyer out in the town...I am the best lawyer out in the town...I am the best lawyer out in the town...I am the best lawyer out in the town...I am the best lawyer out in the town...I am the best lawyer out in the town...I am the best lawyer out in the town...I am the best lawyer out in the town...I am the best lawyer out in the town...I am the best lawyer out in the town...I am the best lawyer out in the town...I am the best lawyer out in the town...I am the best lawyer out in the town...I am the best lawyer out in the town...I am the best lawyer out in the town...I am the best lawyer out in the town...I am the best lawyer out in the town...', 0, 0, ''),
(106, 37, '2011-03-24 17:07:52', 0, 101, 'LAWYER', 67, 'CLIENT', 'Hi RituC', 0, 0, ''),
(107, 38, '2011-03-24 17:46:32', 0, 101, 'LAWYER', 67, 'CLIENT', 'Hi', 0, 0, ''),
(108, 39, '2011-03-28 19:48:58', 0, 62, 'LAWYER', 15, 'CLIENT', '', 0, 0, ''),
(109, 40, '2011-03-28 20:02:57', 0, 62, 'LAWYER', 15, 'CLIENT', '', 0, 0, ''),
(110, 41, '2011-03-29 20:15:17', 0, 99, 'LAWYER', 68, 'CLIENT', 'I can solve the case successfully since I am master on cyber crime division.I can solve the case successfully since I am master on cyber crime division.I can solve the case successfully since I am master on cyber crime division.I can solve the case successfully since I am master on cyber crime division.', 0, 1, ''),
(111, 41, '2011-03-29 20:18:04', 0, 68, 'CLIENT', 99, 'LAWYER', 'Are you okay with the price??', 0, 1, ''),
(112, 41, '2011-03-29 20:24:29', 0, 99, 'LAWYER', 68, 'CLIENT', 'Yes I am confident.', 0, 1, ''),
(113, 42, '2011-03-31 13:27:45', 0, 62, 'LAWYER', 15, 'CLIENT', 'hi', 0, 0, ''),
(114, 43, '2011-03-31 17:45:27', 0, 102, 'LAWYER', 69, 'CLIENT', 'Hi RituC', 0, 0, ''),
(115, 44, '2011-04-07 12:22:43', 0, 104, 'LAWYER', 71, 'CLIENT', 'I have done it for other law companies', 0, 0, ''),
(116, 44, '2011-04-07 12:25:23', 0, 104, 'LAWYER', 71, 'CLIENT', 'Hi This is Lucas lawyer', 0, 0, '1302159323DSC_2129 __.jpg'),
(117, 45, '2011-04-13 16:48:38', 0, 102, 'LAWYER', 69, 'CLIENT', 'hi', 0, 0, ''),
(118, 46, '2011-04-13 18:40:28', 0, 99, 'LAWYER', 68, 'CLIENT', 'hi', 0, 0, ''),
(119, 47, '2011-04-14 19:10:03', 0, 102, 'LAWYER', 69, 'CLIENT', 'Hi', 0, 0, ''),
(120, 48, '2011-04-19 13:43:39', 0, 102, 'LAWYER', 67, 'CLIENT', 'Hi', 0, 0, ''),
(121, 29, '2011-04-19 14:28:50', 0, 95, 'LAWYER', 45, 'CLIENT', 'hi', 0, 0, ''),
(122, 49, '2011-04-21 14:52:45', 0, 102, 'LAWYER', 69, 'CLIENT', 'hi', 0, 0, ''),
(123, 50, '2011-04-24 01:43:05', 0, 104, 'LAWYER', 73, 'CLIENT', '', 0, 0, ''),
(124, 50, '2011-04-24 01:44:58', 0, 104, 'LAWYER', 73, 'CLIENT', 'Hi Client test,<p>I have recently successfully finished a similar case', 0, 0, ''),
(125, 51, '2011-04-24 02:51:15', 0, 104, 'LAWYER', 73, 'CLIENT', '', 0, 0, ''),
(126, 52, '2011-05-03 17:01:46', 0, 62, 'LAWYER', 15, 'CLIENT', 'hi', 0, 0, ''),
(127, 53, '2011-05-03 17:04:30', 0, 62, 'LAWYER', 15, 'CLIENT', 'hi', 0, 0, ''),
(128, 54, '2011-05-03 17:06:26', 0, 62, 'LAWYER', 15, 'CLIENT', 'hi', 0, 0, '');

-- --------------------------------------------------------

--
-- Table structure for table `lm_pmmaster_tbl`
--

CREATE TABLE IF NOT EXISTS `lm_pmmaster_tbl` (
  `PMMasterId` int(11) NOT NULL AUTO_INCREMENT,
  `DateCreated` timestamp NOT NULL DEFAULT CURRENT_TIMESTAMP,
  `CaseId` int(1) NOT NULL DEFAULT '0',
  `PMType` int(1) NOT NULL DEFAULT '0',
  `HidePM` int(1) NOT NULL DEFAULT '0',
  PRIMARY KEY (`PMMasterId`)
) ENGINE=MyISAM  DEFAULT CHARSET=utf8 COLLATE=utf8_unicode_ci AUTO_INCREMENT=55 ;

--
-- Dumping data for table `lm_pmmaster_tbl`
--

INSERT INTO `lm_pmmaster_tbl` (`PMMasterId`, `DateCreated`, `CaseId`, `PMType`, `HidePM`) VALUES
(1, '2011-01-15 11:05:51', 56, 0, 0),
(2, '2011-01-18 13:18:03', 57, 0, 0),
(3, '2011-01-18 13:19:40', 3, 0, 0),
(4, '2011-01-20 17:39:07', 58, 0, 0),
(5, '2011-01-21 17:06:00', 35, 0, 0),
(6, '2011-01-25 19:07:47', 74, 0, 0),
(7, '2011-01-27 18:05:52', 75, 0, 0),
(8, '2011-01-27 18:35:51', 70, 0, 0),
(9, '2011-01-28 11:11:50', 68, 0, 0),
(10, '2011-02-05 15:33:09', 83, 0, 0),
(11, '2011-02-08 08:55:45', 85, 0, 0),
(12, '2011-02-09 17:46:23', 84, 0, 0),
(13, '2011-02-09 19:41:30', 86, 0, 0),
(14, '2011-02-10 18:49:44', 87, 0, 0),
(15, '2011-02-11 14:42:09', 88, 0, 0),
(16, '2011-02-15 16:23:22', 89, 0, 0),
(17, '2011-02-16 15:54:01', 79, 0, 0),
(18, '2011-02-17 17:30:19', 92, 0, 0),
(19, '2011-02-18 15:27:12', 94, 0, 0),
(20, '2011-02-18 20:07:43', 95, 0, 0),
(21, '2011-02-19 17:05:20', 97, 0, 0),
(22, '2011-02-19 18:55:29', 98, 0, 0),
(23, '2011-02-22 15:40:34', 99, 0, 0),
(24, '2011-02-24 06:13:52', 101, 0, 0),
(25, '2011-02-28 16:04:13', 102, 0, 0),
(26, '2011-02-28 17:11:53', 96, 0, 0),
(27, '2011-02-28 17:52:03', 93, 0, 0),
(28, '2011-03-01 16:16:01', 103, 0, 0),
(29, '2011-03-01 22:54:15', 100, 0, 0),
(30, '2011-03-05 00:40:30', 105, 0, 0),
(31, '2011-03-05 14:50:24', 90, 0, 0),
(32, '2011-03-10 19:26:47', 107, 0, 0),
(33, '2011-03-14 18:05:42', 109, 0, 0),
(34, '2011-03-17 13:01:50', 110, 0, 0),
(35, '2011-03-17 14:44:56', 111, 0, 0),
(36, '2011-03-23 20:13:06', 114, 0, 0),
(37, '2011-03-24 17:07:52', 115, 0, 0),
(38, '2011-03-24 17:46:32', 112, 0, 0),
(39, '2011-03-28 19:48:58', 106, 0, 0),
(40, '2011-03-28 20:02:57', 116, 0, 0),
(41, '2011-03-29 20:15:17', 117, 0, 0),
(42, '2011-03-31 13:27:45', 118, 0, 0),
(43, '2011-03-31 17:45:27', 119, 0, 0),
(44, '2011-04-07 12:22:43', 121, 0, 0),
(45, '2011-04-13 16:48:38', 122, 0, 0),
(46, '2011-04-13 18:40:28', 123, 0, 0),
(47, '2011-04-14 19:10:03', 124, 0, 0),
(48, '2011-04-19 13:43:39', 113, 0, 0),
(49, '2011-04-21 14:52:45', 125, 0, 0),
(50, '2011-04-24 01:43:05', 127, 0, 0),
(51, '2011-04-24 02:51:15', 126, 0, 0),
(52, '2011-05-03 17:01:46', 130, 0, 0),
(53, '2011-05-03 17:04:30', 131, 0, 0),
(54, '2011-05-03 17:06:26', 132, 0, 0);

-- --------------------------------------------------------

--
-- Table structure for table `lm_portfolio_tbl`
--

CREATE TABLE IF NOT EXISTS `lm_portfolio_tbl` (
  `PortfolioId` int(11) NOT NULL AUTO_INCREMENT,
  `PortfolioLawyerId` int(11) NOT NULL DEFAULT '0',
  `FileType` varchar(10) DEFAULT NULL,
  `FileName` varchar(255) DEFAULT NULL,
  PRIMARY KEY (`PortfolioId`)
) ENGINE=MyISAM  DEFAULT CHARSET=latin1 AUTO_INCREMENT=22 ;

--
-- Dumping data for table `lm_portfolio_tbl`
--

INSERT INTO `lm_portfolio_tbl` (`PortfolioId`, `PortfolioLawyerId`, `FileType`, `FileName`) VALUES
(1, 62, 'doc', '42MCBT_letter____rule.doc'),
(2, 44, 'pdf', '37Case Form.pdf'),
(3, 87, 'video', '3vodafone.flv'),
(4, 87, 'video', '84suzuki_video.flv'),
(6, 87, 'image', '6003_02_2011.jpg'),
(7, 87, 'image', '5004_02_2011_524_018.jpg'),
(8, 87, 'image', '9609_02_2011_540_015.jpg'),
(12, 98, 'pdf', '57Case Form.pdf'),
(10, 89, 'image', '1Augusta Trial Lawyer2.jpg'),
(13, 98, 'image', '80Water lilies.jpg'),
(14, 98, 'video', '51video.mp4'),
(15, 62, 'image', '43twitter_icon.png'),
(16, 62, 'video', '5414440018.flv'),
(17, 99, 'image', '562page-img1.jpg'),
(18, 102, 'image', '17news.jpg'),
(19, 102, 'video', '2314440018.flv'),
(20, 110, 'image', '56viewvoteF.gif'),
(21, 110, 'image', '5if-full_head.gif');

-- --------------------------------------------------------

--
-- Table structure for table `lm_professionaldetail_tbl`
--

CREATE TABLE IF NOT EXISTS `lm_professionaldetail_tbl` (
  `ProfessionalId` int(11) NOT NULL AUTO_INCREMENT,
  `ProfessionalUsername` varchar(255) DEFAULT NULL,
  `ProfessionalFirstname` varchar(255) DEFAULT NULL,
  `ProfessionalLastname` varchar(255) DEFAULT NULL,
  `ProfessionalEmail` varchar(255) DEFAULT NULL,
  `ProfessionalPassword` varchar(255) NOT NULL,
  `ProfessionalImage` varchar(255) DEFAULT NULL,
  `ProfessionalAddress` varchar(255) DEFAULT NULL,
  `ProfessionalCity` varchar(128) NOT NULL,
  `ProfessionalZipcode` varchar(100) DEFAULT NULL,
  `ProfessionalPreferredLocation` varchar(255) NOT NULL,
  `ProfessionalState` varchar(255) DEFAULT NULL,
  `ProfessionalCountry` varchar(255) DEFAULT NULL,
  `ProfessionalExpertise` varchar(255) DEFAULT NULL,
  `ProfessionalYear` int(11) DEFAULT NULL,
  `ProfessionalWebsite` varchar(512) NOT NULL,
  `ProfessionalUniversity` varchar(255) DEFAULT NULL,
  `ProfessionalDegree` longtext,
  `ProfessionalSpecialization` varchar(255) NOT NULL,
  `ProfessionalCharges` int(11) DEFAULT NULL,
  `ProfessionalAchievements` longtext,
  `ProfessionalDescription` longtext,
  `ProfessionalKeyword` varchar(255) DEFAULT NULL,
  `ProfessionalActivationcode` varchar(255) NOT NULL,
  `ProfessionalStatus` int(11) NOT NULL DEFAULT '1',
  `ProfessionalJoindate` timestamp NOT NULL DEFAULT CURRENT_TIMESTAMP,
  `ProfessionalCategoryId` varchar(255) DEFAULT NULL,
  PRIMARY KEY (`ProfessionalId`)
) ENGINE=MyISAM  DEFAULT CHARSET=latin1 AUTO_INCREMENT=6 ;

--
-- Dumping data for table `lm_professionaldetail_tbl`
--

INSERT INTO `lm_professionaldetail_tbl` (`ProfessionalId`, `ProfessionalUsername`, `ProfessionalFirstname`, `ProfessionalLastname`, `ProfessionalEmail`, `ProfessionalPassword`, `ProfessionalImage`, `ProfessionalAddress`, `ProfessionalCity`, `ProfessionalZipcode`, `ProfessionalPreferredLocation`, `ProfessionalState`, `ProfessionalCountry`, `ProfessionalExpertise`, `ProfessionalYear`, `ProfessionalWebsite`, `ProfessionalUniversity`, `ProfessionalDegree`, `ProfessionalSpecialization`, `ProfessionalCharges`, `ProfessionalAchievements`, `ProfessionalDescription`, `ProfessionalKeyword`, `ProfessionalActivationcode`, `ProfessionalStatus`, `ProfessionalJoindate`, `ProfessionalCategoryId`) VALUES
(1, 'ram', 'Ram', 'Lal', 'ram@gmail.com', 'ram123', NULL, '44 sukia street', 'Kolkata', '700039', '', 'WB', NULL, NULL, NULL, 'http://google.com', NULL, 'MBA', '', NULL, 'Hello', NULL, NULL, '', 1, '2013-04-05 10:24:57', NULL),
(2, 'dharam', 'Dharmendra', 'Deol', 'dharam@gmail.com', 'dh123', '', '22 Bandra', 'Mumbai', '70043', '', 'Maharashtrra', NULL, NULL, NULL, 'http://yahoo.co.in', NULL, 'MBA', '', NULL, 'Marketing', NULL, NULL, '', 1, '2013-04-05 11:22:42', NULL),
(5, 'sham', 'sham', 'lal', 'sham@gmail.com', '123', 'dep_5843392-A-happy-boy-is-showing-thumbs-up-isolated-on-the-white-backgrou_1365162516.jpg', '44 sukia street', 'kolkata', '700039', '', 'wb', NULL, NULL, NULL, 'http://google.com', NULL, 'mba', '', NULL, 'proffetional', NULL, NULL, '', 1, '2013-04-05 11:48:36', NULL);

-- --------------------------------------------------------

--
-- Table structure for table `lm_releaserequest_tbl`
--

CREATE TABLE IF NOT EXISTS `lm_releaserequest_tbl` (
  `ReleaseRequestId` int(11) NOT NULL AUTO_INCREMENT,
  `MilestoneId` int(11) NOT NULL DEFAULT '0',
  `Amount` decimal(10,2) NOT NULL DEFAULT '0.00',
  `Reason` varchar(255) COLLATE utf8_unicode_ci DEFAULT NULL,
  `RequestDate` date DEFAULT NULL,
  `Status` int(1) NOT NULL DEFAULT '0',
  `CurrencyId` int(11) NOT NULL DEFAULT '0',
  `AmountUSD` decimal(10,2) NOT NULL DEFAULT '0.00',
  PRIMARY KEY (`ReleaseRequestId`)
) ENGINE=MyISAM  DEFAULT CHARSET=utf8 COLLATE=utf8_unicode_ci AUTO_INCREMENT=79 ;

--
-- Dumping data for table `lm_releaserequest_tbl`
--

INSERT INTO `lm_releaserequest_tbl` (`ReleaseRequestId`, `MilestoneId`, `Amount`, `Reason`, `RequestDate`, `Status`, `CurrencyId`, `AmountUSD`) VALUES
(1, 10, '100.00', 'I have completed this milestone. Please send me the money.', '2011-01-28', 0, 0, '0.00'),
(2, 11, '300.00', 'test', '2011-01-28', 0, 0, '0.00'),
(3, 11, '300.00', 'test', '2011-01-28', 0, 0, '0.00'),
(4, 13, '111.00', 'test sf ', '2011-01-28', 0, 0, '0.00'),
(5, 13, '111.00', 'test sd ', '2011-01-28', 0, 0, '0.00'),
(6, 13, '111.00', 'test sd ', '2011-01-28', 0, 0, '0.00'),
(7, 11, '300.00', 'Please release the amount.', '2011-02-01', 0, 0, '0.00'),
(8, 11, '300.00', 'Please release the amount.', '2011-02-01', 0, 0, '0.00'),
(9, 16, '200.00', 'Please release this milestones.', '2011-02-01', 0, 0, '0.00'),
(10, 16, '200.00', 'Please release this milestones.', '2011-02-01', 0, 0, '0.00'),
(11, 16, '200.00', 'Please release this milestones.', '2011-02-01', 0, 0, '0.00'),
(12, 16, '200.00', 'Please release this milestones.', '2011-02-01', 0, 0, '0.00'),
(13, 16, '200.00', 'Please release this milestones.', '2011-02-01', 0, 0, '0.00'),
(14, 13, '111.00', 'PL pay', '2011-02-01', 0, 0, '0.00'),
(15, 13, '111.00', 'PL pay', '2011-02-01', 0, 0, '0.00'),
(16, 13, '111.00', 'PL pay', '2011-02-01', 0, 0, '0.00'),
(17, 13, '111.00', 'PL pay', '2011-02-01', 0, 0, '0.00'),
(18, 13, '111.00', 'PL pay', '2011-02-01', 0, 0, '0.00'),
(19, 13, '111.00', 'PL pay', '2011-02-01', 0, 0, '0.00'),
(20, 11, '300.00', 'Pl pay this.', '2011-02-01', 0, 0, '0.00'),
(21, 11, '300.00', 'Please send me my money.', '2011-02-01', 0, 0, '0.00'),
(22, 11, '300.00', 'Please send me the money.', '2011-02-01', 0, 0, '0.00'),
(23, 11, '300.00', 'Test ', '2011-02-01', 0, 0, '0.00'),
(24, 11, '300.00', 'Test ', '2011-02-01', 0, 0, '0.00'),
(25, 11, '300.00', 'Test ', '2011-02-01', 0, 0, '0.00'),
(26, 11, '300.00', 'test sdg', '2011-02-01', 0, 0, '0.00'),
(27, 11, '300.00', 'test sdg', '2011-02-01', 0, 0, '0.00'),
(28, 11, '300.00', 'This is a test ', '2011-02-01', 0, 0, '0.00'),
(29, 11, '300.00', 'Please release the payment.', '2011-02-01', 0, 0, '0.00'),
(30, 20, '50.00', 'task done', '2011-02-03', 0, 0, '0.00'),
(31, 17, '100.00', 'Please pay the amount.', '2011-02-03', 0, 0, '0.00'),
(32, 50, '10.00', 'To start work on your case', '2011-02-08', 0, 0, '0.00'),
(33, 51, '40.00', '', '2011-02-08', 0, 0, '0.00'),
(34, 18, '10.00', 'Send me the money', '2011-02-09', 0, 0, '0.00'),
(35, 57, '20.00', 'I have completed this step. Please make an payment.', '2011-02-11', 0, 0, '0.00'),
(36, 53, '100.00', 'I have finished the task.', '2011-02-14', 0, 0, '0.00'),
(37, 53, '100.00', 'I have finished the task.', '2011-02-14', 0, 0, '0.00'),
(38, 53, '100.00', 'dfgdfgdsfg', '2011-02-14', 0, 0, '0.00'),
(39, 53, '100.00', 'dfgdfgdsfg', '2011-02-14', 0, 0, '0.00'),
(40, 53, '100.00', 'testing for release request', '2011-02-14', 0, 0, '0.00'),
(41, 53, '100.00', 'test test', '2011-02-14', 0, 0, '0.00'),
(42, 53, '100.00', 'werwerwer', '2011-02-14', 0, 0, '0.00'),
(43, 53, '100.00', 'werwerwer', '2011-02-14', 0, 0, '0.00'),
(44, 18, '10.00', 'test now...', '2011-02-14', 0, 0, '0.00'),
(45, 16, '200.00', 'werwer', '2011-02-14', 0, 0, '0.00'),
(46, 61, '100.00', 'asdgdgdsfgdfsgdg!!! :) ;)', '2011-02-15', 1, 0, '0.00'),
(47, 19, '10.00', 'Please accept the payment request as this milestone is completed.', '2011-02-28', 1, 0, '0.00'),
(48, 80, '200.00', 'I have done the task..', '2011-02-28', 0, 0, '0.00'),
(49, 81, '300.00', 'Milestone work is over.', '2011-03-01', 1, 0, '0.00'),
(52, 90, '1.12', 'Please release the payment the work is finished.', '2011-03-15', 1, 1, '1.12'),
(53, 93, '11.20', 'Please release the milestone request as work is over.', '2011-03-17', 1, 1, '11.20'),
(54, 95, '11.20', 'Milestone work completed. Please release the payment.', '2011-03-17', 0, 2, '0.00'),
(55, 95, '11.20', 'Please release the payment.', '2011-03-17', 0, 2, '11.31'),
(56, 94, '11.20', 'Please pay.', '2011-03-17', 0, 2, '11.31'),
(57, 94, '11.20', 'Please pay.', '2011-03-17', 0, 2, '11.31'),
(58, 98, '5.60', 'Please pay as the work is done.', '2011-03-24', 1, 2, '5.77'),
(59, 100, '112.00', 'work is completed.', '2011-03-31', 1, 2, '115.36'),
(60, 100, '112.00', 'work is completed.', '2011-03-31', 1, 2, '115.36'),
(61, 107, '336.00', 'conceptualization is done.', '2011-03-31', 1, 2, '346.08'),
(62, 109, '112.00', '', '2011-04-08', 1, 2, '117.60'),
(63, 110, '112.00', '2nd day', '2011-04-08', 1, 2, '117.60'),
(64, 111, '1.12', 'Please release the payment.', '2011-04-08', 1, 2, '1.18'),
(65, 118, '11.20', 'I have done the task. Please release now.', '2011-04-12', 0, 2, '11.65'),
(66, 117, '11.20', 'Please release the payment', '2011-04-12', 0, 2, '11.65'),
(67, 118, '11.20', 'done.', '2011-04-12', 0, 2, '11.65'),
(68, 114, '56.00', 'Jayanta Karmakar:  home page - left panel - Photo slide show', '2011-04-12', 0, 2, '58.24'),
(69, 91, '1.12', 'please release fund for milestone 3', '2011-04-13', 0, 2, '1.16'),
(70, 119, '56.00', 'Please clear the fund.', '2011-04-13', 1, 2, '58.24'),
(71, 123, '56.00', 'Please release the fund', '2011-04-13', 0, 2, '58.24'),
(72, 124, '168.00', '', '2011-04-14', 1, 2, '174.72'),
(73, 125, '11.20', 'Please clear the payment.', '2011-04-14', 1, 2, '0.00'),
(74, 125, '11.20', 'ghdthgdfcxhbg ', '2011-04-14', 1, 2, '11.65'),
(75, 125, '11.20', 'gtdsrgtsg', '2011-04-14', 1, 2, '11.65'),
(76, 127, '11.20', 'Please release the payment.', '2011-04-16', 1, 2, '11.65'),
(77, 128, '8.96', 'Please release the fund.', '2011-04-21', 1, 2, '9.50'),
(78, 130, '250.00', '', '2011-04-23', 1, 2, '262.50');

-- --------------------------------------------------------

--
-- Table structure for table `lm_state_tbl`
--

CREATE TABLE IF NOT EXISTS `lm_state_tbl` (
  `StateId` int(11) NOT NULL,
  `CountryId` int(11) NOT NULL,
  `StateName` varchar(255) NOT NULL,
  `Code` varchar(100) NOT NULL,
  `ADM1Code` varchar(100) NOT NULL,
  PRIMARY KEY (`StateId`)
) ENGINE=MyISAM DEFAULT CHARSET=latin1;

--
-- Dumping data for table `lm_state_tbl`
--

INSERT INTO `lm_state_tbl` (`StateId`, `CountryId`, `StateName`, `Code`, `ADM1Code`) VALUES
(1, 14, 'Victoria', 'VI', 'AS07'),
(2, 14, 'Tasmania', 'TS', 'AS06'),
(3, 14, 'Queensland', 'QL', 'AS04'),
(4, 14, 'New South Wales', 'NS', 'AS02'),
(5, 14, 'South Australia', 'SA', 'AS05'),
(6, 14, 'Western Australia', 'WA', 'AS08'),
(7, 14, 'Northern Territory', 'NT', 'AS03'),
(8, 33, 'Acre', 'AC', 'BR01'),
(10, 33, 'Amap', 'AP', 'BR03'),
(11, 33, 'Bahia', 'BA', 'BR05'),
(12, 33, 'Goi', 'GO', 'BR10'),
(13, 33, 'Piau', 'PI', 'BR20'),
(14, 33, 'Cear', 'CE', 'BR06'),
(15, 33, 'Paran', 'PR', 'BR18'),
(16, 33, 'Alagoas', 'AL', 'BR02'),
(17, 33, 'Para?ba', 'PB', 'BR17'),
(18, 33, 'Roraima', 'RR', 'BR25'),
(19, 33, 'Sergipe', 'SE', 'BR28'),
(20, 33, 'Amazonas', 'AM', 'BR04'),
(21, 33, 'Maranh', 'MA', 'BR13'),
(22, 33, 'Rond?nia', 'RO', 'BR24'),
(24, 33, 'S?o Paulo', 'SP', 'BR27'),
(25, 33, 'Tocantins', 'TO', 'BR31'),
(26, 33, 'Mato Grosso', 'MT', 'BR14'),
(27, 33, 'Minas Gerais', 'MG', 'BR15'),
(28, 33, 'Esp?rito Santo', 'ES', 'BR08'),
(29, 33, 'Rio de Janeiro', 'RJ', 'BR21'),
(30, 33, 'Santa Catarina', 'SC', 'BR26'),
(32, 33, 'Rio Grande do Sul', 'RS', 'BR23'),
(33, 33, 'Mato Grosso do Sul', 'MS', 'BR11'),
(34, 33, 'Rio Grande do Norte', 'RN', 'BR22'),
(35, 43, 'Quebec', 'QC', 'CA10'),
(36, 43, 'Alberta', 'AB', 'CA01'),
(37, 43, 'Ontario', 'ON', 'CA08'),
(38, 43, 'Manitoba', 'MB', 'CA03'),
(39, 43, 'Nova Scotia', 'NS', 'CA07'),
(40, 43, 'Saskatchewan', 'SK', 'CA11'),
(41, 43, 'Newfoundland and Labrador', 'NF', 'CA05'),
(42, 43, 'New Brunswick', 'NB', 'CA04'),
(43, 43, 'British Columbia', 'BC', 'CA02'),
(45, 43, 'Prince Edward Island', 'PE', 'CA09'),
(46, 43, 'Northwest Territories', 'NT', 'CA13'),
(49, 114, 'Bali', 'BA', 'ID02'),
(56, 159, 'Sonora', 'SO', 'MX26'),
(59, 159, 'Jalisco', 'JA', 'MX14'),
(60, 159, 'Hidalgo', 'HI', 'MX13'),
(61, 159, 'Morelos', 'MR', 'MX17'),
(62, 159, 'Chiapas', 'CP', 'MX05'),
(63, 159, 'Tabasco', 'TB', 'MX27'),
(66, 159, 'Guerrero', 'GR', 'MX12'),
(69, 159, 'Nuevo Leon', 'NL', 'MX19'),
(70, 159, 'Tamaulipas', 'TM', 'MX28'),
(71, 159, 'Guanajuato', 'GJ', 'MX11'),
(72, 159, 'Quintana Roo', 'QR', 'MX23'),
(73, 159, 'Baja California', 'BN', 'MX02'),
(74, 159, 'Baja California Sur', 'BS', 'MX03'),
(75, 165, 'Tov', 'TO', 'MG18'),
(76, 165, 'Uvs', 'UV', 'MG19'),
(80, 165, 'Dornod', 'DD', 'MG06'),
(81, 165, 'Hovsgol', 'HG', 'MG13'),
(82, 165, 'Selenge', 'SL', 'MG16'),
(86, 165, 'Suhbaatar', 'SB', 'MG17'),
(91, 203, 'Komi', 'KO', 'RS34'),
(105, 203, 'Dagestan', 'DA', 'RS17'),
(106, 203, 'Mariy-El', 'ME', 'RS45'),
(110, 203, 'Tatarstan', 'TT', 'RS73'),
(122, 254, 'Alabama', 'AL', '    '),
(123, 254, 'Alaska', 'AK', '    '),
(124, 254, 'Arizona', 'AZ', '    '),
(125, 254, 'Arkansas', 'AR', '    '),
(126, 254, 'California', 'CA', '    '),
(127, 254, 'Colorado', 'CO', '    '),
(128, 254, 'Connecticut', 'CT', '    '),
(129, 254, 'Delaware', 'DE', '    '),
(130, 254, 'District of Columbia', 'DC', '    '),
(131, 254, 'Florida', 'FL', '    '),
(133, 254, 'Hawaii', 'HI', '    '),
(134, 254, 'Idaho', 'ID', '    '),
(135, 254, 'Illinois', 'IL', '    '),
(136, 254, 'Indiana', 'IN', '    '),
(137, 254, 'Iowa', 'IA', '    '),
(138, 254, 'Kansas', 'KS', '    '),
(139, 254, 'Kentucky', 'KY', '    '),
(140, 254, 'Louisiana', 'LA', '    '),
(141, 254, 'Maine', 'ME', '    '),
(142, 254, 'Maryland', 'MD', '    '),
(143, 254, 'Massachusetts', 'MA', '    '),
(144, 254, 'Michigan', 'MI', '    '),
(145, 254, 'Minnesota', 'MN', '    '),
(146, 254, 'Mississippi', 'MS', '    '),
(147, 254, 'Missouri', 'MO', '    '),
(148, 254, 'Montana', 'MT', '    '),
(149, 254, 'Nebraska', 'NE', '    '),
(150, 254, 'Nevada', 'NV', '    '),
(151, 254, 'New Hampshire', 'NH', '    '),
(152, 254, 'New Jersey', 'NJ', '    '),
(153, 254, 'New Mexico', 'NM', '    '),
(154, 254, 'New York', 'NY', '    '),
(155, 254, 'North Carolina', 'NC', '    '),
(156, 254, 'North Dakota', 'ND', '    '),
(157, 254, 'Ohio', 'OH', '    '),
(158, 254, 'Oklahoma', 'OK', '    '),
(159, 254, 'Oregon', 'OR', '    '),
(160, 254, 'Pennsylvania', 'PA', '    '),
(161, 254, 'Rhode Island', 'RI', '    '),
(162, 254, 'South Carolina', 'SC', '    '),
(163, 254, 'South Dakota', 'SD', '    '),
(164, 254, 'Tennessee', 'TN', '    '),
(165, 254, 'Texas', 'TX', '    '),
(166, 254, 'Utah', 'UT', '    '),
(167, 254, 'Virginia', 'VA', '    '),
(168, 254, 'Washington', 'WA', '    '),
(169, 254, 'West Virginia', 'WV', '    '),
(170, 254, 'Wisconsin', 'WI', '    '),
(171, 254, 'Wyoming', 'WY', '    '),
(172, 254, 'Vermont', 'VT', '    '),
(174, 14, 'Australian Capital Territory', 'CT', 'AS01'),
(189, 114, 'Papua', 'IJ', 'ID09'),
(193, 165, 'Bulgan', 'BU', 'MG21'),
(194, 165, 'Hovd', 'HD', 'MG12'),
(196, 159, 'Chihuahua', 'CH', 'MX06'),
(197, 159, 'Colima', 'CL', 'MX08'),
(198, 159, 'Durango', 'DU', 'MX10'),
(201, 159, 'Oaxaca', 'OA', 'MX20'),
(203, 159, 'San Luis Potosi', 'SL', 'MX24'),
(204, 159, 'Tlaxcala', 'TL', 'MX29'),
(206, 159, 'Zacatecas', 'ZA', 'MX32'),
(592, 55, 'Democratic Republic of the Congo', 'CD', '    '),
(593, 56, 'Republic of the Congo', 'CG', '    '),
(620, 83, 'Metropolitan France', 'FX', '    '),
(669, 132, 'North Korea', 'KP', '    '),
(670, 133, 'South Korea', 'KR', '    '),
(683, 146, 'The Former Yugoslav Republic of Macedonia', 'MK', '    '),
(690, 153, 'Isle of Man', 'IM', '    '),
(697, 160, 'Federated States of Micronesia', 'FM', '    '),
(712, 175, 'The Netherlands', 'NL', '    '),
(815, 43, 'Yukon Territory', 'YT', 'CA12'),
(816, 9, 'Barbuda', 'BB', 'AC01'),
(817, 9, 'Saint George', 'GE', 'AC03'),
(818, 9, 'Saint John', 'JO', 'AC04'),
(819, 9, 'Saint Mary', 'MA', 'AC05'),
(820, 9, 'Saint Paul', 'PA', 'AC06'),
(821, 9, 'Saint Peter', 'PE', 'AC07'),
(822, 9, 'Saint Philip', 'PH', 'AC08'),
(823, 1, 'Badakhshan', 'BD', 'AF01'),
(824, 1, 'Badghis', 'BG', 'AF02'),
(825, 1, 'Baghlan', 'BL', 'AF03'),
(827, 1, 'Bamian', 'BM', 'AF05'),
(828, 1, 'Farah', 'FH', 'AF06'),
(829, 1, 'Faryab', 'FB', 'AF07'),
(830, 1, 'Ghazni', 'GZ', 'AF08'),
(831, 1, 'Ghowr', 'GR', 'AF09'),
(832, 1, 'Helmand', 'HM', 'AF10'),
(833, 1, 'Herat', 'HR', 'AF11'),
(835, 1, 'Kabol', 'KB', 'AF13'),
(836, 1, 'Kapisa', 'KP', 'AF14'),
(837, 1, 'Konar', 'KR', 'AF15'),
(838, 1, 'Laghman', 'LA', 'AF16'),
(839, 1, 'Lowgar', 'LW', 'AF17'),
(840, 1, 'Nangarhar', 'NG', 'AF18'),
(841, 1, 'Nimruz', 'NM', 'AF19'),
(842, 1, 'Oruzgan', 'OR', 'AF20'),
(843, 1, 'Paktia', 'PT', 'AF21'),
(844, 1, 'Parvan', 'PR', 'AF22'),
(845, 1, 'Kandahar', 'KD', 'AF23'),
(846, 1, 'Kondoz', 'KZ', 'AF24'),
(848, 1, 'Takhar', 'TK', 'AF26'),
(849, 1, 'Vardak', 'VR', 'AF27'),
(850, 1, 'Zabol', 'ZB', 'AF28'),
(851, 1, 'Paktika', 'PK', 'AF29'),
(852, 1, 'Balkh', 'BK', 'AF30'),
(853, 1, 'Jowzjan', 'JW', 'AF31'),
(854, 1, 'Samangan', 'SM', 'AF32'),
(855, 1, 'Sare Pol', 'SP', 'AF33'),
(856, 3, 'Alger', 'AL', 'AG01'),
(857, 3, 'Batna', 'BT', 'AG03'),
(858, 3, 'Constantine', 'CO', 'AG04'),
(859, 3, 'Medea', 'MD', 'AG06'),
(860, 3, 'Mostaganem', 'MG', 'AG07'),
(861, 3, 'Oran', 'OR', 'AG09'),
(862, 3, 'Saida', 'SD', 'AG10'),
(863, 3, 'Setif', 'SF', 'AG12'),
(864, 3, 'Tiaret', 'TR', 'AG13'),
(865, 3, 'Tizi Ouzou', 'TO', 'AG14'),
(866, 3, 'Tlemcen', 'TL', 'AG15'),
(867, 3, 'Bejaia', 'BJ', 'AG18'),
(868, 3, 'Biskra', 'BS', 'AG19'),
(869, 3, 'Blida', 'BL', 'AG20'),
(870, 3, 'Bouira', 'BU', 'AG21'),
(871, 3, 'Djelfa', 'DJ', 'AG22'),
(872, 3, 'Guelma', 'GL', 'AG23'),
(873, 3, 'Jijel', 'JJ', 'AG24'),
(874, 3, 'Laghouat', 'LG', 'AG25'),
(875, 3, 'Mascara', 'MC', 'AG26'),
(876, 3, 'M''Sila', 'MS', 'AG27'),
(877, 3, 'Oum el Bouaghi', 'OB', 'AG29'),
(878, 3, 'Sidi Bel Abbes', 'SB', 'AG30'),
(879, 3, 'Skikda', 'SK', 'AG31'),
(880, 3, 'Tebessa', 'TB', 'AG33'),
(881, 3, 'Adrar', 'AR', 'AG34'),
(882, 3, 'Ain Defla', 'AD', 'AG35'),
(883, 3, 'Ain Temouchent', 'AT', 'AG36'),
(884, 3, 'Annaba', 'AN', 'AG37'),
(885, 3, 'Bechar', 'BC', 'AG38'),
(886, 3, 'Bordj Bou Arreridj', 'BB', 'AG39'),
(887, 3, 'Boumerdes', 'BM', 'AG40'),
(888, 3, 'Chlef', 'CH', 'AG41'),
(889, 3, 'El Bayadh', 'EB', 'AG42'),
(890, 3, 'El Oued', 'EO', 'AG43'),
(891, 3, 'El Tarf', 'ET', 'AG44'),
(892, 3, 'Ghardaia', 'GR', 'AG45'),
(893, 3, 'Illizi', 'IL', 'AG46'),
(894, 3, 'Khenchela', 'KH', 'AG47'),
(895, 3, 'Mila', 'ML', 'AG48'),
(896, 3, 'Naama', 'NA', 'AG49'),
(897, 3, 'Ouargla', 'OG', 'AG50'),
(898, 3, 'Relizane', 'RE', 'AG51'),
(899, 3, 'Souk Ahras', 'SA', 'AG52'),
(900, 3, 'Tamanghasset', 'TM', 'AG53'),
(901, 3, 'Tindouf', 'TN', 'AG54'),
(902, 3, 'Tipaza', 'TP', 'AG55'),
(903, 3, 'Tissemsilt', 'TS', 'AG56'),
(904, 16, 'Abseron', 'AR', 'AJ01'),
(905, 16, 'Agcabadi', 'AC', 'AJ02'),
(906, 16, 'Agdam', 'AM', 'AJ03'),
(907, 16, 'Agdas', 'AS', 'AJ04'),
(908, 16, 'Agstafa', 'AF', 'AJ05'),
(909, 16, 'Agsu', 'AU', 'AJ06'),
(910, 16, 'Ali Bayramli', 'AB', 'AJ07'),
(911, 16, 'Astara', 'AA', 'AJ08'),
(912, 16, 'Baki', 'BA', 'AJ09'),
(913, 16, 'Balakan', 'BL', 'AJ10'),
(914, 16, 'Barda', 'BR', 'AJ11'),
(915, 16, 'Beylaqan', 'BQ', 'AJ12'),
(916, 16, 'Bilasuvar', 'BS', 'AJ13'),
(917, 16, 'Cabrayil', 'CB', 'AJ14'),
(918, 16, 'Calilabad', 'CL', 'AJ15'),
(919, 16, 'Daskasan', 'DS', 'AJ16'),
(920, 16, 'Davaci', 'DV', 'AJ17'),
(921, 16, 'Fuzuli', 'FU', 'AJ18'),
(922, 16, 'Gadabay', 'GD', 'AJ19'),
(923, 16, 'Ganca', 'GA', 'AJ20'),
(924, 16, 'Goranboy', 'GR', 'AJ21'),
(925, 16, 'Goycay', 'GY', 'AJ22'),
(926, 16, 'Haciqabul', 'HA', 'AJ23'),
(927, 16, 'Imisli', 'IM', 'AJ24'),
(928, 16, 'Ismayilli', 'IS', 'AJ25'),
(929, 16, 'Kalbacar', 'KA', 'AJ26'),
(930, 16, 'Kurdamir', 'KU', 'AJ27'),
(931, 16, 'Lacin', 'LC', 'AJ28'),
(932, 16, 'Lankaran', 'LA', 'AJ30'),
(934, 16, 'Lerik', 'LE', 'AJ31'),
(935, 16, 'Masalli', 'MA', 'AJ32'),
(936, 16, 'Mingacevir', 'MI', 'AJ33'),
(937, 16, 'Naftalan', 'NA', 'AJ34'),
(938, 16, 'Naxcivan', 'NX', 'AJ35'),
(939, 16, 'Neftcala', 'NE', 'AJ36'),
(940, 16, 'Oguz', 'OG', 'AJ37'),
(941, 16, 'Qabala', 'QA', 'AJ38'),
(942, 16, 'Qax', 'QX', 'AJ39'),
(943, 16, 'Qazax', 'QZ', 'AJ40'),
(944, 16, 'Qobustan', 'QO', 'AJ41'),
(945, 16, 'Quba', 'QB', 'AJ42'),
(946, 16, 'Qubadli', 'QD', 'AJ43'),
(947, 16, 'Qusar', 'QR', 'AJ44'),
(948, 16, 'Saatli', 'ST', 'AJ45'),
(949, 16, 'Sabirabad', 'SB', 'AJ46'),
(950, 16, 'Saki', 'SA', 'AJ48'),
(952, 16, 'Salyan', 'SL', 'AJ49'),
(953, 16, 'Samaxi', 'SI', 'AJ50'),
(954, 16, 'Samkir', 'SM', 'AJ51'),
(955, 16, 'Samux', 'SX', 'AJ52'),
(956, 16, 'Siyazan', 'SY', 'AJ53'),
(957, 16, 'Sumqayit', 'SQ', 'AJ54'),
(958, 16, 'Susa', 'SS', 'AJ56'),
(960, 16, 'Tartar', 'TA', 'AJ57'),
(961, 16, 'Tovuz', 'TO', 'AJ58'),
(962, 16, 'Ucar', 'UC', 'AJ59'),
(963, 16, 'Xacmaz', 'XZ', 'AJ60'),
(964, 16, 'Xankandi', 'XA', 'AJ61'),
(965, 16, 'Xanlar', 'XR', 'AJ62'),
(966, 16, 'Xizi', 'XI', 'AJ63'),
(967, 16, 'Xocali', 'XC', 'AJ64'),
(968, 16, 'Xocavand', 'XD', 'AJ65'),
(969, 16, 'Yardimli', 'YR', 'AJ66'),
(970, 16, 'Yevlax', 'YE', 'AJ68'),
(972, 16, 'Zangilan', 'ZG', 'AJ69'),
(973, 16, 'Zaqatala', 'ZQ', 'AJ70'),
(974, 16, 'Zardab', 'ZR', 'AJ71'),
(975, 2, 'Berat', 'BR', 'AL01'),
(976, 2, 'Diber', 'DI', 'AL02'),
(977, 2, 'Durres', 'DR', 'AL03'),
(978, 2, 'Elbasan', 'EL', 'AL04'),
(979, 2, 'Fier', 'FR', 'AL05'),
(980, 2, 'Gjirokaster', 'GJ', 'AL06'),
(981, 2, 'Gramsh', 'GR', 'AL07'),
(982, 2, 'Kolonje', 'ER', 'AL08'),
(983, 2, 'Korce', 'KO', 'AL09'),
(984, 2, 'Kruje', 'KR', 'AL10'),
(985, 2, 'Kukes', 'KU', 'AL11'),
(986, 2, 'Lezhe', 'LE', 'AL12'),
(987, 2, 'Librazhd', 'LB', 'AL13'),
(988, 2, 'Lushnje', 'LU', 'AL14'),
(989, 2, 'Mat', 'MT', 'AL15'),
(990, 2, 'Mirdite', 'MR', 'AL16'),
(991, 2, 'Permet', 'PR', 'AL17'),
(992, 2, 'Pogradec', 'PG', 'AL18'),
(993, 2, 'Puke', 'PU', 'AL19'),
(994, 2, 'Sarande', 'SR', 'AL20'),
(995, 2, 'Shkoder', 'SH', 'AL21'),
(996, 2, 'Skrapar', 'SK', 'AL22'),
(997, 2, 'Tepelene', 'TE', 'AL23'),
(998, 2, 'Tropoje', 'TP', 'AL26'),
(999, 2, 'Vlore', 'VL', 'AL27'),
(1000, 2, 'Tiran', 'TI', 'AL28'),
(1001, 2, 'Bulqize', 'BU', 'AL29'),
(1002, 2, 'Delvine', 'DL', 'AL30'),
(1003, 2, 'Devoll', 'DV', 'AL31'),
(1004, 2, 'Has', 'HA', 'AL32'),
(1005, 2, 'Kavaje', 'KA', 'AL33'),
(1006, 2, 'Kucove', 'KC', 'AL34'),
(1007, 2, 'Kurbin', 'KB', 'AL35'),
(1008, 2, 'Malesi e Madhe', 'MM', 'AL36'),
(1009, 2, 'Mallakaster', 'MK', 'AL37'),
(1010, 2, 'Peqin', 'PQ', 'AL38'),
(1011, 2, 'Tirane', 'TR', 'AL39'),
(1012, 11, 'Aragatsotn', 'AG', 'AM01'),
(1013, 11, 'Ararat', 'AR', 'AM02'),
(1014, 11, 'Armavir', 'AV', 'AM03'),
(1015, 11, 'Geghark''unik''', 'GR', 'AM04'),
(1016, 11, 'Kotayk''', 'KT', 'AM05'),
(1017, 11, 'Lorri', 'LO', 'AM06'),
(1018, 11, 'Shirak', 'SH', 'AM07'),
(1019, 11, 'Syunik''', 'SU', 'AM08'),
(1020, 11, 'Tavush', 'TV', 'AM09'),
(1021, 11, 'Vayots'' Dzor', 'VD', 'AM10'),
(1022, 11, 'Yerevan', 'ER', 'AM11'),
(1023, 5, 'Andorra la Vella', 'AN', 'AN07'),
(1024, 5, 'Canillo', 'CA', 'AN02'),
(1025, 5, 'Encamp', 'EN', 'AN03'),
(1026, 5, 'La Massana', 'MA', 'AN04'),
(1027, 5, 'Ordino', 'OR', 'AN05'),
(1028, 5, 'Sant Julia de Loria', 'JL', 'AN06'),
(1029, 6, 'Benguela', 'BG', 'AO01'),
(1030, 6, 'Bie', 'BI', 'AO02'),
(1031, 6, 'Cabinda', 'CB', 'AO03'),
(1032, 6, 'Cuando Cubango', 'CC', 'AO04'),
(1033, 6, 'Cuanza Norte', 'CN', 'AO05'),
(1034, 6, 'Cuanza Sul', 'CS', 'AO06'),
(1035, 6, 'Cunene', 'CU', 'AO07'),
(1036, 6, 'Huambo', 'HM', 'AO08'),
(1037, 6, 'Huila', 'HL', 'AO09'),
(1038, 6, 'Luanda', 'LU', 'AO10'),
(1039, 6, 'Malanje', 'ML', 'AO12'),
(1040, 6, 'Namibe', 'NA', 'AO13'),
(1041, 6, 'Moxico', 'MX', 'AO14'),
(1046, 6, 'Uige', 'UI', 'AO15'),
(1048, 6, 'Lunda Norte', 'LN', 'AO17'),
(1049, 6, 'Lunda Sul', 'LS', 'AO18'),
(1050, 6, 'Bengo', 'BO', 'AO19'),
(1051, 10, 'Buenos Aires', 'BA', 'AR01'),
(1052, 10, 'Catamarca', 'CT', 'AR02'),
(1053, 10, 'Chaco', 'CC', 'AR03'),
(1054, 10, 'Chubut', 'CH', 'AR04'),
(1055, 10, 'Cordoba', 'CB', 'AR05'),
(1056, 10, 'Corrientes', 'CN', 'AR06'),
(1057, 10, 'Distrito Federal', 'DF', 'AR07'),
(1058, 10, 'Entre Rios', 'ER', 'AR08'),
(1059, 10, 'Formosa', 'FM', 'AR09'),
(1060, 10, 'Jujuy', 'JY', 'AR10'),
(1061, 10, 'La Pampa', 'LP', 'AR11'),
(1062, 10, 'La Rioja', 'LR', 'AR12'),
(1063, 10, 'Mendoza', 'MZ', 'AR13'),
(1064, 10, 'Misiones', 'MN', 'AR14'),
(1065, 10, 'Neuquen', 'NQ', 'AR15'),
(1066, 10, 'Rio Negro', 'RN', 'AR16'),
(1067, 10, 'Salta', 'SA', 'AR17'),
(1068, 10, 'San Juan', 'SJ', 'AR18'),
(1069, 10, 'San Luis', 'SL', 'AR19'),
(1070, 10, 'Santa Cruz', 'SC', 'AR20'),
(1071, 10, 'Santa Fe', 'SF', 'AR21'),
(1072, 10, 'Santiago del Estero', 'SE', 'AR22'),
(1073, 10, 'Antartida e Islas del Atlan Tierra del Fuego', 'TF', 'AR23'),
(1074, 10, 'Tucuman', 'TM', 'AR24'),
(1075, 15, 'Burgenland', 'BU', 'AU01'),
(1076, 15, 'Karnten', 'KA', 'AU02'),
(1077, 15, 'Niederosterreich', 'NO', 'AU03'),
(1078, 15, 'Oberosterreich', 'OO', 'AU04'),
(1079, 15, 'Salzburg', 'SZ', 'AU05'),
(1080, 15, 'Steiermark', 'ST', 'AU06'),
(1081, 15, 'Tirol', 'TR', 'AU07'),
(1082, 15, 'Vorarlberg', 'VO', 'AU08'),
(1083, 15, 'Wien', 'WI', 'AU09'),
(1084, 18, 'Al Hadd', 'HD', 'BA01'),
(1085, 18, 'Al Manamah', 'MN', 'BA02'),
(1086, 18, 'Al Muharraq', 'MQ', 'BA03'),
(1087, 18, 'Jidd Hafs', 'JH', 'BA05'),
(1088, 18, 'Sitrah', 'ST', 'BA06'),
(1090, 18, 'Al Mintaqah al Gharbiyah', 'MG', 'BA08'),
(1091, 18, 'Mintaqat Juzur Hawar', 'MJ', 'BA09'),
(1092, 18, 'Al Mintaqah ash Shamaliyah', 'MS', 'BA10'),
(1093, 18, 'Al Mintaqah al Wusta', 'MW', 'BA11'),
(1094, 18, 'Madinat Isa', 'MI', 'BA12'),
(1096, 18, 'Madinat Hamad', 'MH', 'BA14'),
(1097, 21, 'Christ Church', 'CC', 'BB01'),
(1098, 21, 'Saint Andrew', 'AN', 'BB02'),
(1099, 21, 'Saint George', 'GE', 'BB03'),
(1100, 21, 'Saint James', 'JM', 'BB04'),
(1101, 21, 'Saint John', 'JN', 'BB05'),
(1102, 21, 'Saint Joseph', 'JS', 'BB06'),
(1103, 21, 'Saint Lucy', 'LU', 'BB07'),
(1104, 21, 'Saint Michael', 'MI', 'BB08'),
(1105, 21, 'Saint Peter', 'PE', 'BB09'),
(1106, 21, 'Saint Philip', 'PH', 'BB10'),
(1107, 21, 'Saint Thomas', 'TH', 'BB11'),
(1108, 31, 'Central', 'CE', 'BC01'),
(1109, 31, 'Chobe', 'CH', 'BC02'),
(1110, 31, 'Ghanzi', 'GH', 'BC03'),
(1111, 31, 'Kgalagadi', 'KG', 'BC04'),
(1112, 31, 'Kgatleng', 'KL', 'BC05'),
(1113, 31, 'Kweneng', 'KW', 'BC06'),
(1114, 31, 'Ngamiland', 'NG', 'BC07'),
(1115, 31, 'NorthEast', 'NE', 'BC08'),
(1116, 31, 'SouthEast', 'SE', 'BC09'),
(1117, 31, 'Southern', 'SO', 'BC10'),
(1118, 27, 'Devonshire', 'DE', 'BD01'),
(1119, 27, 'Hamilton Municipality', 'HC', 'BD03'),
(1121, 27, 'Paget', 'PA', 'BD04'),
(1122, 27, 'Pembroke', 'PE', 'BD05'),
(1123, 27, 'Saint George', 'SG', 'BD06'),
(1124, 27, 'Saint George''s', 'SC', 'BD07'),
(1125, 27, 'Sandys', 'SA', 'BD08'),
(1126, 27, 'Smiths', 'SM', 'BD09'),
(1127, 27, 'Southampton', 'SO', 'BD10'),
(1128, 27, 'Warwick', 'WA', 'BD11'),
(1129, 24, 'Antwerpen', 'AN', 'BE01'),
(1131, 24, 'Hainaut', 'HT', 'BE03'),
(1132, 24, 'Liege', 'LG', 'BE04'),
(1133, 24, 'Limburg', 'LI', 'BE05'),
(1135, 24, 'Namur', 'NA', 'BE07'),
(1136, 24, 'Oost-Vlaanderen', 'OV', 'BE08'),
(1137, 24, 'West-Vlaanderen', 'WV', 'BE09'),
(1138, 17, 'Bimini', 'BI', 'BF05'),
(1139, 17, 'Cat Island', 'CI', 'BF06'),
(1140, 17, 'Exuma', 'EX', 'BF10'),
(1143, 17, 'Inagua', 'IN', 'BF13'),
(1144, 17, 'Long Island', 'LI', 'BF15'),
(1145, 17, 'Mayaguana', 'MG', 'BF16'),
(1146, 17, 'Ragged Island', 'RI', 'BF18'),
(1147, 17, 'Harbour Island', 'HI', 'BF22'),
(1148, 17, 'New Providence', 'NP', 'BF23'),
(1149, 17, 'Acklins and Crooked Islands', 'AC', 'BF24'),
(1150, 17, 'Freeport', 'FP', 'BF25'),
(1151, 17, 'Fresh Creek', 'FC', 'BF26'),
(1152, 17, 'Governor''s Harbour', 'GH', 'BF27'),
(1153, 17, 'Green Turtle Cay', 'GT', 'BF28'),
(1154, 17, 'High Rock', 'HR', 'BF29'),
(1155, 17, 'Kemps Bay', 'KB', 'BF30'),
(1156, 17, 'Marsh Harbour', 'MH', 'BF31'),
(1157, 17, 'Nichollstown and Berry Islands', 'NB', 'BF32'),
(1158, 17, 'Rock Sound', 'RS', 'BF33'),
(1159, 17, 'Sandy Point', 'SP', 'BF34'),
(1160, 17, 'San Salvador and Rum Cay', 'SR', 'BF35'),
(1161, 20, 'Chittagong', 'CG', 'BG80'),
(1162, 20, 'Dhaka', 'DA', 'BG81'),
(1163, 20, 'Khulna', 'KH', 'BG82'),
(1164, 20, 'Rajshahi', 'RJ', 'BG83'),
(1166, 25, 'Cayo', 'CY', 'BH02'),
(1167, 25, 'Corozal', 'CZ', 'BH03'),
(1168, 25, 'Orange Walk', 'OW', 'BH04'),
(1169, 25, 'Stann Creek', 'SC', 'BH05'),
(1170, 25, 'Toledo', 'TO', 'BH06'),
(1171, 29, 'Chuquisaca', 'CQ', 'BL01'),
(1172, 29, 'Cochabamba', 'CB', 'BL02'),
(1173, 29, 'El Beni', 'EB', 'BL03'),
(1174, 29, 'La Paz', 'LP', 'BL04'),
(1175, 29, 'Oruro', 'OR', 'BL05'),
(1176, 29, 'Pando', 'PA', 'BL06'),
(1177, 29, 'Potosi', 'PO', 'BL07'),
(1178, 29, 'Santa Cruz', 'SC', 'BL08'),
(1179, 29, 'Tarija', 'TR', 'BL09'),
(1180, 39, 'Rakhine State', 'RA', 'BM01'),
(1181, 39, 'Chin State', 'CH', 'BM02'),
(1182, 39, 'Ayeyarwady', 'AY', 'BM03'),
(1183, 39, 'Kachin State', 'KC', 'BM04'),
(1184, 39, 'Kayin State', 'KN', 'BM05'),
(1185, 39, 'Kayah State', 'KH', 'BM06'),
(1187, 39, 'Mandalay', 'MD', 'BM08'),
(1189, 39, 'Sagaing', 'SA', 'BM10'),
(1190, 39, 'Shan State', 'SH', 'BM11'),
(1191, 39, 'Tanintharyi', 'TN', 'BM12'),
(1192, 39, 'Mon State', 'MO', 'BM13'),
(1194, 39, 'Magway', 'MG', 'BM15'),
(1195, 39, 'Bago', 'BA', 'BM16'),
(1196, 39, 'Yangon', 'YA', 'BM17'),
(1197, 26, 'Atakora', 'AK', 'BN01'),
(1198, 26, 'Atlantique', 'AQ', 'BN02'),
(1199, 26, 'Borgou', 'BO', 'BN03'),
(1200, 26, 'Mono', 'MO', 'BN04'),
(1201, 26, 'Oueme', 'OU', 'BN05'),
(1202, 26, 'Zou', 'ZO', 'BN06'),
(1203, 23, 'Brestskaya Voblasts''', 'BR', 'BO01'),
(1204, 23, 'Homyel''skaya Voblasts''', 'HO', 'BO02'),
(1205, 23, 'Hrodzyenskaya Voblasts''', 'HR', 'BO03'),
(1206, 23, 'Minsk', 'HM', 'BO04'),
(1207, 23, 'Minskaya Voblasts''', 'MI', 'BO05'),
(1208, 23, 'Mahilyowskaya Voblasts''', 'MA', 'BO06'),
(1209, 23, 'Vitsyebskaya Voblasts''', 'VI', 'BO07'),
(1210, 222, 'Malaita', 'ML', 'BP03'),
(1211, 222, 'Western', 'WE', 'BP04'),
(1212, 222, 'Central', 'CN', 'BP05'),
(1213, 222, 'Guadalcanal', 'GC', 'BP06'),
(1214, 222, 'Isabel', 'IS', 'BP07'),
(1215, 222, 'Makira', 'MK', 'BP08'),
(1216, 222, 'Temotu', 'TE', 'BP09'),
(1217, 33, 'Distrito Federal', 'DF', 'BR07'),
(1219, 33, 'Paro', 'PA', 'BR16'),
(1220, 33, 'Pernambuco', 'PE', 'BR19'),
(1221, 28, 'Bumthang', 'BU', 'BT05'),
(1222, 28, 'Chhukha', 'CK', 'BT06'),
(1223, 28, 'Chirang', 'CR', 'BT07'),
(1224, 28, 'Daga', 'DA', 'BT08'),
(1225, 28, 'Geylegphug', 'GE', 'BT09'),
(1226, 28, 'Ha', 'HA', 'BT10'),
(1227, 28, 'Lhuntshi', 'LH', 'BT11'),
(1228, 28, 'Mongar', 'MO', 'BT12'),
(1229, 28, 'Paro', 'PR', 'BT13'),
(1230, 28, 'Pemagatsel', 'PM', 'BT14'),
(1231, 28, 'Punakha', 'PN', 'BT15'),
(1232, 28, 'Samchi', 'SM', 'BT16'),
(1233, 28, 'Samdrup', 'SJ', 'BT17'),
(1234, 28, 'Shemgang', 'SG', 'BT18'),
(1235, 28, 'Tashigang', 'TA', 'BT19'),
(1236, 28, 'Thimphu', 'TM', 'BT20'),
(1237, 28, 'Tongsa', 'TO', 'BT21'),
(1238, 28, 'Wangdi Phodrang', 'WP', 'BT22'),
(1239, 37, 'Burgas', 'BR', 'BU39'),
(1240, 37, 'Sofiya-Grad', 'SG', 'BU42'),
(1241, 37, 'Khaskovo', 'KK', 'BU43'),
(1242, 37, 'Lovech', 'LV', 'BU46'),
(1243, 37, 'Montana', 'MT', 'BU47'),
(1244, 37, 'Plovdiv', 'PD', 'BU51'),
(1245, 37, 'Razgrad', 'RG', 'BU52'),
(1246, 37, 'Sofiya', 'SF', 'BU58'),
(1247, 37, 'Varna', 'VN', 'BU61'),
(1248, 36, 'Belait', 'BE', 'BX01'),
(1249, 36, 'Brunei and Muara', 'BM', 'BX02'),
(1250, 36, 'Temburong', 'TE', 'BX03'),
(1251, 36, 'Tutong', 'TU', 'BX04'),
(1252, 40, 'Bujumbura', 'BU', 'BY02'),
(1253, 40, 'Muramvya', 'MV', 'BY22'),
(1254, 40, 'Bubanza', 'BB', 'BY09'),
(1255, 40, 'Bururi', 'BR', 'BY10'),
(1256, 40, 'Cankuzo', 'CA', 'BY11'),
(1257, 40, 'Cibitoke', 'CI', 'BY12'),
(1258, 40, 'Gitega', 'GI', 'BY13'),
(1259, 40, 'Karuzi', 'KR', 'BY14'),
(1260, 40, 'Kayanza', 'KY', 'BY15'),
(1261, 40, 'Kirundo', 'KI', 'BY16'),
(1262, 40, 'Makamba', 'MA', 'BY17'),
(1263, 40, 'Muyinga', 'MY', 'BY18'),
(1264, 40, 'Ngozi', 'NG', 'BY19'),
(1265, 40, 'Rutana', 'RT', 'BY20'),
(1266, 40, 'Ruyigi', 'RY', 'BY21'),
(1267, 41, 'Batdambang', 'BA', 'CB29'),
(1268, 41, 'Kampong Cham', 'KM', 'CB02'),
(1269, 41, 'Kampong Chhnang', 'KG', 'CB03'),
(1270, 41, 'Kampong Spoe', 'KS', 'CB04'),
(1271, 41, 'Kampong Thum', 'KT', 'CB05'),
(1272, 41, 'Kampot', 'KP', 'CB21'),
(1273, 41, 'Kandal', 'KN', 'CB07'),
(1274, 41, 'Kaoh Kong', 'KK', 'CB08'),
(1275, 41, 'Krachen', 'KR', 'CB09'),
(1276, 41, 'Mondol Kiri', 'MK', 'CB10'),
(1277, 41, 'Phnum Penh', 'PP', 'CB22'),
(1278, 41, 'Pouthisat', 'PO', 'CB12'),
(1279, 41, 'Preah Vihear', 'PH', 'CB13'),
(1280, 41, 'Prey Veng', 'PY', 'CB14'),
(1283, 41, 'Stoeng Treng', 'ST', 'CB17'),
(1284, 41, 'Svay Rieng', 'SR', 'CB18'),
(1285, 41, 'Takev', 'TA', 'CB19'),
(1286, 41, 'Rotanah Kiri', 'RO', 'CB23'),
(1287, 41, 'Siem Reab', 'SI', 'CB24'),
(1288, 41, 'Banteay Mean Cheay', 'OM', 'CB25'),
(1289, 41, 'Keb', 'KB', 'CB26'),
(1290, 41, 'Otdar Mean Cheay', 'OC', 'CB27'),
(1291, 41, 'Preah Seihanu', 'KA', 'CB28'),
(1292, 47, 'Batha', 'BA', 'CD01'),
(1293, 47, 'Biltine', 'BI', 'CD02'),
(1294, 47, 'Borkou-Ennedi-Tibesti', 'BT', 'CD03'),
(1295, 47, 'ChariBaguirmi', 'CB', 'CD04'),
(1296, 47, 'Guera', 'GR', 'CD05'),
(1297, 47, 'Kanem', 'KA', 'CD06'),
(1298, 47, 'Lac', 'LC', 'CD07'),
(1299, 47, 'Logone Occidental', 'LO', 'CD08'),
(1300, 47, 'Logone Oriental', 'LR', 'CD09'),
(1301, 47, 'Mayo-Kebbi', 'MK', 'CD10'),
(1302, 47, 'Moyen-Chari', 'MC', 'CD11'),
(1303, 47, 'Ouaddai', 'OD', 'CD12'),
(1304, 47, 'Salamat', 'SA', 'CD13'),
(1305, 47, 'Tandjile', 'TA', 'CD14'),
(1306, 228, 'Central', 'CE', 'CE29'),
(1307, 228, 'North Central', 'NC', 'CE30'),
(1308, 228, 'North Eastern', 'NE', 'CE31'),
(1309, 228, 'North Western', 'NW', 'CE32'),
(1310, 228, 'Sabaragamuwa', 'SA', 'CE33'),
(1311, 228, 'Southern', 'SO', 'CE34'),
(1312, 228, 'Uva', 'UV', 'CE35'),
(1313, 228, 'Western', 'WE', 'CE36'),
(1314, 56, 'Bouenza', 'BO', 'CF01'),
(1315, 56, 'Cuvette', 'CU', 'CF03'),
(1316, 56, 'Kouilou', 'KO', 'CF04'),
(1317, 56, 'Lekoumou', 'LE', 'CF05'),
(1318, 56, 'Likouala', 'LI', 'CF06'),
(1319, 56, 'Niari', 'NI', 'CF07'),
(1320, 56, 'Plateaux', 'PL', 'CF08'),
(1321, 56, 'Sangha', 'SA', 'CF10'),
(1322, 56, 'Pool', 'PO', 'CF11'),
(1323, 56, 'Brazzaville', 'BR', 'CF12'),
(1324, 55, 'Bandundu', 'BN', 'CG01'),
(1325, 55, 'Equateur', 'EQ', 'CG02'),
(1326, 55, 'Kasai-Occidental', 'KC', 'CG03'),
(1327, 55, 'Kasai-Oriental', 'KR', 'CG04'),
(1328, 55, 'Katanga', 'KT', 'CG05'),
(1329, 55, 'Kinshasa', 'KN', 'CG06'),
(1331, 55, 'Bas-Congo', 'BC', 'CG08'),
(1332, 55, 'Orientale', 'HC', 'CG09'),
(1333, 49, 'Anhui', 'AH', 'CH01'),
(1334, 49, 'Zhejiang', 'ZJ', 'CH02'),
(1335, 49, 'Jiangxi', 'JX', 'CH03'),
(1336, 49, 'Jiangsu', 'JS', 'CH04'),
(1337, 49, 'Jilin', 'JL', 'CH05'),
(1338, 49, 'Qinghai', 'QH', 'CH06'),
(1339, 49, 'Fujian', 'FJ', 'CH07'),
(1340, 49, 'Heilongjiang', 'HL', 'CH08'),
(1341, 49, 'Henan', 'HE', 'CH09'),
(1342, 49, 'Hebei', 'HB', 'CH10'),
(1343, 49, 'Hunan', 'HN', 'CH11'),
(1344, 49, 'Hubei', 'HU', 'CH12'),
(1345, 49, 'Xinjiang', 'XJ', 'CH13'),
(1346, 49, 'Xizang', 'XZ', 'CH14'),
(1347, 49, 'Gansu', 'GS', 'CH15'),
(1348, 49, 'Guangxi', 'GX', 'CH16'),
(1349, 49, 'Guizhou', 'GZ', 'CH18'),
(1350, 49, 'Liaoning', 'LN', 'CH19'),
(1351, 49, 'Nei Mongol', 'NM', 'CH20'),
(1352, 49, 'Ningxia', 'NX', 'CH21'),
(1353, 49, 'Beijing', 'BJ', 'CH22'),
(1354, 49, 'Shanghai', 'SH', 'CH23'),
(1355, 49, 'Shanxi', 'SX', 'CH24'),
(1356, 49, 'Shandong', 'SD', 'CH25'),
(1357, 49, 'Shaanxi', 'SA', 'CH26'),
(1358, 49, 'Sichuan', 'SC', 'CH32'),
(1359, 49, 'Tianjin', 'TJ', 'CH28'),
(1360, 49, 'Yunnan', 'YN', 'CH29'),
(1361, 49, 'Guangdong', 'GD', 'CH30'),
(1362, 49, 'Hainan', 'HA', 'CH31'),
(1363, 49, 'Chongqing', 'CQ', 'CH33'),
(1364, 48, 'Valparaiso', 'VS', 'CI01'),
(1365, 48, 'Aisen del General Carlos Ibanez del Campo', 'AI', 'CI02'),
(1366, 48, 'Antofagasta', 'AN', 'CI03'),
(1367, 48, 'Araucania', 'AR', 'CI04'),
(1368, 48, 'Atacama', 'AT', 'CI05'),
(1369, 48, 'Bio-Bio', 'BI', 'CI06'),
(1370, 48, 'Coquimbo', 'CO', 'CI07'),
(1371, 48, 'Libertador General Bernardo O''Higgins', 'LI', 'CI08'),
(1372, 48, 'Los Lagos', 'LL', 'CI09'),
(1373, 48, 'Magallanes y de la Antartica Chilena', 'MA', 'CI10'),
(1374, 48, 'Maule', 'ML', 'CI11'),
(1375, 48, 'Region Metropolitana', 'RM', 'CI12'),
(1376, 48, 'Tarapaca', 'TA', 'CI13'),
(1377, 45, 'Creek', 'CR', 'CJ01'),
(1378, 45, 'Eastern', 'EA', 'CJ02'),
(1379, 45, 'Midland', 'MI', 'CJ03'),
(1380, 45, 'South Town', 'SO', 'CJ04'),
(1381, 45, 'Spot Bay', 'SP', 'CJ05'),
(1382, 45, 'Stake Bay', 'ST', 'CJ06'),
(1383, 45, 'West End', 'WD', 'CJ07'),
(1384, 45, 'Western', 'WN', 'CJ08'),
(1385, 42, 'Est', 'ES', 'CM04'),
(1386, 42, 'Littoral', 'LT', 'CM05'),
(1387, 42, 'NordOuest', 'NW', 'CM07'),
(1388, 42, 'Ouest', 'OU', 'CM08'),
(1389, 42, 'SudOuest', 'SW', 'CM09'),
(1390, 42, 'Adamaoua', 'AD', 'CM10'),
(1391, 42, 'Centre', 'CE', 'CM11'),
(1392, 42, 'ExtremeNord', 'EN', 'CM12'),
(1393, 42, 'Nord', 'NO', 'CM13'),
(1394, 42, 'Sud', 'SU', 'CM14'),
(1395, 54, 'Anjouan', 'AN', 'CN01'),
(1396, 54, 'Grande Comore', 'GC', 'CN02'),
(1397, 54, 'Moheli', 'MO', 'CN03'),
(1398, 53, 'Amazonas', 'AM', 'CO01'),
(1399, 53, 'Antioquia', 'AN', 'CO02'),
(1400, 53, 'Arauca', 'AR', 'CO03'),
(1401, 53, 'Atlantico', 'AT', 'CO04'),
(1402, 53, 'Caqueta', 'CQ', 'CO08'),
(1403, 53, 'Cauca', 'CA', 'CO09'),
(1404, 53, 'Cesar', 'CE', 'CO10'),
(1405, 53, 'Choco', 'CH', 'CO11'),
(1406, 53, 'Cordoba', 'CR', 'CO12'),
(1408, 53, 'Guaviare', 'GV', 'CO14'),
(1409, 53, 'Guainia', 'GN', 'CO15'),
(1410, 53, 'Huila', 'HU', 'CO16'),
(1411, 53, 'La Guajira', 'LG', 'CO17'),
(1412, 53, 'Meta', 'ME', 'CO19'),
(1413, 53, 'Narino', 'NA', 'CO20'),
(1414, 53, 'Norte de Santander', 'NS', 'CO21'),
(1415, 53, 'Putumayo', 'PU', 'CO22'),
(1416, 53, 'Quindio', 'QD', 'CO23'),
(1417, 53, 'Risaralda', 'RI', 'CO24'),
(1418, 53, 'San Andres y Providencia', 'SA', 'CO25'),
(1419, 53, 'Santander', 'ST', 'CO26'),
(1420, 53, 'Sucre', 'SU', 'CO27'),
(1421, 53, 'Tolima', 'TO', 'CO28'),
(1422, 53, 'Valle del Cauca', 'VC', 'CO29'),
(1423, 53, 'Vaupes', 'VP', 'CO30'),
(1424, 53, 'Vichada', 'VD', 'CO31'),
(1425, 53, 'Casanare', 'CS', 'CO32'),
(1426, 53, 'Cundinamarca', 'CU', 'CO33'),
(1427, 53, 'Distrito Capital', 'DC', 'CO34'),
(1428, 53, 'Bolivar', 'BL', 'CO35'),
(1429, 53, 'Boyaca', 'BY', 'CO36'),
(1430, 53, 'Caldas', 'CL', 'CO37'),
(1431, 53, 'Magdalena', 'MA', 'CO38'),
(1432, 59, 'Alajuela', 'AL', 'CS01'),
(1433, 59, 'Cartago', 'CA', 'CS02'),
(1434, 59, 'Guanacaste', 'GU', 'CS03'),
(1435, 59, 'Heredia', 'HE', 'CS04'),
(1436, 59, 'Limon', 'LI', 'CS06'),
(1437, 59, 'Puntarenas', 'PU', 'CS07'),
(1438, 59, 'San Jose', 'SJ', 'CS08'),
(1439, 46, 'Bamingui-Bangoran', 'BB', 'CT01'),
(1440, 46, 'Basse-Kotto', 'BK', 'CT02'),
(1441, 46, 'Haute-Kotto', 'HK', 'CT03'),
(1442, 46, 'Haute-Sangha', 'HS', 'CT04'),
(1443, 46, 'Haut-Mbomou', 'HM', 'CT05'),
(1444, 46, 'Kemo-Gribingui', 'KG', 'CT06'),
(1445, 46, 'Lobaye', 'LB', 'CT07'),
(1446, 46, 'Mbomou', 'MB', 'CT08'),
(1447, 46, 'Nana-Mambere', 'NM', 'CT09'),
(1448, 46, 'Ouaka', 'UK', 'CT11'),
(1449, 46, 'Ouham', 'AC', 'CT12'),
(1450, 46, 'Ouham-Pende', 'OP', 'CT13'),
(1451, 46, 'Vakaga', 'VK', 'CT14'),
(1452, 46, 'Gribingui', 'KB', 'CT15'),
(1453, 46, 'Sangha', 'SE', 'CT16'),
(1454, 46, 'Ombella-Mpoko', 'MP', 'CT17'),
(1455, 46, 'Bangui', 'BG', 'CT18'),
(1456, 62, 'Pinar del Rio', 'PR', 'CU01'),
(1457, 62, 'Ciudad de La Habana', 'CH', 'CU02'),
(1458, 62, 'Matanzas', 'MA', 'CU03'),
(1459, 62, 'Isla de la Juventud', 'IJ', 'CU04'),
(1460, 62, 'Camaguey', 'CM', 'CU05'),
(1461, 62, 'Ciego de Avila', 'CA', 'CU07'),
(1462, 62, 'Cienfuegos', 'CF', 'CU08'),
(1463, 62, 'Granma', 'GR', 'CU09'),
(1464, 62, 'Guantanamo', 'GU', 'CU10'),
(1465, 62, 'La Habana', 'LH', 'CU11'),
(1466, 62, 'Holguin', 'HO', 'CU12'),
(1467, 62, 'Las Tunas', 'LT', 'CU13'),
(1468, 62, 'Sancti Spiritus', 'SS', 'CU14'),
(1469, 62, 'Santiago de Cuba', 'SC', 'CU15'),
(1470, 62, 'Villa Clara', 'VC', 'CU16'),
(1471, 44, 'Boa Vista', 'BV', 'CV01'),
(1472, 44, 'Brava', 'BR', 'CV02'),
(1473, 44, 'Calheta de S?o Miguel', 'SM', 'CV03'),
(1474, 44, 'Maio', 'MA', 'CV04'),
(1475, 44, 'Paul', 'PA', 'CV05'),
(1476, 44, 'Praia', 'PI', 'CV06'),
(1477, 44, 'Ribeira Grande', 'RG', 'CV07'),
(1478, 44, 'Sal', 'SL', 'CV08'),
(1479, 44, 'Santa Catarina', 'SC', 'CV09'),
(1480, 44, 'Sao Nicolau', 'SN', 'CV10'),
(1481, 44, 'Sao Vicente', 'SV', 'CV11'),
(1482, 44, 'Tarrafal', 'TF', 'CV12'),
(1483, 63, 'Famagusta', 'FA', 'CY01'),
(1484, 63, 'Kyrenia', 'KY', 'CY02'),
(1485, 63, 'Larnaca', 'LA', 'CY03'),
(1486, 63, 'Nicosia', 'NI', 'CY04'),
(1487, 63, 'Limassol', 'LI', 'CY05'),
(1488, 63, 'Paphos', 'PA', 'CY06'),
(1489, 65, 'Arhus', 'AR', 'DA01'),
(1490, 65, 'Bornholm', 'BO', 'DA02'),
(1491, 65, 'Frederiksborg', 'FR', 'DA03'),
(1492, 65, 'Fyn', 'FY', 'DA04'),
(1493, 65, 'Kobenhavn', 'SK', 'DA06'),
(1494, 65, 'Nordjylland', 'NJ', 'DA07'),
(1495, 65, 'Ribe', 'RB', 'DA08'),
(1496, 65, 'Ringkobing', 'RK', 'DA09'),
(1497, 65, 'Roskilde', 'RS', 'DA10'),
(1498, 65, 'Sonderjylland', 'SJ', 'DA11'),
(1499, 65, 'Storstrom', 'ST', 'DA12'),
(1500, 65, 'Vejle', 'VJ', 'DA13'),
(1501, 65, 'Vestsjalland', 'VS', 'DA14'),
(1502, 65, 'Viborg', 'VB', 'DA15'),
(1503, 65, 'Fredericksberg', 'SF', 'DA16'),
(1504, 66, '''Ali Sabih', 'AS', 'DJ01'),
(1505, 66, 'Dikhil', 'DI', 'DJ02'),
(1507, 66, 'Obock', 'OB', 'DJ04'),
(1508, 66, 'Tadjoura', 'TA', 'DJ05'),
(1509, 67, 'Saint Andrew', 'AN', 'DO02'),
(1510, 67, 'Saint David', 'DA', 'DO03'),
(1511, 67, 'Saint George', 'GO', 'DO04'),
(1512, 67, 'Saint John', 'JN', 'DO05'),
(1513, 67, 'Saint Joseph', 'JH', 'DO06'),
(1514, 67, 'Saint Luke', 'LU', 'DO07'),
(1515, 67, 'Saint Mark', 'MA', 'DO08'),
(1516, 67, 'Saint Patrick', 'PK', 'DO09'),
(1517, 67, 'Saint Paul', 'PL', 'DO10'),
(1518, 67, 'Saint Peter', 'PR', 'DO11'),
(1519, 68, 'Azua', 'AZ', 'DR01'),
(1520, 68, 'Baoruco', 'BR', 'DR02'),
(1521, 68, 'Barahona', 'BH', 'DR03'),
(1522, 68, 'Dajabon', 'DA', 'DR04'),
(1523, 68, 'Distrito Nacional', 'DN', 'DR05'),
(1524, 68, 'Duarte', 'DU', 'DR06'),
(1525, 68, 'Espaillat', 'ES', 'DR08'),
(1526, 68, 'Independencia', 'IN', 'DR09'),
(1527, 68, 'La Altagracia', 'AL', 'DR10'),
(1528, 68, 'Elias Pina', 'EP', 'DR11'),
(1529, 68, 'La Romana', 'RO', 'DR12'),
(1530, 68, 'Maria Trinidad Sanchez', 'MT', 'DR14'),
(1531, 68, 'Monte Cristi', 'MC', 'DR15'),
(1532, 68, 'Pedernales', 'PN', 'DR16'),
(1533, 68, 'Peravia', 'PR', 'DR17'),
(1534, 68, 'Puerto Plata', 'PP', 'DR18'),
(1535, 68, 'Salcedo', 'SC', 'DR19'),
(1536, 68, 'Samana', 'SM', 'DR20'),
(1537, 68, 'Sanchez Ramirez', 'SZ', 'DR21'),
(1538, 68, 'San Juan', 'JU', 'DR23'),
(1539, 68, 'San Pedro de Macoris', 'PM', 'DR24'),
(1540, 68, 'Santiago', 'ST', 'DR25'),
(1541, 68, 'Santiago Rodriguez', 'SR', 'DR26'),
(1542, 68, 'Valverde', 'VA', 'DR27'),
(1543, 68, 'El Seibo', 'SE', 'DR28'),
(1544, 68, 'Hato Mayor', 'HM', 'DR29'),
(1545, 68, 'La Vega', 'VE', 'DR30'),
(1546, 68, 'Monsenor Nouel', 'MN', 'DR31'),
(1547, 68, 'Monte Plata', 'MP', 'DR32'),
(1548, 68, 'San Cristobal', 'CR', 'DR33'),
(1549, 70, 'Galapagos', 'GA', 'EC01'),
(1550, 70, 'Azuay', 'AZ', 'EC02'),
(1551, 70, 'Bolivar', 'BO', 'EC03'),
(1552, 70, 'Canar', 'CN', 'EC04'),
(1553, 70, 'Carchi', 'CR', 'EC05'),
(1554, 70, 'Chimborazo', 'CB', 'EC06'),
(1555, 70, 'Cotopaxi', 'CT', 'EC07'),
(1556, 70, 'El Oro', 'EO', 'EC08'),
(1557, 70, 'Esmeraldas', 'ES', 'EC09'),
(1558, 70, 'Guayas', 'GU', 'EC10'),
(1559, 70, 'Imbabura', 'IM', 'EC11'),
(1560, 70, 'Loja', 'LJ', 'EC12'),
(1561, 70, 'Los Rios', 'LR', 'EC13'),
(1562, 70, 'Manabi', 'MN', 'EC14'),
(1563, 70, 'Morona-Santiago', 'MS', 'EC15'),
(1564, 70, 'Pastaza', 'PA', 'EC17'),
(1565, 70, 'Pichincha', 'PI', 'EC18'),
(1566, 70, 'Tungurahua', 'TU', 'EC19'),
(1567, 70, 'Zamora-Chinchipe', 'ZC', 'EC20'),
(1568, 70, 'Napo', 'NA', 'EC23'),
(1569, 70, 'Sucumbios', 'SU', 'EC22'),
(1570, 71, 'Ad Daqahliyah', 'DQ', 'EG01'),
(1571, 71, 'Al Bahr al Ahmar', 'BA', 'EG02'),
(1572, 71, 'Al Buhayrah', 'BH', 'EG03'),
(1573, 71, 'Al Fayyum', 'FY', 'EG04'),
(1574, 71, 'Al Gharbiyah', 'GH', 'EG05'),
(1575, 71, 'Al Iskandariyah', 'IK', 'EG06'),
(1576, 71, 'Al Isma''iliyah', 'IS', 'EG07'),
(1577, 71, 'Al Jizah', 'JZ', 'EG08'),
(1578, 71, 'Al Minufiyah', 'MF', 'EG09'),
(1579, 71, 'Al Minya', 'MN', 'EG10'),
(1580, 71, 'Al Qahirah', 'QH', 'EG11'),
(1581, 71, 'Al Qaly?biyah', 'QL', 'EG12'),
(1582, 71, 'Al Wadi al Jadid', 'WJ', 'EG13'),
(1583, 71, 'Ash Sharqiyah', 'SQ', 'EG14'),
(1584, 71, 'As Suways', 'SW', 'EG15'),
(1585, 71, 'Aswan', 'AN', 'EG16'),
(1586, 71, 'Asyut', 'AT', 'EG17'),
(1587, 71, 'Bani Suwayf', 'BN', 'EG18'),
(1588, 71, 'Bur Sa''id', 'BS', 'EG19'),
(1589, 71, 'Dumyat', 'DT', 'EG20'),
(1590, 71, 'Kafr ash Shaykh', 'KS', 'EG21'),
(1591, 71, 'Matruh', 'MT', 'EG22'),
(1592, 71, 'Qina', 'QN', 'EG23'),
(1593, 71, 'Suhaj', 'SJ', 'EG24'),
(1594, 71, 'Janub Sina''', 'JS', 'EG26'),
(1595, 71, 'Shamal Sina''', 'SS', 'EG27'),
(1596, 117, 'Carlow', 'CW', 'EI01'),
(1597, 117, 'Cavan', 'CN', 'EI02'),
(1598, 117, 'Clare', 'CE', 'EI03'),
(1599, 117, 'Cork', 'CK', 'EI04'),
(1600, 117, 'Donegal', 'DL', 'EI06'),
(1601, 117, 'Dublin', 'DN', 'EI07'),
(1602, 117, 'Galway', 'GY', 'EI10'),
(1603, 117, 'Kerry', 'KY', 'EI11'),
(1604, 117, 'Kildare', 'KE', 'EI12'),
(1605, 117, 'Kilkenny', 'KK', 'EI13'),
(1606, 117, 'Leitrim', 'LM', 'EI14'),
(1607, 117, 'Laois', 'LS', 'EI15'),
(1608, 117, 'Limerick', 'LK', 'EI16'),
(1609, 117, 'Longford', 'LD', 'EI18'),
(1610, 117, 'Louth', 'LH', 'EI19'),
(1611, 117, 'Mayo', 'MO', 'EI20'),
(1612, 117, 'Meath', 'MH', 'EI21'),
(1613, 117, 'Monaghan', 'MN', 'EI22'),
(1614, 117, 'Offaly', 'OY', 'EI23'),
(1615, 117, 'Roscommon', 'RN', 'EI24'),
(1616, 117, 'Sligo', 'SO', 'EI25'),
(1617, 117, 'Tipperary', 'TY', 'EI26'),
(1618, 117, 'Waterford', 'WD', 'EI27'),
(1619, 117, 'Westmeath', 'WH', 'EI29'),
(1620, 117, 'Wexford', 'WX', 'EI30'),
(1621, 117, 'Wicklow', 'WW', 'EI31'),
(1622, 73, 'Annobon', 'AN', 'EK03'),
(1623, 73, 'Bioko Norte', 'BN', 'EK04'),
(1624, 73, 'Bioko Sur', 'BS', 'EK05'),
(1625, 73, 'Centro Sur', 'CS', 'EK06'),
(1626, 73, 'Kie-Ntem', 'KN', 'EK07'),
(1627, 73, 'Litoral', 'LI', 'EK08'),
(1628, 73, 'Wele-Nzas', 'WN', 'EK09'),
(1629, 75, 'Harjumaa', 'HA', 'EN01'),
(1630, 75, 'Hiiumaa', 'HI', 'EN02'),
(1631, 75, 'Ida-Virumaa', 'IV', 'EN03'),
(1632, 75, 'Jarvamaa', 'JR', 'EN04'),
(1633, 75, 'Jogevamaa', 'JN', 'EN05'),
(1634, 75, 'Laanemaa', 'LN', 'EN07'),
(1635, 75, 'Laane-Virumaa', 'LV', 'EN08'),
(1636, 75, 'Parnumaa', 'PR', 'EN11'),
(1637, 75, 'Polvamaa', 'PL', 'EN12'),
(1638, 75, 'Raplamaa', 'RA', 'EN13'),
(1639, 75, 'Saaremaa', 'SA', 'EN14'),
(1640, 75, 'Tartumaa', 'TA', 'EN18'),
(1641, 75, 'Valgamaa', 'VG', 'EN19'),
(1642, 75, 'Viljandimaa', 'VD', 'EN20'),
(1643, 75, 'Vorumaa', 'VR', 'EN21'),
(1644, 72, 'Ahuachapan', 'AH', 'ES01'),
(1645, 72, 'Cabanas', 'CA', 'ES02'),
(1646, 72, 'Chalatenango', 'CH', 'ES03'),
(1647, 72, 'Cuscatlan', 'CU', 'ES04'),
(1648, 72, 'La Libertad', 'LI', 'ES05'),
(1649, 72, 'La Paz', 'PA', 'ES06'),
(1650, 72, 'La Union', 'UN', 'ES07'),
(1651, 72, 'Morazan', 'MO', 'ES08'),
(1652, 72, 'San Miguel', 'SM', 'ES09'),
(1653, 72, 'San Salvador', 'SS', 'ES10'),
(1654, 72, 'Santa Ana', 'SA', 'ES11'),
(1655, 72, 'San Vicente', 'SI', 'ES12'),
(1656, 72, 'Sonsonate', 'SO', 'ES13'),
(1657, 72, 'Usulutan', 'US', 'ES14'),
(1687, 76, 'Harari People', 'HA', 'ET50'),
(1688, 76, 'Gambela Peoples', 'GA', 'ET49'),
(1690, 76, 'Benshangul-Gumaz', 'BE', 'ET47'),
(1691, 76, 'Tigray', 'TI', 'ET53'),
(1692, 76, 'Amhara', 'AM', 'ET46'),
(1693, 76, 'Afar', 'AF', 'ET45'),
(1694, 76, 'Oromia', 'OR', 'ET51'),
(1695, 76, 'Somali', 'SO', 'ET52'),
(1696, 76, 'Addis Ababa', 'AA', 'ET44'),
(1697, 76, 'Southern Nations', 'SN', 'ET54'),
(1746, 64, 'Hlavni Mesto Praha', 'PR', 'EZ52'),
(1772, 81, 'Ahvenanmaa', 'AV', 'FI01'),
(1777, 81, 'Lappi', 'LP', 'FI06'),
(1779, 81, 'Oulu Laani', 'OU', 'FI08'),
(1784, 80, 'Central', 'CE', 'FJ01'),
(1785, 80, 'Eastern', 'EA', 'FJ02'),
(1786, 80, 'Northern', 'NO', 'FJ03'),
(1787, 80, 'Rotuma', 'RO', 'FJ04'),
(1788, 80, 'Western', 'WE', 'FJ05'),
(1789, 160, 'Kosrae', 'KO', 'FM01'),
(1790, 160, 'Pohnpei', 'PO', 'FM02'),
(1791, 160, 'Chuuk', 'CH', 'FM03'),
(1792, 160, 'Yap', 'YA', 'FM04'),
(1793, 82, 'Aquitaine', 'AQ', 'FR97'),
(1794, 82, 'Auvergne', 'AU', 'FR98'),
(1795, 82, 'Basse-Normandie', 'BA', 'FR99'),
(1796, 82, 'Bourgogne', 'BO', 'FRA1'),
(1797, 82, 'Bretagne', 'BR', 'FRA2'),
(1798, 82, 'Centre', 'CE', 'FRA3'),
(1799, 82, 'Champagne-Ardenne', 'CH', 'FRA4'),
(1800, 82, 'Corse', 'CO', 'FRA5'),
(1801, 82, 'Franche-Comte', 'FC', 'FRA6'),
(1802, 82, 'Haute-Normandie', 'HA', 'FRA7'),
(1803, 82, 'Ile-De-France', 'IL', 'FRA8'),
(1804, 82, 'Languedoc-Roussillon', 'LA', 'FRA9'),
(1805, 82, 'Limousin', 'LI', 'FRB1'),
(1806, 82, 'Lorraine', 'LO', 'FRB2'),
(1807, 82, 'Midi-Pyrenees', 'MI', 'FRB3'),
(1808, 82, 'Nord-Pas-de-Calais', 'NO', 'FRB4'),
(1809, 82, 'Pays de la Loire', 'PA', 'FRB5'),
(1810, 82, 'Picardie', 'PI', 'FRB6'),
(1811, 82, 'Poitou-Charentes', 'PO', 'FRB7'),
(1812, 82, 'Provence-Alpes-Cote d''Azur', 'PR', 'FRB8'),
(1813, 82, 'Rhone-Alpes', 'RH', 'FRB9'),
(1814, 82, 'Alsace', 'AL', 'FRC1'),
(1815, 88, 'Banjul', 'BJ', 'GA01'),
(1816, 88, 'Lower River', 'LR', 'GA02'),
(1817, 88, 'MacCarthy Island', 'MC', 'GA03'),
(1818, 88, 'Upper River', 'UR', 'GA04'),
(1819, 88, 'Western', 'WE', 'GA05'),
(1820, 88, 'North Bank', 'NB', 'GA07'),
(1821, 87, 'Estuaire', 'ES', 'GB01'),
(1822, 87, 'Haut-Ogooue', 'HO', 'GB02'),
(1823, 87, 'Moyen-Ogooue', 'MO', 'GB03'),
(1824, 87, 'Ngounie', 'NG', 'GB04'),
(1825, 87, 'Nyanga', 'NY', 'GB05'),
(1826, 87, 'Ogooue-Ivindo', 'OI', 'GB06'),
(1827, 87, 'Ogooue-Lolo', 'OL', 'GB07'),
(1828, 87, 'Ogooue-Maritime', 'OM', 'GB08'),
(1829, 87, 'Woleu-Ntem', 'WN', 'GB09'),
(1831, 90, 'Abkhazia', 'AB', 'GG02'),
(1833, 90, 'Ajaria', 'AJ', 'GG04'),
(1879, 90, 'T''bilisi', 'TB', 'GG51'),
(1893, 92, 'Greater Accra', 'AA', 'GH01'),
(1894, 92, 'Ashanti', 'AH', 'GH02'),
(1895, 92, 'Brong-Ahafo', 'BA', 'GH03'),
(1896, 92, 'Central', 'CP', 'GH04'),
(1897, 92, 'Eastern', 'EP', 'GH05'),
(1898, 92, 'Northern', 'NP', 'GH06'),
(1899, 92, 'Volta', 'TV', 'GH08'),
(1900, 92, 'Western', 'WP', 'GH09'),
(1901, 92, 'Upper East', 'UE', 'GH10'),
(1902, 92, 'Upper West', 'UW', 'GH11'),
(1903, 97, 'Saint Andrew', 'AN', 'GJ01'),
(1904, 97, 'Saint David', 'DA', 'GJ02'),
(1905, 97, 'Saint George', 'GE', 'GJ03'),
(1906, 97, 'Saint John', 'JO', 'GJ04'),
(1907, 97, 'Saint Mark', 'MA', 'GJ05'),
(1908, 97, 'Saint Patrick', 'PA', 'GJ06'),
(1909, 96, 'Nordgronland', 'NG', 'GL01'),
(1910, 96, 'Ostgronland', 'EG', 'GL02'),
(1911, 96, 'Vestgronland', 'VG', 'GL03'),
(1912, 91, 'Baden-Wurttemberg', 'BW', 'GM01'),
(1913, 91, 'Bayern', 'BY', 'GM02'),
(1914, 91, 'Bremen', 'HB', 'GM03'),
(1915, 91, 'Hamburg', 'HH', 'GM04'),
(1916, 91, 'Hessen', 'HE', 'GM05'),
(1917, 91, 'Niedersachsen', 'NI', 'GM06'),
(1918, 91, 'Nordrhein-Westfalen', 'NW', 'GM07'),
(1919, 91, 'Rheinland-Pfalz', 'RP', 'GM08'),
(1920, 91, 'Saarland', 'SL', 'GM09'),
(1921, 91, 'Schleswig-Holstein', 'SH', 'GM10'),
(1922, 91, 'Brandenburg', 'BB', 'GM11'),
(1923, 91, 'Mecklenburg-Vorpommern', 'MY', 'GM12'),
(1924, 91, 'Sachsen', 'SN', 'GM13'),
(1925, 91, 'Sachsen-Anhalt', 'ST', 'GM14'),
(1926, 91, 'Thuringen', 'TH', 'GM15'),
(1927, 91, 'Berlin', 'BE', 'GM16'),
(1928, 95, 'Evros', 'ES', 'GR01'),
(1929, 95, 'Rodhopi', 'RD', 'GR02'),
(1930, 95, 'Xanthi', 'XN', 'GR03'),
(1931, 95, 'Drama', 'DR', 'GR04'),
(1932, 95, 'Serrai', 'SR', 'GR05'),
(1933, 95, 'Kilkis', 'KK', 'GR06'),
(1934, 95, 'Pella', 'PL', 'GR07'),
(1935, 95, 'Florina', 'FL', 'GR08'),
(1936, 95, 'Kastoria', 'KS', 'GR09'),
(1937, 95, 'Grevena', 'GE', 'GR10'),
(1938, 95, 'Kozani', 'KZ', 'GR11'),
(1939, 95, 'Imathia', 'IM', 'GR12'),
(1940, 95, 'Thessaloniki', 'TN', 'GR13'),
(1941, 95, 'Kavala', 'KV', 'GR14'),
(1942, 95, 'Khalkidhiki', 'KD', 'GR15'),
(1943, 95, 'Pieria', 'PI', 'GR16'),
(1944, 95, 'Ioannina', 'IO', 'GR17'),
(1945, 95, 'Thesprotia', 'TP', 'GR18'),
(1946, 95, 'Preveza', 'PV', 'GR19'),
(1947, 95, 'Arta', 'AR', 'GR20'),
(1948, 95, 'Larisa', 'LR', 'GR21'),
(1949, 95, 'Trikala', 'TR', 'GR22'),
(1950, 95, 'Kardhitsa', 'KT', 'GR23'),
(1951, 95, 'Magnisia', 'MG', 'GR24'),
(1952, 95, 'Kerkira', 'KE', 'GR25'),
(1953, 95, 'Levkas', 'LV', 'GR26'),
(1954, 95, 'Kefallinia', 'KF', 'GR27'),
(1955, 95, 'Zakinthos', 'ZK', 'GR28'),
(1956, 95, 'Fthiotis', 'FT', 'GR29'),
(1957, 95, 'Evritania', 'ET', 'GR30'),
(1958, 95, 'Aitolia kai Akarnania', 'AA', 'GR31'),
(1959, 95, 'Fokis', 'FK', 'GR32'),
(1960, 95, 'Voiotia', 'VT', 'GR33'),
(1961, 95, 'Evvoia', 'EV', 'GR34'),
(1962, 95, 'Attiki', 'AT', 'GR35'),
(1963, 95, 'Argolis', 'AG', 'GR36'),
(1964, 95, 'Korinthia', 'KO', 'GR37'),
(1965, 95, 'Akhaia', 'AK', 'GR38'),
(1966, 95, 'Ilia', 'IL', 'GR39'),
(1967, 95, 'Messinia', 'MS', 'GR40'),
(1968, 95, 'Arkadhia', 'AD', 'GR41'),
(1969, 95, 'Lakonia', 'LC', 'GR42'),
(1970, 95, 'Khania', 'KN', 'GR43'),
(1971, 95, 'Rethimni', 'RT', 'GR44'),
(1972, 95, 'Iraklion (Crete)', 'IR', 'GR45'),
(1973, 95, 'Lasithi', 'LT', 'GR46'),
(1974, 95, 'Dhodhekanisos', 'DO', 'GR47'),
(1975, 95, 'Samos', 'SM', 'GR48'),
(1976, 95, 'Kikladhes', 'KY', 'GR49'),
(1977, 95, 'Khios', 'KH', 'GR50'),
(1978, 95, 'Lesvos', 'LS', 'GR51'),
(1979, 100, 'Alta Verapaz', 'AV', 'GT01'),
(1980, 100, 'Baja Verapaz', 'BV', 'GT02'),
(1981, 100, 'Chimaltenango', 'CM', 'GT03'),
(1982, 100, 'Chiquimula', 'CQ', 'GT04'),
(1983, 100, 'El Progreso', 'PR', 'GT05'),
(1984, 100, 'Escuintla', 'ES', 'GT06'),
(1986, 100, 'Huehuetenango', 'HU', 'GT08'),
(1987, 100, 'Izabal', 'IZ', 'GT09'),
(1988, 100, 'Jalapa', 'JA', 'GT10'),
(1989, 100, 'Jutiapa', 'JU', 'GT11'),
(1990, 100, 'Peten', 'PE', 'GT12'),
(1991, 100, 'Quetzaltenango', 'QZ', 'GT13'),
(1992, 100, 'Quiche', 'QC', 'GT14'),
(1993, 100, 'Retalhuleu', 'RE', 'GT15'),
(1994, 100, 'Sacatepequez', 'SA', 'GT16'),
(1995, 100, 'San Marcos', 'SM', 'GT17'),
(1996, 100, 'Santa Rosa', 'SR', 'GT18'),
(1997, 100, 'Solola', 'SO', 'GT19'),
(1998, 100, 'Suchitepequez', 'SU', 'GT20'),
(1999, 100, 'Totonicapan', 'TO', 'GT21'),
(2000, 100, 'Zacapa', 'ZA', 'GT22'),
(2001, 102, 'Beyla', 'BE', 'GV01'),
(2002, 102, 'Boffa', 'BF', 'GV02'),
(2003, 102, 'Boke', 'BK', 'GV03'),
(2004, 102, 'Conakry', 'CK', 'GV04'),
(2005, 102, 'Dabola', 'DB', 'GV05'),
(2006, 102, 'Dalaba', 'DL', 'GV06'),
(2007, 102, 'Dinguiraye', 'DI', 'GV07'),
(2008, 102, 'Dubreka', 'DU', 'GV31'),
(2009, 102, 'Faranah', 'FA', 'GV09'),
(2010, 102, 'Forecariah', 'FO', 'GV10'),
(2011, 102, 'Fria', 'FR', 'GV11'),
(2012, 102, 'Gaoual', 'GA', 'GV12'),
(2013, 102, 'Gueckedou', 'GU', 'GV13'),
(2014, 102, 'Kankan', 'KA', 'GV32'),
(2015, 102, 'Kerouane', 'KE', 'GV15'),
(2016, 102, 'Kindia', 'KD', 'GV16'),
(2017, 102, 'Kissidougou', 'KS', 'GV17'),
(2018, 102, 'Koundara', 'KN', 'GV18'),
(2019, 102, 'Kouroussa', 'KO', 'GV19'),
(2020, 102, 'Labe', 'LA', 'GV34'),
(2021, 102, 'Macenta', 'MC', 'GV21'),
(2023, 102, 'Mamou', 'MM', 'GV23'),
(2024, 102, 'Nzerekore', 'NZ', 'GV38'),
(2025, 102, 'Pita', 'PI', 'GV25'),
(2026, 102, 'Siguiri', 'SI', 'GV39'),
(2027, 102, 'Telimele', 'TE', 'GV27'),
(2028, 102, 'Tougue', 'TO', 'GV28'),
(2029, 102, 'Yomou', 'YO', 'GV29'),
(2030, 104, 'Barima-Waini', 'BA', 'GY10'),
(2031, 104, 'Cuyuni-Mazaruni', 'CU', 'GY11'),
(2032, 104, 'Demerara-Mahaica', 'DE', 'GY12'),
(2033, 104, 'East Berbice-Corentyne', 'EB', 'GY13'),
(2034, 104, 'Essequibo Islands-West Demerara', 'ES', 'GY14'),
(2035, 104, 'Mahaica-Berbice', 'MA', 'GY15'),
(2036, 104, 'Pomeroon-Supenaam', 'PM', 'GY16'),
(2037, 104, 'Potaro-Siparuni', 'PT', 'GY17'),
(2038, 104, 'Upper Demerara-Berbice', 'UD', 'GY18'),
(2039, 104, 'Upper Takutu-Upper Essequibo', 'UT', 'GY19'),
(2040, 105, 'Nord-Ouest', 'NO', 'HA03'),
(2041, 105, 'Artibonite', 'AR', 'HA06'),
(2042, 105, 'Centre', 'CE', 'HA07'),
(2043, 105, 'Grand''Anse', 'GA', 'HA08'),
(2044, 105, 'Nord', 'ND', 'HA09'),
(2045, 105, 'Nord-Est', 'NE', 'HA10'),
(2046, 105, 'Ouest', 'OU', 'HA11'),
(2047, 105, 'Sud', 'SD', 'HA12'),
(2048, 105, 'Sud-Est', 'SE', 'HA13'),
(2049, 108, 'Atlantida', 'AT', 'HO01'),
(2050, 108, 'Choluteca', 'CH', 'HO02'),
(2051, 108, 'Colon', 'CL', 'HO03'),
(2052, 108, 'Comayagua', 'CM', 'HO04'),
(2053, 108, 'Copan', 'CP', 'HO05'),
(2054, 108, 'Cortes', 'CR', 'HO06'),
(2055, 108, 'El Paraiso', 'EP', 'HO07'),
(2056, 108, 'Francisco Morazan', 'FM', 'HO08'),
(2057, 108, 'Gracias a Dios', 'GD', 'HO09'),
(2058, 108, 'Intibuca', 'IN', 'HO10'),
(2059, 108, 'Islas de la Bahia', 'IB', 'HO11'),
(2060, 108, 'La Paz', 'LP', 'HO12'),
(2061, 108, 'Lempira', 'LE', 'HO13'),
(2062, 108, 'Ocotepeque', 'OC', 'HO14'),
(2063, 108, 'Olancho', 'OL', 'HO15'),
(2064, 108, 'Santa Barbara', 'SB', 'HO16'),
(2065, 108, 'Valle', 'VA', 'HO17'),
(2066, 108, 'Yoro', 'YO', 'HO18'),
(2067, 111, 'Bacs-Kiskun', 'BK', 'HU01'),
(2068, 111, 'Baranya', 'BA', 'HU02'),
(2069, 111, 'Bekes', 'BE', 'HU03'),
(2070, 111, 'Borsod-Abauj-Zemplen', 'BZ', 'HU04'),
(2071, 111, 'Budapest', 'BU', 'HU05'),
(2072, 111, 'Csongrad', 'CS', 'HU06'),
(2073, 111, 'Debrecen', 'DE', 'HU07'),
(2074, 111, 'Fejer', 'FE', 'HU08'),
(2075, 111, 'Gyor-Moson-Sopron', 'GS', 'HU09'),
(2076, 111, 'Hajdu-Bihar', 'HB', 'HU10'),
(2077, 111, 'Heves', 'HE', 'HU11'),
(2078, 111, 'Komarom-Esztergom', 'KE', 'HU12'),
(2079, 111, 'Miskolc', 'MI', 'HU13'),
(2080, 111, 'Nograd', 'NO', 'HU14'),
(2081, 111, 'Pees', 'PS', 'HU15'),
(2082, 111, 'Pest', 'PE', 'HU16'),
(2083, 111, 'Somogy', 'SO', 'HU17'),
(2084, 111, 'Szabolcs-Szatmar-Bereg', 'SZ', 'HU18'),
(2085, 111, 'Szeged', 'SD', 'HU19'),
(2086, 111, 'Jasz-Nagykun-Szolnok', 'JN', 'HU20'),
(2087, 111, 'Tolna', 'TO', 'HU21'),
(2088, 111, 'Vas', 'VA', 'HU22'),
(2089, 111, 'Veszprem', 'VM', 'HU39'),
(2090, 111, 'Zala', 'ZA', 'HU24'),
(2091, 111, 'Gyor', 'GY', 'HU25'),
(2092, 111, 'Bekescsaba', 'BC', 'HU26'),
(2093, 111, 'Dunaujvaros', 'DU', 'HU27'),
(2094, 111, 'Eger', 'EG', 'HU28'),
(2095, 111, 'Hodmezovasarhely', 'HV', 'HU29'),
(2096, 111, 'Kaposvar', 'KV', 'HU30'),
(2097, 111, 'Kecskemet', 'KM', 'HU31'),
(2098, 111, 'Nagykanizsa', 'NK', 'HU32'),
(2099, 111, 'Nyiregyhaza', 'NY', 'HU33'),
(2100, 111, 'Sopron', 'SN', 'HU34'),
(2101, 111, 'Szekesfehervar', 'SF', 'HU35'),
(2102, 111, 'Szolnok', 'SK', 'HU36'),
(2103, 111, 'Szombathely', 'SH', 'HU37'),
(2104, 111, 'Tatabanya', 'TB', 'HU38'),
(2105, 111, 'Zalaegerszeg', 'ZE', 'HU40'),
(2106, 112, 'Akranes', 'AK', 'IC01'),
(2107, 112, 'Akureyri', 'AU', 'IC02'),
(2108, 112, 'Arnessysla', 'AR', 'IC03'),
(2109, 112, 'Austur-Bardastrandarsysla', 'AB', 'IC04'),
(2110, 112, 'Austur-Hunavatnssysla', 'AH', 'IC05'),
(2111, 112, 'Austur-Skaftafellssysla', 'AS', 'IC06'),
(2112, 112, 'Borgarfjardarsysla', 'BF', 'IC07'),
(2113, 112, 'Dalasysla', 'DS', 'IC08'),
(2114, 112, 'Eyjafjardarsysla', 'EY', 'IC09'),
(2115, 112, 'Gullbringusysla', 'GU', 'IC10'),
(2116, 112, 'Hafnarfjordur', 'HA', 'IC11'),
(2117, 112, 'Husavik', 'HU', 'IC12'),
(2118, 112, 'Isafjordur', 'IA', 'IC13'),
(2119, 112, 'Keflavik', 'KE', 'IC14'),
(2120, 112, 'Kjosarsysla', 'KJ', 'IC15'),
(2121, 112, 'Kopavogur', 'KO', 'IC16'),
(2122, 112, 'Myrasysla', 'MY', 'IC17'),
(2123, 112, 'Neskaupstadur', 'NE', 'IC18'),
(2124, 112, 'Nordur-Isafjardarsysla', 'NI', 'IC19'),
(2125, 112, 'Nordur-Mulasysla', 'NM', 'IC20'),
(2126, 112, 'Nordur-Tingeyjarsysla', 'NT', 'IC21'),
(2127, 112, 'Olafsfjordur', 'OL', 'IC22'),
(2128, 112, 'Rang?rvallasysla', 'RA', 'IC23'),
(2129, 112, 'Reykjavik', 'RE', 'IC24'),
(2130, 112, 'Saudarkrokur', 'SA', 'IC25'),
(2131, 112, 'Seydisfjordur', 'SE', 'IC26'),
(2132, 112, 'Siglufjordur', 'SI', 'IC27'),
(2133, 112, 'Skagafjardarsysla', 'SG', 'IC28'),
(2134, 112, 'Snafellsnes-og Hnappadalssysla', 'SH', 'IC29'),
(2135, 112, 'Strandasysla', 'SD', 'IC30'),
(2136, 112, 'Sudur-Mulasysla', 'SM', 'IC31'),
(2137, 112, 'Sudur-Tingeyjarsysla', 'ST', 'IC32'),
(2138, 112, 'Vestmannaeyjar', 'VE', 'IC33'),
(2139, 112, 'Vestur-Bardastrandarsysla', 'VB', 'IC34'),
(2140, 112, 'Vestur-Hunavatnssysla', 'VH', 'IC35'),
(2141, 112, 'Vestur-Isafjardarsysla', 'VI', 'IC36'),
(2142, 112, 'Vestur-Skaftafellssysla', 'VS', 'IC37'),
(2143, 114, 'Aceh (Atjeh)', 'AC', 'ID01'),
(2144, 114, 'Bengkulu', 'BE', 'ID03'),
(2145, 114, 'Jakarta Raya (Djakarta Raya)', 'JK', 'ID04'),
(2146, 114, 'Jambi (Djambi)', 'JA', 'ID05'),
(2147, 114, 'Jawa Barat (Djawa Barat)', 'JR', 'ID30'),
(2148, 114, 'Jawa Tengah (Djawa Tengah)', 'JT', 'ID07'),
(2149, 114, 'Jawa Timur (Djawa Timur)', 'JI', 'ID08'),
(2150, 114, 'Yogyakarta (Jogjakarta)', 'YO', 'ID10'),
(2151, 114, 'Kalimantan Barat', 'KB', 'ID11'),
(2152, 114, 'Kalimantan Selatan', 'KS', 'ID12'),
(2153, 114, 'Kalimantan Tengah', 'KT', 'ID13'),
(2154, 114, 'Kalimantan Timur', 'KI', 'ID14'),
(2155, 114, 'Lampung', 'LA', 'ID15'),
(2156, 114, 'Maluku', 'MA', 'ID28'),
(2157, 114, 'Nusa Tenggara Barat', 'NB', 'ID17'),
(2158, 114, 'Nusa Tenggara Timur', 'NT', 'ID18'),
(2159, 114, 'Riau', 'RI', 'ID19'),
(2160, 114, 'Sulawesi Selatan', 'SN', 'ID20'),
(2161, 114, 'Sulawesi Tengah', 'ST', 'ID21'),
(2162, 114, 'Sulawesi Tenggara', 'SG', 'ID22'),
(2163, 114, 'Sulawesi Utara', 'SW', 'ID31'),
(2164, 114, 'Sumatera Barat', 'SB', 'ID24'),
(2165, 114, 'Sumatera Selatan', 'SL', 'ID32'),
(2166, 114, 'Sumatera Utara', 'SU', 'ID26'),
(2168, 113, 'Andaman and Nicobar Islands', 'AN', 'IN01'),
(2169, 113, 'Andhra Pradesh', 'AP', 'IN02'),
(2170, 113, 'Assam', 'AS', 'IN03'),
(2171, 113, 'Bihar', 'BR', 'IN34'),
(2172, 113, 'Chandigarh', 'CH', 'IN05'),
(2173, 113, 'Dadra and Nagar Haveli', 'DN', 'IN06'),
(2174, 113, 'Delhi', 'DL', 'IN07'),
(2175, 113, 'Gujarat', 'GJ', 'IN09'),
(2176, 113, 'Haryana', 'HR', 'IN10'),
(2177, 113, 'Himachal Pradesh', 'HP', 'IN11'),
(2178, 113, 'Jammu and Kashmir', 'JK', 'IN12'),
(2179, 113, 'Kerala', 'KL', 'IN13'),
(2180, 113, 'Lakshadweep', 'LD', 'IN14'),
(2181, 113, 'Madhya Pradesh', 'MP', 'IN35'),
(2182, 113, 'Maharashtra', 'MH', 'IN16'),
(2183, 113, 'Manipur', 'MM', 'IN17'),
(2184, 113, 'Meghalaya', 'ML', 'IN18'),
(2185, 113, 'Karnataka', 'KA', 'IN19'),
(2186, 113, 'Nagaland', 'NL', 'IN20'),
(2187, 113, 'Orissa', 'OR', 'IN21'),
(2188, 113, 'Pondicherry', 'PY', 'IN22'),
(2189, 113, 'Punjab', 'PB', 'IN23'),
(2190, 113, 'Rajasthan', 'RJ', 'IN24'),
(2191, 113, 'Tamil Nadu', 'TN', 'IN25'),
(2192, 113, 'Tripura', 'TR', 'IN26'),
(2193, 113, 'Uttar Pradesh', 'UP', 'IN36'),
(2194, 113, 'West Bengal', 'WB', 'IN28'),
(2195, 113, 'Sikkim', 'SK', 'IN29'),
(2196, 113, 'Arunachal Pradesh', 'AR', 'IN30'),
(2197, 113, 'Mizoram', 'MZ', 'IN31'),
(2198, 113, 'Daman and Diu', 'DD', 'IN32'),
(2199, 113, 'Goa', 'GA', 'IN33'),
(2200, 115, 'Azarbayjan-e Gharbi', 'WA', 'IR01'),
(2202, 115, 'Chahar Ma?all va Bakhtiari', 'CM', 'IR03'),
(2203, 115, 'Sistan va Baluchestan', 'SB', 'IR04'),
(2204, 115, 'Kohgiluyeh va Buyer Ahmad', 'KB', 'IR05'),
(2206, 115, 'Fars', 'FA', 'IR07'),
(2207, 115, 'Gilan', 'GI', 'IR08'),
(2208, 115, 'Hamadan', 'HD', 'IR09'),
(2209, 115, 'Ilam', 'IL', 'IR10'),
(2210, 115, 'Hormozgan', 'HG', 'IR11'),
(2212, 115, 'Kermanshah', 'BK', 'IR13'),
(2213, 115, 'Khuzestan', 'KZ', 'IR15'),
(2214, 115, 'Kordestan', 'KD', 'IR16'),
(2215, 115, 'Mazandaran', 'MN', 'IR35'),
(2219, 115, 'Bushehr', 'BS', 'IR22'),
(2220, 115, 'Lorestan', 'LO', 'IR23'),
(2221, 115, 'Markazi', 'MK', 'IR34'),
(2222, 115, 'Semnan', 'SM', 'IR25'),
(2223, 115, 'Tehran', 'TH', 'IR26'),
(2224, 115, 'Zanjan', 'ZA', 'IR36'),
(2225, 115, 'Esfahan', 'ES', 'IR28'),
(2226, 115, 'Kerman', 'KE', 'IR29'),
(2227, 115, 'Khorasan', 'KR', 'IR30');
INSERT INTO `lm_state_tbl` (`StateId`, `CountryId`, `StateName`, `Code`, `ADM1Code`) VALUES
(2228, 115, 'Yazd', 'YA', 'IR31'),
(2229, 115, 'Ardabil', 'AR', 'IR32'),
(2230, 115, 'Azarbayjan-e Sharqi', 'EA', 'IR33'),
(2232, 118, 'HaDarom (Southern)', 'HD', 'IS01'),
(2233, 118, 'HaMerkaz (Central)', 'HM', 'IS02'),
(2234, 118, 'Ha?afon  (Northern)', 'HZ', 'IS03'),
(2235, 118, 'H?efa  (Haifa)', 'HA', 'IS04'),
(2236, 118, 'Tel Aviv', 'TA', 'IS05'),
(2237, 118, 'Yerushalayim  (Jerusalem)', 'JM', 'IS06'),
(2238, 119, 'Abruzzi', 'AB', 'IT01'),
(2239, 119, 'Basilicata', 'BA', 'IT02'),
(2240, 119, 'Calabria', 'CA', 'IT03'),
(2241, 119, 'Campania', 'CM', 'IT04'),
(2242, 119, 'Emilia-Romagna', 'EM', 'IT05'),
(2243, 119, 'Friuli-Venezia Giulia', 'FR', 'IT06'),
(2244, 119, 'Lazio', 'LA', 'IT07'),
(2245, 119, 'Liguria', 'LI', 'IT08'),
(2246, 119, 'Lombardia', 'LO', 'IT09'),
(2247, 119, 'Marche', 'MA', 'IT10'),
(2248, 119, 'Molise', 'MO', 'IT11'),
(2249, 119, 'Piemonte', 'PI', 'IT12'),
(2250, 119, 'Puglia', 'PU', 'IT13'),
(2251, 119, 'Sardegna', 'SA', 'IT14'),
(2252, 119, 'Sicilia', 'SI', 'IT15'),
(2253, 119, 'Toscana', 'TO', 'IT16'),
(2254, 119, 'Trentino-Alto Adige', 'TR', 'IT17'),
(2255, 119, 'Umbria', 'UM', 'IT18'),
(2256, 119, 'Valle d''Aosta', 'VA', 'IT19'),
(2257, 119, 'Veneto', 'VE', 'IT20'),
(2259, 60, 'Dabakala', 'DB', 'IV03'),
(2260, 60, 'Aboisso', 'AO', 'IV62'),
(2261, 60, 'Adzope', 'AZ', 'IV05'),
(2262, 60, 'Agboville', 'AV', 'IV06'),
(2263, 60, 'Biankouma', 'BI', 'IV07'),
(2264, 60, 'Bouna', 'BO', 'IV11'),
(2265, 60, 'Boundiali', 'BL', 'IV12'),
(2266, 60, 'Danane', 'DN', 'IV14'),
(2267, 60, 'Divo', 'DV', 'IV16'),
(2268, 60, 'Ferkessedougou', 'FE', 'IV17'),
(2269, 60, 'Gagnoa', 'GA', 'IV18'),
(2270, 60, 'Katiola', 'KA', 'IV20'),
(2271, 60, 'Korhogo', 'KO', 'IV21'),
(2272, 60, 'Odienne', 'OD', 'IV23'),
(2273, 60, 'Seguela', 'SE', 'IV25'),
(2274, 60, 'Touba', 'TO', 'IV26'),
(2275, 60, 'Bongouanou', 'BG', 'IV27'),
(2276, 60, 'Issia', 'IS', 'IV28'),
(2277, 60, 'Lakota', 'LA', 'IV29'),
(2278, 60, 'Mankono', 'MK', 'IV30'),
(2279, 60, 'Oume', 'OU', 'IV31'),
(2280, 60, 'Soubre', 'SO', 'IV32'),
(2281, 60, 'Tingrela', 'TG', 'IV33'),
(2282, 60, 'Zuenoula', 'ZU', 'IV34'),
(2283, 60, 'Abidjan', 'AB', 'IV61'),
(2284, 60, 'Bangolo', 'BA', 'IV36'),
(2285, 60, 'Beoumi', 'BE', 'IV37'),
(2286, 60, 'Bondoukou', 'BD', 'IV38'),
(2287, 60, 'Bouafle', 'BF', 'IV39'),
(2288, 60, 'Bouake', 'BK', 'IV40'),
(2289, 60, 'Daloa', 'DL', 'IV41'),
(2290, 60, 'Daoukro', 'DO', 'IV42'),
(2291, 60, 'Dimbokro', 'DI', 'IV67'),
(2292, 60, 'Duekoue', 'DU', 'IV44'),
(2293, 60, 'Grand-Lahou', 'GL', 'IV45'),
(2294, 60, 'Guiglo', 'GU', 'IV69'),
(2295, 60, 'Man', 'MA', 'IV47'),
(2296, 60, 'Mbahiakro', 'MB', 'IV48'),
(2297, 60, 'Sakassou', 'SK', 'IV49'),
(2298, 60, 'San Pedro', 'SP', 'IV50'),
(2299, 60, 'Sassandra', 'SA', 'IV51'),
(2300, 60, 'Sinfra', 'SI', 'IV52'),
(2301, 60, 'Tabou', 'TA', 'IV53'),
(2302, 60, 'Tanda', 'TD', 'IV54'),
(2303, 60, 'Tiassale', 'TI', 'IV55'),
(2304, 60, 'Toumodi', 'TM', 'IV56'),
(2305, 60, 'Vavoua', 'VA', 'IV57'),
(2306, 60, 'Yamoussoukro', 'YA', 'IV73'),
(2307, 60, 'Agnilbilekrou', 'AG', 'IV60'),
(2308, 116, 'Al Anbar', 'AN', 'IZ01'),
(2309, 116, 'Al Basrah', 'BA', 'IZ02'),
(2310, 116, 'Al Muthann?', 'MU', 'IZ03'),
(2311, 116, 'Al Qadisiyah', 'QA', 'IZ04'),
(2312, 116, 'As Sulaymaniyah', 'SU', 'IZ05'),
(2313, 116, 'Babil', 'BB', 'IZ06'),
(2314, 116, 'Baghdad', 'BG', 'IZ07'),
(2315, 116, 'Dahuk', 'DA', 'IZ08'),
(2316, 116, 'Dhi Qar', 'DQ', 'IZ09'),
(2317, 116, 'Diyala', 'DI', 'IZ10'),
(2318, 116, 'Arbil', 'AR', 'IZ11'),
(2319, 116, 'Karbala''', 'KA', 'IZ12'),
(2320, 116, 'At Ta''mim', 'TS', 'IZ13'),
(2321, 116, 'Maysan', 'MA', 'IZ14'),
(2322, 116, 'Ninawa', 'NI', 'IZ15'),
(2323, 116, 'Wasit', 'WA', 'IZ16'),
(2324, 116, 'An Najaf', 'NA', 'IZ17'),
(2325, 116, 'S?alah ad Din', 'SD', 'IZ18'),
(2326, 122, 'Aichi', 'AI', 'JA01'),
(2327, 122, 'Akita', 'AK', 'JA02'),
(2328, 122, 'Aomori', 'AM', 'JA03'),
(2329, 122, 'Chiba', 'CH', 'JA04'),
(2330, 122, 'Ehime', 'EH', 'JA05'),
(2331, 122, 'Fukui', 'FU', 'JA06'),
(2332, 122, 'Fukuoka', 'FK', 'JA07'),
(2333, 122, 'Fukushima', 'FS', 'JA08'),
(2334, 122, 'Gifu', 'GI', 'JA09'),
(2335, 122, 'Gumma', 'GU', 'JA10'),
(2336, 122, 'Hiroshima', 'HI', 'JA11'),
(2337, 122, 'Hokkaido', 'HO', 'JA12'),
(2338, 122, 'Hyogo', 'HY', 'JA13'),
(2339, 122, 'Ibaraki', 'IB', 'JA14'),
(2340, 122, 'Ishikawa', 'IS', 'JA15'),
(2341, 122, 'Iwate', 'IW', 'JA16'),
(2342, 122, 'Kagawa', 'KA', 'JA17'),
(2343, 122, 'Kagoshima', 'KG', 'JA18'),
(2344, 122, 'Kanagawa', 'KN', 'JA19'),
(2345, 122, 'Kochi', 'KO', 'JA20'),
(2346, 122, 'Kumamoto', 'KU', 'JA21'),
(2347, 122, 'Kyoto', 'KY', 'JA22'),
(2348, 122, 'Mie', 'MI', 'JA23'),
(2349, 122, 'Miyagi', 'MY', 'JA24'),
(2350, 122, 'Miyazaki', 'MZ', 'JA25'),
(2351, 122, 'Nagano', 'NA', 'JA26'),
(2352, 122, 'Nagasaki', 'NG', 'JA27'),
(2353, 122, 'Nara', 'NR', 'JA28'),
(2354, 122, 'Niigata', 'NI', 'JA29'),
(2355, 122, 'Oita', 'OI', 'JA30'),
(2356, 122, 'Okayama', 'OK', 'JA31'),
(2357, 122, 'Osaka', 'OS', 'JA32'),
(2358, 122, 'Saga', 'SA', 'JA33'),
(2359, 122, 'Saitama', 'SI', 'JA34'),
(2360, 122, 'Shiga', 'SH', 'JA35'),
(2361, 122, 'Shimane', 'SM', 'JA36'),
(2362, 122, 'Shizuoka', 'SZ', 'JA37'),
(2363, 122, 'Tochigi', 'TO', 'JA38'),
(2364, 122, 'Tokushima', 'TK', 'JA39'),
(2365, 122, 'Tokyo', 'TY', 'JA40'),
(2366, 122, 'Tottori', 'TT', 'JA41'),
(2367, 122, 'Toyama', 'TA', 'JA42'),
(2368, 122, 'Wakayama', 'WA', 'JA43'),
(2369, 122, 'Yamagata', 'YA', 'JA44'),
(2370, 122, 'Yamaguchi', 'YM', 'JA45'),
(2371, 122, 'Yamanashi', 'YN', 'JA46'),
(2372, 122, 'Okinawa', 'ON', 'JA47'),
(2373, 120, 'Clarendon', 'CL', 'JM01'),
(2374, 120, 'Hanover', 'HA', 'JM02'),
(2375, 120, 'Manchester', 'MA', 'JM04'),
(2376, 120, 'Portland', 'PO', 'JM07'),
(2377, 120, 'Saint Andrew', 'SD', 'JM08'),
(2378, 120, 'Saint Ann', 'SN', 'JM09'),
(2379, 120, 'Saint Catherine', 'SC', 'JM10'),
(2380, 120, 'Saint Elizabeth', 'SE', 'JM11'),
(2381, 120, 'Saint James', 'SJ', 'JM12'),
(2382, 120, 'Saint Mary', 'SM', 'JM13'),
(2383, 120, 'Saint Thomas', 'ST', 'JM14'),
(2384, 120, 'Trelawny', 'TR', 'JM15'),
(2385, 120, 'Westmoreland', 'WE', 'JM16'),
(2386, 120, 'Kingston', 'KI', 'JM17'),
(2387, 126, 'Al Balqa''', 'BA', 'JO02'),
(2388, 126, 'Ma''an', 'MN', 'JO19'),
(2389, 126, 'Al Karak', 'KA', 'JO09'),
(2390, 126, 'Al Mafraq', 'MA', 'JO15'),
(2391, 126, '''Amman', 'AM', 'JO16'),
(2392, 126, 'At Tafilah', 'AT', 'JO12'),
(2393, 126, 'Az Zaraq', 'AZ', 'JO17'),
(2394, 126, 'Irbid', 'IR', 'JO18'),
(2395, 129, 'Central', 'CE', 'KE01'),
(2396, 129, 'Coast', 'CO', 'KE02'),
(2397, 129, 'Eastern', 'EA', 'KE03'),
(2398, 129, 'Nairobi Area', 'NA', 'KE05'),
(2399, 129, 'NorthEastern', 'NE', 'KE06'),
(2400, 129, 'Nyanza', 'NY', 'KE07'),
(2401, 129, 'Rift Valley', 'RV', 'KE08'),
(2402, 129, 'Western', 'WE', 'KE09'),
(2403, 135, 'Bishkek', 'BI', 'KG01'),
(2404, 135, 'Chuy', 'CH', 'KG02'),
(2405, 135, 'Jalal-Abad', 'DA', 'KG03'),
(2406, 135, 'Naryn', 'NA', 'KG04'),
(2407, 135, 'Osh', 'OS', 'KG08'),
(2408, 135, 'Talas', 'TL', 'KG06'),
(2409, 135, 'Ysyk-Kol', 'YK', 'KG07'),
(2410, 132, 'Chagang-do', 'CH', 'KN01'),
(2411, 132, 'Hamgyong-namdo', 'HN', 'KN03'),
(2412, 132, 'Hwanghae-namdo', 'WN', 'KN06'),
(2413, 132, 'Hwanghae-bukto', 'WB', 'KN07'),
(2414, 132, 'Kaesong-si', 'KS', 'KN08'),
(2415, 132, 'Kangwon-do', 'KW', 'KN09'),
(2416, 132, 'P''yongan-namdo', 'PN', 'KN15'),
(2417, 132, 'P''yongyang-si', 'PY', 'KN12'),
(2418, 132, 'Yanggang-do', 'YG', 'KN13'),
(2419, 132, 'Namp''o-si', 'NP', 'KN14'),
(2420, 132, 'Hamgyong-bukto', 'HG', 'KN17'),
(2421, 131, 'Gilbert Islands', 'GI', 'KR01'),
(2422, 131, 'Line Islands', 'LI', 'KR02'),
(2423, 131, 'Phoenix Islands', 'PI', 'KR03'),
(2424, 133, 'Cheju-do', 'CJ', 'KS01'),
(2425, 133, 'Cholla-bukto', 'CB', 'KS03'),
(2426, 133, 'Ch''ungch''ong-bukto', 'GB', 'KS05'),
(2427, 133, 'Kangwon-do', 'KW', 'KS06'),
(2428, 133, 'Kyongsang-namdo', 'KN', 'KS20'),
(2429, 133, 'Pusan-gwangyoksi', 'PU', 'KS10'),
(2430, 133, 'Soul-t''ukpyolsi', 'SO', 'KS11'),
(2431, 133, 'Inch''on-gwangyoksi', 'IN', 'KS12'),
(2432, 133, 'Kyonggi-do', 'KG', 'KS13'),
(2433, 133, 'Kyongsang-bukto', 'KB', 'KS14'),
(2434, 133, 'Taegu-gwangyoksi', 'TG', 'KS15'),
(2435, 133, 'Cholla-namdo', 'CN', 'KS16'),
(2436, 133, 'Ch''ungch''ong-namdo', 'GN', 'KS17'),
(2437, 133, 'Kwangju-gwangyoksi', 'KJ', 'KS18'),
(2438, 133, 'Taejon-gwangyoksi', 'TJ', 'KS19'),
(2439, 134, 'Al Kuwayt', 'KU', 'KU02'),
(2441, 134, 'Hawalli', 'HA', 'KU03'),
(2442, 134, 'Al Ahmadi', 'AH', 'KU04'),
(2443, 134, 'Al Jahra''', 'JA', 'KU05'),
(2444, 134, 'Al Farwaniyah', 'FA', 'KU06'),
(2445, 128, 'Almaty', 'AC', 'KZ02'),
(2446, 128, 'Aqmola', 'AM', 'KZ03'),
(2447, 128, 'Aqtobe', 'AT', 'KZ04'),
(2448, 128, 'Astana', 'AS', 'KZ05'),
(2449, 128, 'Atyrau', 'AR', 'KZ06'),
(2450, 128, 'Batys Qazaqstan', 'BQ', 'KZ07'),
(2451, 128, 'Bayqongyr', 'BY', 'KZ08'),
(2452, 128, 'Mangghystau', 'MG', 'KZ09'),
(2453, 128, 'Ongtustik Qazaqstan', 'OQ', 'KZ10'),
(2454, 128, 'Pavlodar', 'PA', 'KZ11'),
(2455, 128, 'Qaraghandy', 'QG', 'KZ12'),
(2456, 128, 'Qostanay', 'QS', 'KZ13'),
(2457, 128, 'Qyzylorda', 'QO', 'KZ14'),
(2458, 128, 'Shyghys Qazaqstan', 'SQ', 'KZ15'),
(2459, 128, 'Soltustik Qazaqstan', 'SA', 'KZ16'),
(2460, 128, 'Zhambyl', 'ZM', 'KZ17'),
(2464, 136, 'Attapu', 'AT', 'LA01'),
(2465, 136, 'Champasak', 'CH', 'LA02'),
(2466, 136, 'Houaphan', 'HO', 'LA03'),
(2467, 136, 'Oudomxai', 'OU', 'LA07'),
(2468, 136, 'Xiagnabouli', 'XA', 'LA13'),
(2469, 136, 'Xiangkhoang', 'XI', 'LA14'),
(2470, 136, 'Khammouan', 'KH', 'LA15'),
(2471, 136, 'Louangnamtha', 'LM', 'LA16'),
(2472, 136, 'Louangphabang', 'LP', 'LA17'),
(2473, 136, 'Phongsali', 'PH', 'LA18'),
(2474, 136, 'Salavan', 'SL', 'LA19'),
(2475, 136, 'Savannakhet', 'SV', 'LA20'),
(2476, 136, 'Bokeo', 'BK', 'LA22'),
(2477, 136, 'Bolikhamxai', 'BL', 'LA23'),
(2478, 136, 'Viangchan', 'VI', 'LA27'),
(2479, 136, 'Xaisomboun', 'XS', 'LA25'),
(2480, 136, 'Xekong', 'XE', 'LA26'),
(2481, 138, 'Beqaa', 'BI', 'LE01'),
(2482, 138, 'Liban-Sud', 'JA', 'LE06'),
(2483, 138, 'Liban-Nord', 'AS', 'LE03'),
(2484, 138, 'Beyrouth', 'BA', 'LE04'),
(2485, 138, 'Mont-Liban', 'JL', 'LE05'),
(2486, 137, 'Aizjrayjkes Rajons', 'AI', 'LG01'),
(2487, 137, 'Aluksnes Rajons', 'AL', 'LG02'),
(2488, 137, 'Balvu Rajons', 'BL', 'LG03'),
(2489, 137, 'Bauskas Rajons', 'BU', 'LG04'),
(2490, 137, 'Cesu Rajons', 'CE', 'LG05'),
(2491, 137, 'Daugavpils', 'DA', 'LG06'),
(2492, 137, 'Daugavpils Rajons', 'DU', 'LG07'),
(2493, 137, 'Dobeles Rajons', 'DO', 'LG08'),
(2494, 137, 'Gulbenes Rajons', 'GU', 'LG09'),
(2495, 137, 'Jekabpils Rajons', 'JK', 'LG10'),
(2496, 137, 'Jelgava', 'JE', 'LG11'),
(2497, 137, 'Jelgavas Rajons', 'JL', 'LG12'),
(2498, 137, 'Jurmala', 'JU', 'LG13'),
(2499, 137, 'Kraslavas Rajons', 'KR', 'LG14'),
(2500, 137, 'Kuldigas Rajons', 'KU', 'LG15'),
(2501, 137, 'Liepaja', 'LI', 'LG16'),
(2502, 137, 'Liepajas Rajons', 'LE', 'LG17'),
(2503, 137, 'Limbazu Rajons', 'LM', 'LG18'),
(2504, 137, 'Ludzas Rajons', 'LU', 'LG19'),
(2505, 137, 'Madonas Rajons', 'MA', 'LG20'),
(2506, 137, 'Ogres Rajons', 'OG', 'LG21'),
(2507, 137, 'Preiju Rajons', 'PR', 'LG22'),
(2508, 137, 'Rezekne', 'RE', 'LG23'),
(2509, 137, 'Rezeknes Rajons', 'RA', 'LG24'),
(2510, 137, 'Riga', 'RI', 'LG25'),
(2511, 137, 'Rigas Rajons', 'RG', 'LG26'),
(2512, 137, 'Saldus Rajons', 'SA', 'LG27'),
(2513, 137, 'Talsu Rajons', 'TA', 'LG28'),
(2514, 137, 'Tukuma Rajons', 'TU', 'LG29'),
(2515, 137, 'Valkas Rajons', 'VK', 'LG30'),
(2516, 137, 'Valmieras Rajons', 'VM', 'LG31'),
(2517, 137, 'Ventspils', 'VE', 'LG32'),
(2518, 137, 'Ventspils Rajons', 'VN', 'LG33'),
(2521, 143, 'Alytaus Apskritis', 'AL', 'LH56'),
(2531, 143, 'Kauno Apskritis', 'KU', 'LH57'),
(2535, 143, 'Klaipedos Apskritis', 'KL', 'LH58'),
(2540, 143, 'Marijampoles Apskritis', 'MR', 'LH59'),
(2548, 143, 'Panevezio Apskritis', 'PN', 'LH60'),
(2557, 143, 'Siauliu Apskritis', 'SA', 'LH61'),
(2564, 143, 'Taurages Apskritis', 'TA', 'LH62'),
(2565, 143, 'Telsiu Apskritis', 'TE', 'LH63'),
(2568, 143, 'Utenos Apskritis', 'UT', 'LH64'),
(2572, 143, 'Vilniaus Apskritis', 'VL', 'LH65'),
(2574, 140, 'Bong', 'BG', 'LI01'),
(2575, 140, 'Grand Gedeh', 'GG', 'LI02'),
(2576, 140, 'Lofa', 'LO', 'LI05'),
(2578, 140, 'Nimba', 'NI', 'LI09'),
(2579, 140, 'Sinoe', 'SI', 'LI10'),
(2580, 140, 'Grand Bassa', 'GB', 'LI11'),
(2581, 140, 'Grand Cape Mount', 'CM', 'LI12'),
(2582, 140, 'Maryland', 'MY', 'LI13'),
(2583, 140, 'Montserrado', 'MO', 'LI14'),
(2584, 140, 'Bomi', 'BM', 'LI15'),
(2585, 140, 'Grand Kru', 'GK', 'LI16'),
(2586, 140, 'Margibi', 'MG', 'LI17'),
(2587, 140, 'River Cess', 'RI', 'LI18'),
(2588, 220, 'Banskobystricky', 'BC', 'LO01'),
(2589, 220, 'Bratislavsky', 'BL', 'LO02'),
(2590, 220, 'Kosicky', 'KI', 'LO03'),
(2591, 220, 'Nitrinsky', 'NI', 'LO04'),
(2592, 220, 'Presovsky', 'PV', 'LO05'),
(2593, 220, 'Treciansky', 'TC', 'LO06'),
(2594, 220, 'Trnavsky', 'TA', 'LO07'),
(2595, 220, 'Zilinsky', 'ZI', 'LO08'),
(2596, 142, 'Balzers', 'BA', 'LS01'),
(2597, 142, 'Eschen', 'ES', 'LS02'),
(2598, 142, 'Gamprin', 'GA', 'LS03'),
(2599, 142, 'Mauren', 'MA', 'LS04'),
(2600, 142, 'Planken', 'PL', 'LS05'),
(2601, 142, 'Ruggell', 'RU', 'LS06'),
(2602, 142, 'Schaan', 'SN', 'LS07'),
(2603, 142, 'Schellenberg', 'SB', 'LS08'),
(2604, 142, 'Triesen', 'TN', 'LS09'),
(2605, 142, 'Triesenberg', 'TB', 'LS10'),
(2606, 142, 'Vaduz', 'VA', 'LS11'),
(2613, 139, 'Berea', 'BE', 'LT10'),
(2614, 139, 'Butha-Buthe', 'BB', 'LT11'),
(2615, 139, 'Leribe', 'LE', 'LT12'),
(2616, 139, 'Mafeteng', 'MF', 'LT13'),
(2617, 139, 'Maseru', 'MS', 'LT14'),
(2618, 139, 'Mohale''s Hoek', 'MH', 'LT15'),
(2619, 139, 'Mokhotlong', 'MK', 'LT16'),
(2620, 139, 'Qacha''s Hoek', 'QN', 'LT17'),
(2621, 139, 'Quthing', 'QT', 'LT18'),
(2622, 139, 'Thaba-Tseka', 'TT', 'LT19'),
(2623, 144, 'Diekirch', 'DI', 'LU01'),
(2624, 144, 'Grevenmacher', 'GR', 'LU02'),
(2627, 141, 'Al ''Aziziyah', 'AZ', 'LY03'),
(2629, 141, 'Al Jufrah', 'JU', 'LY05'),
(2631, 141, 'Al Kufrah', 'KU', 'LY08'),
(2636, 141, 'Ash Shati''', 'SH', 'LY13'),
(2646, 141, 'Murzuq', 'MU', 'LY30'),
(2650, 141, 'Sabha', 'SB', 'LY34'),
(2655, 141, 'Tarhunah', 'TH', 'LY41'),
(2656, 141, 'T?ubruq', 'TU', 'LY42'),
(2658, 141, 'Zlitan', 'ZL', 'LY45'),
(2660, 141, 'Ajdabiya', 'AJ', 'LY47'),
(2661, 141, 'Al Fatih', 'FA', 'LY48'),
(2662, 141, 'Al Jabal al Akhdar', 'JA', 'LY49'),
(2663, 141, 'Al Khums', 'KH', 'LY50'),
(2664, 141, 'An Nuqat al Khams', 'NK', 'LY51'),
(2665, 141, 'Awbari', 'AW', 'LY52'),
(2666, 141, 'Az Zawiyah', 'ZA', 'LY53'),
(2667, 141, 'Banghazi', 'BA', 'LY54'),
(2668, 141, 'Darnah', 'DA', 'LY55'),
(2669, 141, 'Ghadamis', 'GD', 'LY56'),
(2670, 141, 'Gharyan', 'GR', 'LY57'),
(2671, 141, 'Misratah', 'MI', 'LY58'),
(2672, 141, 'Sawfajjin', 'SF', 'LY59'),
(2673, 141, 'Surt', 'SU', 'LY60'),
(2674, 141, 'Tarabulus', 'TB', 'LY61'),
(2675, 141, 'Yafran', 'YA', 'LY62'),
(2676, 147, 'Antsiranana', 'AS', 'MA01'),
(2677, 147, 'Fianarantsoa', 'FI', 'MA02'),
(2678, 147, 'Mahajanga', 'MA', 'MA03'),
(2679, 147, 'Toamasina', 'TM', 'MA04'),
(2680, 147, 'Antananarivo', 'AV', 'MA05'),
(2681, 147, 'Toliara', 'TL', 'MA06'),
(2682, 145, 'Ilhas', 'IL', 'MC01'),
(2683, 145, 'Macau', 'MA', 'MC02'),
(2685, 163, 'Balti', 'BL', 'MD46'),
(2689, 163, 'Cahul', 'CG', 'MD47'),
(2696, 163, 'Chisinau', 'CE', 'MD48'),
(2702, 163, 'Stinga Nistrului', 'DU', 'MD49'),
(2703, 163, 'Edinet', 'ET', 'MD50'),
(2706, 163, 'Gagauzia', 'GA', 'MD51'),
(2714, 163, 'Orhei', 'OR', 'MD53'),
(2721, 163, 'Soroca', 'SR', 'MD54'),
(2727, 163, 'Ungheni', 'UN', 'MD56'),
(2729, 165, 'Arhangay', 'AR', 'MG01'),
(2730, 165, 'Bayanhongor', 'BH', 'MG02'),
(2731, 165, 'Bayan-Olgiy', 'BO', 'MG03'),
(2734, 165, 'Dornogovi', 'DG', 'MG07'),
(2735, 165, 'Dundgovi', 'DU', 'MG08'),
(2736, 165, 'Dzavhan', 'DZ', 'MG09'),
(2737, 165, 'Govi-Altay', 'GA', 'MG10'),
(2738, 165, 'Hentiy', 'HN', 'MG11'),
(2739, 165, 'Omnogovi', 'OG', 'MG14'),
(2740, 165, 'Ovorhangay', 'OH', 'MG15'),
(2741, 165, 'Ulaanbaatar', 'UB', 'MG20'),
(2742, 165, 'Orhon', 'ER', 'MG25'),
(2743, 167, 'Saint Anthony', 'SA', 'MH01'),
(2744, 167, 'Saint Georges', 'SG', 'MH02'),
(2745, 167, 'Saint Peter', 'SP', 'MH03'),
(2746, 148, 'Chikwawa', 'CK', 'MI02'),
(2747, 148, 'Chiradzulu', 'CR', 'MI03'),
(2748, 148, 'Chitipa', 'CT', 'MI04'),
(2749, 148, 'Thyolo', 'TH', 'MI05'),
(2750, 148, 'Dedza', 'DE', 'MI06'),
(2751, 148, 'Dowa', 'DO', 'MI07'),
(2752, 148, 'Karonga', 'KR', 'MI08'),
(2753, 148, 'Kasungu', 'KS', 'MI09'),
(2754, 148, 'Machinga (Kasupe)', 'MA', 'MI10'),
(2755, 148, 'Lilongwe', 'LI', 'MI11'),
(2756, 148, 'Mangochi (Fort Johnston)', 'MG', 'MI12'),
(2757, 148, 'Mchinji', 'MC', 'MI13'),
(2758, 148, 'Mulanje (Mlange)', 'MJ', 'MI14'),
(2759, 148, 'Mzimba', 'MZ', 'MI15'),
(2760, 148, 'Ntcheu', 'NU', 'MI16'),
(2761, 148, 'Nkhata Bay', 'NA', 'MI17'),
(2762, 148, 'Nkhotakota', 'NK', 'MI18'),
(2763, 148, 'Nsanje', 'NS', 'MI19'),
(2764, 148, 'Ntchisi (Nchisi)', 'NI', 'MI20'),
(2765, 148, 'Rumphi (Rumpil)', 'RU', 'MI21'),
(2766, 148, 'Salima', 'SA', 'MI22'),
(2767, 148, 'Zomba', 'ZO', 'MI23'),
(2768, 148, 'Blantyre', 'BL', 'MI24'),
(2769, 148, 'Mwanza', 'MN', 'MI25'),
(2770, 151, 'Bamako', 'BA', 'ML01'),
(2771, 151, 'Gao', 'GA', 'ML02'),
(2772, 151, 'Kayes', 'KY', 'ML03'),
(2773, 151, 'Mopti', 'MO', 'ML04'),
(2774, 151, 'Segou', 'SG', 'ML05'),
(2775, 151, 'Sikasso', 'SK', 'ML06'),
(2776, 151, 'Koulikoro', 'KK', 'ML07'),
(2777, 151, 'Tombouctou', 'TB', 'ML08'),
(2781, 168, 'Agadir', 'AG', 'MO01'),
(2782, 168, 'Al Hoce?ma', 'AH', 'MO02'),
(2783, 168, 'Azilal', 'AZ', 'MO03'),
(2784, 168, 'Ben Slimane', 'BS', 'MO04'),
(2785, 168, 'Beni Mellal', 'BM', 'MO05'),
(2786, 168, 'Boulemane', 'BO', 'MO06'),
(2787, 168, 'Casablanca', 'CA', 'MO07'),
(2788, 168, 'Chaouen', 'CH', 'MO08'),
(2789, 168, 'El Jadida', 'EJ', 'MO09'),
(2790, 168, 'El Kelaa des Sraghna', 'EK', 'MO10'),
(2791, 168, 'Er Rachidia', 'ER', 'MO11'),
(2792, 168, 'Essaouira', 'ES', 'MO12'),
(2793, 168, 'Fes', 'FE', 'MO13'),
(2794, 168, 'Figuig', 'FI', 'MO14'),
(2795, 168, 'Kenitra', 'KE', 'MO15'),
(2796, 168, 'Khemisset', 'KH', 'MO16'),
(2797, 168, 'Khenifra', 'KN', 'MO17'),
(2798, 168, 'Khouribga', 'KO', 'MO18'),
(2799, 168, 'Marrakech', 'MR', 'MO19'),
(2800, 168, 'Meknes', 'ME', 'MO20'),
(2801, 168, 'Nador', 'NA', 'MO21'),
(2802, 168, 'Ouarzazate', 'OU', 'MO22'),
(2803, 168, 'Oujda', 'OJ', 'MO23'),
(2804, 168, 'Rabat-Sale', 'RA', 'MO24'),
(2805, 168, 'Safi', 'SA', 'MO25'),
(2806, 168, 'Settat', 'SE', 'MO26'),
(2807, 168, 'Tanger', 'TG', 'MO27'),
(2808, 168, 'Tata', 'TT', 'MO29'),
(2809, 168, 'Taza', 'TZ', 'MO30'),
(2810, 168, 'Tiznit', 'TI', 'MO32'),
(2811, 168, 'Guelmim', 'GU', 'MO42'),
(2812, 168, 'Ifrane', 'IF', 'MO34'),
(2813, 168, 'Laayoune', 'LA', 'MO35'),
(2814, 168, 'Tan-Tan', 'TN', 'MO36'),
(2815, 168, 'Taounate', 'TO', 'MO37'),
(2816, 168, 'Sidi Kacem', 'SK', 'MO38'),
(2817, 168, 'Taroudannt', 'TA', 'MO39'),
(2818, 168, 'Tetouan', 'TE', 'MO40'),
(2819, 168, 'Larache', 'LR', 'MO41'),
(2820, 168, 'Assa-Zag', 'AS', 'MO43'),
(2821, 168, 'Es Smara', 'EM', 'MO44'),
(2822, 157, 'Black River', 'BL', 'MP12'),
(2823, 157, 'Flacq', 'FL', 'MP13'),
(2824, 157, 'Grand Port', 'GP', 'MP14'),
(2825, 157, 'Moka', 'MO', 'MP15'),
(2826, 157, 'Pamplemousses', 'PA', 'MP16'),
(2827, 157, 'Plaines Wilhems', 'PW', 'MP17'),
(2828, 157, 'Port Louis', 'PL', 'MP18'),
(2829, 157, 'Rivi?re du Rempart', 'RR', 'MP19'),
(2830, 157, 'Savanne', 'SA', 'MP20'),
(2831, 157, 'Agalega Islands', 'AG', 'MP21'),
(2832, 157, 'Cargados Carajos', 'CC', 'MP22'),
(2833, 157, 'Rodrigues', 'RO', 'MP23'),
(2834, 156, 'Hodh Ech Chargui', 'HC', 'MR01'),
(2835, 156, 'Hodh El Gharbi', 'HG', 'MR02'),
(2836, 156, 'Assaba', 'AS', 'MR03'),
(2837, 156, 'Gorgol', 'GO', 'MR04'),
(2838, 156, 'Brakna', 'BR', 'MR05'),
(2839, 156, 'Trarza', 'TR', 'MR06'),
(2840, 156, 'Adrar', 'AD', 'MR07'),
(2841, 156, 'Dakhlet Nouadhibou', 'DN', 'MR08'),
(2842, 156, 'Tagant', 'TG', 'MR09'),
(2843, 156, 'Guidimaka', 'GD', 'MR10'),
(2844, 156, 'Tiris Zemmour', 'TZ', 'MR11'),
(2845, 156, 'Inchiri', 'IN', 'MR12'),
(2846, 186, 'Ad Dakhiliyah', 'DA', 'MU01'),
(2847, 186, 'Al Batinah', 'BA', 'MU02'),
(2848, 186, 'Al Wusta', 'WU', 'MU03'),
(2849, 186, 'Ash Sharqiyah', 'SH', 'MU04'),
(2850, 186, 'Az Zahirah', 'ZA', 'MU05'),
(2851, 186, 'Masqat', 'MA', 'MU06'),
(2852, 186, 'Musandam', 'MU', 'MU07'),
(2853, 186, 'Zufar', 'JA', 'MU08'),
(2854, 150, 'Seenu', 'SE', 'MV01'),
(2858, 150, 'Laamu', 'LM', 'MV05'),
(2860, 150, 'Thaa', 'TH', 'MV46'),
(2862, 150, 'Raa', 'RA', 'MV44'),
(2865, 150, 'Baa', 'BA', 'MV31'),
(2867, 150, 'Shaviyani', 'SH', 'MV45'),
(2868, 150, 'Noonu', 'NO', 'MV43'),
(2869, 150, 'Kaafu', 'KA', 'MV38'),
(2873, 150, 'Alifu', 'AA', 'MV30'),
(2874, 150, 'Dhaalu', 'DA', 'MV32'),
(2875, 150, 'Faafa', 'FA', 'MV33'),
(2876, 150, 'Gaafu Alifu', 'GA', 'MV34'),
(2877, 150, 'Gaafu Dhaalu', 'GD', 'MV35'),
(2878, 150, 'Haa Alifu', 'HA', 'MV36'),
(2879, 150, 'Haa Dhaalu', 'HD', 'MV37'),
(2880, 150, 'Lhaviyani', 'LV', 'MV39'),
(2881, 150, 'Maale', 'MA', 'MV40'),
(2882, 150, 'Meenu', 'ME', 'MV41'),
(2883, 150, 'Gnaviyani', 'NA', 'MV42'),
(2884, 150, 'Vaavu', 'WA', 'MV47'),
(2885, 159, 'Aguascalientes', 'AG', 'MX01'),
(2886, 159, 'Campeche', 'CM', 'MX04'),
(2887, 159, 'Coahuila de Zaragoza', 'CA', 'MX07'),
(2888, 159, 'Distrito Federal', 'DF', 'MX09'),
(2890, 159, 'Michoacan de Ocampo', 'MC', 'MX16'),
(2891, 159, 'Nayarit', 'NA', 'MX18'),
(2892, 159, 'Puebla', 'PU', 'MX21'),
(2893, 159, 'Queretaro de Arteaga', 'QE', 'MX22'),
(2894, 159, 'Sinaloa', 'SI', 'MX25'),
(2895, 159, 'Veracruz-Llave', 'VE', 'MX30'),
(2896, 159, 'Yucatan', 'YU', 'MX31'),
(2897, 149, 'Johor', 'JH', 'MY01'),
(2898, 149, 'Kedah', 'KH', 'MY02'),
(2899, 149, 'Kelantan', 'KN', 'MY03'),
(2900, 149, 'Melaka', 'ME', 'MY04'),
(2901, 149, 'Negeri Sembilan', 'NS', 'MY05'),
(2902, 149, 'Pahang', 'PH', 'MY06'),
(2903, 149, 'Perak', 'PK', 'MY07'),
(2904, 149, 'Perlis', 'PL', 'MY08'),
(2905, 149, 'Pulau Pinang', 'PG', 'MY09'),
(2906, 149, 'Sarawak', 'SK', 'MY11'),
(2907, 149, 'Selangor', 'SL', 'MY12'),
(2908, 149, 'Terengganu', 'TE', 'MY13'),
(2909, 149, 'Wilayah Persekutuan', 'KL', 'MY14'),
(2910, 149, 'Labuan', 'LA', 'MY15'),
(2911, 149, 'Sabah', 'SA', 'MY16'),
(2912, 169, 'Cabo Delgado', 'CD', 'MZ01'),
(2913, 169, 'Gaza', 'GA', 'MZ02'),
(2914, 169, 'Inhambane', 'IN', 'MZ03'),
(2915, 169, 'Maputo', 'MP', 'MZ04'),
(2916, 169, 'Sofala', 'SO', 'MZ05'),
(2917, 169, 'Nampula', 'NM', 'MZ06'),
(2918, 169, 'Niassa', 'NS', 'MZ07'),
(2919, 169, 'Tete', 'TE', 'MZ08'),
(2920, 169, 'Zambezia', 'ZA', 'MZ09'),
(2921, 169, 'Manica', 'MN', 'MZ10'),
(2922, 180, 'Agadez', 'AG', 'NG01'),
(2923, 180, 'Diffa', 'DF', 'NG02'),
(2924, 180, 'Dosso', 'DS', 'NG03'),
(2925, 180, 'Maradi', 'MA', 'NG04'),
(2926, 180, 'Niamey', 'NI', 'NG08'),
(2927, 180, 'Tahoua', 'TH', 'NG06'),
(2928, 180, 'Zinder', 'ZI', 'NG07'),
(2929, 180, 'Tillaberi', 'TL', 'NG09'),
(2931, 258, 'Aoba//Maewo', 'AO', 'NH06'),
(2932, 258, 'Torba', 'TR', 'NH07'),
(2938, 258, 'Sanma', 'SN', 'NH13'),
(2940, 258, 'Tafea', 'TF', 'NH15'),
(2941, 181, 'Lagos', 'LA', 'NI05'),
(2942, 181, 'Bauchi', 'BA', 'NI46'),
(2943, 181, 'Rivers', 'RI', 'NI50'),
(2944, 181, 'Abuja Capital Territory', 'FC', 'NI11'),
(2946, 181, 'Ogun', 'OG', 'NI16'),
(2947, 181, 'Ondo', 'ON', 'NI48'),
(2949, 181, 'Plateau', 'PL', 'NI49'),
(2951, 181, 'Akwa Ibom', 'AK', 'NI21'),
(2952, 181, 'Cross River', 'CR', 'NI22'),
(2953, 181, 'Kaduna', 'KD', 'NI23'),
(2955, 181, 'Anambra', 'AN', 'NI25'),
(2956, 181, 'Benue', 'BE', 'NI26'),
(2957, 181, 'Borno', 'BO', 'NI27'),
(2959, 181, 'Kano', 'KN', 'NI29'),
(2960, 181, 'Kwara', 'KW', 'NI30'),
(2962, 181, 'Oyo', 'OY', 'NI32'),
(2963, 181, 'Sokoto', 'SO', 'NI51'),
(2964, 181, 'Abia', 'AB', 'NI45'),
(2965, 181, 'Adamawa', 'AD', 'NI35'),
(2966, 181, 'Delta', 'DE', 'NI36'),
(2967, 181, 'Edo', 'ED', 'NI37'),
(2968, 181, 'Enugu', 'EN', 'NI47'),
(2969, 181, 'Jigawa', 'JI', 'NI39'),
(2970, 181, 'Kebbi', 'KE', 'NI40'),
(2971, 181, 'Kogi', 'KO', 'NI41'),
(2972, 181, 'Osun', 'OS', 'NI42'),
(2973, 181, 'Taraba', 'TA', 'NI43'),
(2974, 181, 'Yobe', 'YO', 'NI44'),
(2975, 175, 'Drenthe', 'DR', 'NL01'),
(2976, 175, 'Friesland', 'FR', 'NL02'),
(2977, 175, 'Gelderland', 'GE', 'NL03'),
(2978, 175, 'Groningen', 'GR', 'NL04'),
(2979, 175, 'Limburg', 'LI', 'NL05'),
(2980, 175, 'Noord-Brabant', 'NB', 'NL06'),
(2981, 175, 'Noord-Holland', 'NH', 'NL07'),
(2982, 175, 'Overijssel', 'OV', 'NL15'),
(2983, 175, 'Utrecht', 'UT', 'NL09'),
(2984, 175, 'Zeeland', 'ZE', 'NL10'),
(2985, 175, 'Zuid-Holland', 'ZH', 'NL11'),
(2989, 175, 'Flevoland', 'FL', 'NL16'),
(2990, 185, 'Akershus', 'AK', 'NO01'),
(2991, 185, 'Aust-Agder', 'AA', 'NO02'),
(2992, 185, 'Buskerud', 'BU', 'NO04'),
(2993, 185, 'Finnmark', 'FI', 'NO05'),
(2994, 185, 'Hedmark', 'HE', 'NO06'),
(2995, 185, 'Hordaland', 'HO', 'NO07'),
(2996, 185, 'More og Romsdal', 'MR', 'NO08'),
(2997, 185, 'Nordland', 'NL', 'NO09'),
(2998, 185, 'Nord-Trondelag', 'NR', 'NO10'),
(2999, 185, 'Oppland', 'OP', 'NO11'),
(3000, 185, 'Oslo', 'OS', 'NO12'),
(3001, 185, '?stfold', 'OF', 'NO13'),
(3002, 185, 'Rogaland', 'RO', 'NO14'),
(3003, 185, 'Sogn og Fjordane', 'SF', 'NO15'),
(3004, 185, 'Sor-Trondelag', 'ST', 'NO16'),
(3005, 185, 'Telemark', 'TE', 'NO17'),
(3006, 185, 'Troms', 'TR', 'NO18'),
(3007, 185, 'Vest-Agder', 'VA', 'NO19'),
(3008, 185, 'Vestfold', 'VF', 'NO20'),
(3009, 174, 'Bagmati', 'BA', 'NP01'),
(3010, 174, 'Bheri', 'BH', 'NP02'),
(3011, 174, 'Dhawalagiri', 'DH', 'NP03'),
(3012, 174, 'Gandaki', 'GA', 'NP04'),
(3013, 174, 'Janakpur', 'JA', 'NP05'),
(3014, 174, 'Karnali', 'KA', 'NP06'),
(3015, 174, 'Kosi', 'KO', 'NP07'),
(3016, 174, 'Lumbini', 'LU', 'NP08'),
(3017, 174, 'Mahakali', 'MA', 'NP09'),
(3018, 174, 'Mechi', 'ME', 'NP10'),
(3019, 174, 'Narayani', 'NA', 'NP11'),
(3020, 174, 'Rapti', 'RA', 'NP12'),
(3021, 174, 'Sagarmatha', 'SA', 'NP13'),
(3022, 174, 'Seti', 'SE', 'NP14'),
(3023, 172, 'Aiwo', 'AI', 'NR01'),
(3024, 172, 'Anabar', 'AB', 'NR02'),
(3025, 172, 'Anetan', 'AT', 'NR03'),
(3026, 172, 'Anibare', 'AR', 'NR04'),
(3027, 172, 'Baiti', 'BA', 'NR05'),
(3028, 172, 'Boe', 'BO', 'NR06'),
(3029, 172, 'Buada', 'BU', 'NR07'),
(3030, 172, 'Denigomodu', 'DE', 'NR08'),
(3031, 172, 'Ewa', 'EW', 'NR09'),
(3032, 172, 'Ijuw', 'IJ', 'NR10'),
(3033, 172, 'Meneng', 'ME', 'NR11'),
(3034, 172, 'Nibok', 'NI', 'NR12'),
(3035, 172, 'Uaboe', 'UA', 'NR13'),
(3036, 172, 'Yaren', 'YA', 'NR14'),
(3037, 230, 'Brokopondo', 'BR', 'NS10'),
(3038, 230, 'Commewijne', 'CM', 'NS11'),
(3039, 230, 'Coronie', 'CR', 'NS12'),
(3040, 230, 'Marowijne', 'MA', 'NS13'),
(3041, 230, 'Nickerie', 'NI', 'NS14'),
(3042, 230, 'Para', 'PR', 'NS15'),
(3043, 230, 'Paramaribo', 'PM', 'NS16'),
(3044, 230, 'Saramacca', 'SA', 'NS17'),
(3045, 230, 'Sipaliwini', 'SI', 'NS18'),
(3046, 230, 'Wanica', 'WA', 'NS19'),
(3047, 179, 'Boaco', 'BO', 'NU01'),
(3048, 179, 'Carazo', 'CA', 'NU02'),
(3049, 179, 'Chinandega', 'CI', 'NU03'),
(3050, 179, 'Chontales', 'CO', 'NU04'),
(3051, 179, 'Esteli', 'ES', 'NU05'),
(3052, 179, 'Granada', 'GR', 'NU06'),
(3053, 179, 'Jinotega', 'JI', 'NU07'),
(3054, 179, 'Leon', 'LE', 'NU08'),
(3055, 179, 'Madriz', 'MD', 'NU09'),
(3056, 179, 'Managua', 'MN', 'NU10'),
(3057, 179, 'Masaya', 'MS', 'NU11'),
(3058, 179, 'Matagalpa', 'MT', 'NU12'),
(3059, 179, 'Nueva Segovia', 'NS', 'NU13'),
(3060, 179, 'Rio San Juan', 'SJ', 'NU14'),
(3061, 179, 'Rivas', 'RI', 'NU15'),
(3063, 179, 'Atlantico Norte', 'AN', 'NU17'),
(3064, 179, 'Atlantico Sur', 'AS', 'NU18'),
(3089, 178, 'Hawke''s Bay', 'HB', 'NZ31'),
(3106, 178, 'Marlborough', 'MA', 'NZ50'),
(3126, 178, 'Southland', 'SO', 'NZ72'),
(3129, 178, 'Taranaki', 'TK', 'NZ76'),
(3137, 178, 'Waikato', 'WK', 'NZ85'),
(3170, 193, 'Alto Parana', 'AA', 'PA01'),
(3171, 193, 'Amambay', 'AM', 'PA02'),
(3172, 193, 'Caaguazu', 'CG', 'PA04'),
(3173, 193, 'Caazapa', 'CZ', 'PA05'),
(3174, 193, 'Central', 'CE', 'PA06'),
(3175, 193, 'Concepcion', 'CN', 'PA07'),
(3176, 193, 'Cordillera', 'CR', 'PA08'),
(3177, 193, 'Guaira', 'GU', 'PA10'),
(3178, 193, 'Itapua', 'IT', 'PA11'),
(3179, 193, 'Misiones', 'MI', 'PA12'),
(3180, 193, 'Neembucu', 'NE', 'PA13'),
(3181, 193, 'Paraguari', 'PG', 'PA15'),
(3182, 193, 'Presidente Hayes', 'PH', 'PA16'),
(3183, 193, 'San Pedro', 'SP', 'PA17'),
(3184, 193, 'Canindeyu', 'CY', 'PA19'),
(3185, 193, 'Asuncion', 'AS', 'PA22'),
(3186, 193, 'Alto Paraguay', 'AG', 'PA23'),
(3187, 193, 'Boqueron', 'BQ', 'PA24'),
(3188, 194, 'Amazonas', 'AM', 'PE01'),
(3189, 194, 'Ancash', 'AN', 'PE02'),
(3190, 194, 'Apurimac', 'AP', 'PE03'),
(3191, 194, 'Arequipa', 'AR', 'PE04'),
(3192, 194, 'Ayacucho', 'AY', 'PE05'),
(3193, 194, 'Cajamarca', 'CJ', 'PE06'),
(3194, 194, 'Callao', 'CL', 'PE07'),
(3195, 194, 'Cusco', 'CS', 'PE08'),
(3196, 194, 'Huancavelica', 'HV', 'PE09'),
(3197, 194, 'Huanuco', 'HC', 'PE10'),
(3198, 194, 'Ica', 'IC', 'PE11'),
(3199, 194, 'Junin', 'JU', 'PE12'),
(3200, 194, 'La Libertad', 'LL', 'PE13'),
(3201, 194, 'Lambayeque', 'LB', 'PE14'),
(3202, 194, 'Lima', 'LI', 'PE15'),
(3203, 194, 'Loreto', 'LO', 'PE16'),
(3204, 194, 'Madre de Dios', 'MD', 'PE17'),
(3205, 194, 'Moquegua', 'MQ', 'PE18'),
(3206, 194, 'Pasco', 'PA', 'PE19'),
(3207, 194, 'Piura', 'PI', 'PE20'),
(3208, 194, 'Puno', 'PU', 'PE21'),
(3209, 194, 'San Martin', 'SM', 'PE22'),
(3210, 194, 'Tacna', 'TA', 'PE23'),
(3211, 194, 'Tumbes', 'TU', 'PE24'),
(3212, 194, 'Ucayali', 'UC', 'PE25'),
(3216, 187, 'Federally Administered Tribal Areas', 'TA', 'PK01'),
(3217, 187, 'Balochistan', 'BA', 'PK02'),
(3218, 187, 'North-West Frontier', 'NW', 'PK03'),
(3219, 187, 'Punjab', 'PB', 'PK04'),
(3220, 187, 'Sindh', 'SD', 'PK05'),
(3221, 187, 'Azad Kashmir', 'JK', 'PK06'),
(3222, 187, 'Northern Areas', 'NA', 'PK07'),
(3223, 187, 'Islamabad', 'IS', 'PK08'),
(3274, 197, 'Dolnoslaskie', 'DS', 'PL72'),
(3275, 197, 'Kujawsko-Pomorskie', 'KP', 'PL73'),
(3276, 197, 'Lodzkie', 'LD', 'PL74'),
(3277, 197, 'Lubelskie', 'LU', 'PL75'),
(3278, 197, 'Lubuskie', 'LB', 'PL76'),
(3279, 197, 'Malopolskie', 'MA', 'PL77'),
(3280, 197, 'Mazowieckie', 'MZ', 'PL78'),
(3281, 197, 'Opolskie', 'OP', 'PL79'),
(3282, 197, 'Podkarpackie', 'PK', 'PL80'),
(3283, 197, 'Podlaskie', 'PD', 'PL81'),
(3284, 197, 'Pomorskie', 'PM', 'PL82'),
(3285, 197, 'Slaskie', 'SL', 'PL83'),
(3286, 197, 'Swietokrzyskie', 'SK', 'PL84'),
(3287, 197, 'Warminsko-Mazurskie', 'WN', 'PL85'),
(3288, 197, 'Wielkopolskie', 'WP', 'PL86'),
(3289, 197, 'Zachodniopomorskie', 'ZP', 'PL87'),
(3290, 190, 'Bocas del Toro', 'BC', 'PM01'),
(3291, 190, 'Chiriqui', 'CH', 'PM02'),
(3292, 190, 'Cocle', 'CC', 'PM03'),
(3293, 190, 'Colon', 'CL', 'PM04'),
(3294, 190, 'Darien', 'DR', 'PM05'),
(3295, 190, 'Herrera', 'HE', 'PM06'),
(3296, 190, 'Los Santos', 'LS', 'PM07'),
(3298, 190, 'San Blas', 'SB', 'PM09'),
(3299, 190, 'Veraguas', 'VR', 'PM10'),
(3300, 198, 'Aveiro', 'AV', 'PO02'),
(3301, 198, 'Beja', 'BE', 'PO03'),
(3302, 198, 'Braga', 'BR', 'PO04'),
(3303, 198, 'Braganca', 'BA', 'PO05'),
(3304, 198, 'Castelo Branco', 'CB', 'PO06'),
(3305, 198, 'Coimbra', 'CO', 'PO07'),
(3306, 198, 'Evora', 'EV', 'PO08'),
(3307, 198, 'Faro', 'FA', 'PO09'),
(3308, 198, 'Madeira', 'MA', 'PO10'),
(3309, 198, 'Guarda', 'GU', 'PO11'),
(3310, 198, 'Leiria', 'LE', 'PO13'),
(3311, 198, 'Lisboa', 'LI', 'PO14'),
(3312, 198, 'Portalegre', 'PA', 'PO16'),
(3313, 198, 'Porto', 'PO', 'PO17'),
(3314, 198, 'Santarem', 'SA', 'PO18'),
(3315, 198, 'Setubal', 'SE', 'PO19'),
(3316, 198, 'Viana do Castelo', 'VC', 'PO20'),
(3317, 198, 'Vila Real', 'VR', 'PO21'),
(3318, 198, 'Viseu', 'VI', 'PO22'),
(3319, 198, 'Azores', 'AC', 'PO23'),
(3320, 191, 'Central', 'CE', 'PP01'),
(3321, 191, 'Gulf', 'GU', 'PP02'),
(3322, 191, 'Milne Bay', 'MB', 'PP03'),
(3323, 191, 'Northern', 'NO', 'PP04'),
(3324, 191, 'Southern Highlands', 'SH', 'PP05'),
(3325, 191, 'Western', 'WE', 'PP06'),
(3326, 191, 'Bougainville', 'NS', 'PP07'),
(3327, 191, 'Chimbu', 'CH', 'PP08'),
(3328, 191, 'Eastern Highlands', 'EH', 'PP09'),
(3329, 191, 'East New Britain', 'EN', 'PP10'),
(3330, 191, 'East Sepik', 'ES', 'PP11'),
(3331, 191, 'Madang', 'MD', 'PP12'),
(3332, 191, 'Manus', 'MN', 'PP13'),
(3333, 191, 'Morobe', 'MR', 'PP14'),
(3334, 191, 'New Ireland', 'NI', 'PP15'),
(3335, 191, 'Western Highlands', 'WH', 'PP16'),
(3336, 191, 'West New Britain', 'WN', 'PP17'),
(3337, 191, 'Sandaun', 'SA', 'PP18'),
(3338, 191, 'Enga', 'EG', 'PP19'),
(3339, 191, 'National Capital', 'NC', 'PP20'),
(3340, 103, 'Bafata', 'BA', 'PU01'),
(3341, 103, 'Quinara', 'QU', 'PU02'),
(3342, 103, 'Oio', 'OI', 'PU04'),
(3343, 103, 'Bolama', 'BL', 'PU05'),
(3344, 103, 'Cacheu', 'CA', 'PU06'),
(3345, 103, 'Tombali', 'TO', 'PU07'),
(3346, 103, 'Gabu', 'GA', 'PU10'),
(3347, 103, 'Bissau', 'BS', 'PU11'),
(3348, 103, 'Biombo', 'BM', 'PU12'),
(3349, 200, 'Ad Dawhah', 'DA', 'QA01'),
(3350, 200, 'Al Ghuwayriyah', 'GH', 'QA02'),
(3351, 200, 'Al Jumayliyah', 'JU', 'QA03'),
(3352, 200, 'Al Khawr', 'KH', 'QA04'),
(3353, 200, 'Al Wakrah', 'WA', 'QA05'),
(3354, 200, 'Ar Rayyan', 'RA', 'QA06'),
(3355, 200, 'Jarayan al Batinah', 'JB', 'QA07'),
(3356, 200, 'Madinat ash Shamal', 'MS', 'QA08'),
(3357, 200, 'Umm Salal', 'US', 'QA09'),
(3358, 202, 'Alba', 'AB', 'RO01'),
(3359, 202, 'Arad', 'AR', 'RO02'),
(3360, 202, 'Arges', 'AG', 'RO03'),
(3361, 202, 'Bacau', 'BC', 'RO04'),
(3362, 202, 'Bihor', 'BH', 'RO05'),
(3363, 202, 'Bistrita-Nasaud', 'BN', 'RO06'),
(3364, 202, 'Botosani', 'BT', 'RO07'),
(3365, 202, 'Braila', 'BR', 'RO08'),
(3366, 202, 'Brasov', 'BV', 'RO09'),
(3367, 202, 'Bucuresti', 'BU', 'RO10'),
(3368, 202, 'Buzau', 'BZ', 'RO11'),
(3369, 202, 'Caras-Severin', 'CS', 'RO12'),
(3370, 202, 'Cluj', 'CJ', 'RO13'),
(3371, 202, 'Constanta', 'CT', 'RO14'),
(3372, 202, 'Covasna', 'CV', 'RO15'),
(3373, 202, 'Dambovita', 'DB', 'RO16'),
(3374, 202, 'Dolj', 'DJ', 'RO17'),
(3375, 202, 'Galati', 'GL', 'RO18'),
(3376, 202, 'Gorj', 'GJ', 'RO19'),
(3377, 202, 'Harghita', 'HR', 'RO20'),
(3378, 202, 'Hunedoara', 'HD', 'RO21'),
(3379, 202, 'Ialomita', 'IL', 'RO22'),
(3380, 202, 'Iasi', 'IS', 'RO23'),
(3381, 202, 'Maramures', 'MM', 'RO25'),
(3382, 202, 'Mehedinti', 'MH', 'RO26'),
(3383, 202, 'Mures', 'MS', 'RO27'),
(3384, 202, 'Neamt', 'NT', 'RO28'),
(3385, 202, 'Olt', 'OT', 'RO29'),
(3386, 202, 'Prahova', 'PH', 'RO30'),
(3387, 202, 'Salaj', 'SJ', 'RO31'),
(3388, 202, 'Satu Mare', 'SM', 'RO32'),
(3389, 202, 'Sibiu', 'SB', 'RO33'),
(3390, 202, 'Suceava', 'SV', 'RO34'),
(3391, 202, 'Teleorman', 'TR', 'RO35'),
(3392, 202, 'Timis', 'TM', 'RO36'),
(3393, 202, 'Tulcea', 'TL', 'RO37'),
(3394, 202, 'Vaslui', 'VS', 'RO38'),
(3395, 202, 'Valcea', 'VL', 'RO39'),
(3396, 202, 'Vrancea', 'VN', 'RO40'),
(3397, 202, 'Calarasi', 'CL', 'RO41'),
(3398, 202, 'Giurgiu', 'GR', 'RO42'),
(3399, 195, 'Abra', 'AB', 'RP01'),
(3400, 195, 'Agusan del Norte', 'AN', 'RP02'),
(3401, 195, 'Agusan del Sur', 'AS', 'RP03'),
(3402, 195, 'Aklan', 'AK', 'RP04'),
(3403, 195, 'Albay', 'AL', 'RP05'),
(3404, 195, 'Antique', 'AQ', 'RP06'),
(3405, 195, 'Bataan', 'BA', 'RP07'),
(3406, 195, 'Batanes', 'BN', 'RP08'),
(3407, 195, 'Batangas', 'BT', 'RP09'),
(3408, 195, 'Benguet', 'BG', 'RP10'),
(3409, 195, 'Bohol', 'BO', 'RP11'),
(3410, 195, 'Bukidnon', 'BK', 'RP12'),
(3411, 195, 'Bulacan', 'BU', 'RP13'),
(3412, 195, 'Cagayan', 'CG', 'RP14'),
(3413, 195, 'Camarines Norte', 'CN', 'RP15'),
(3414, 195, 'Camarines Sur', 'CS', 'RP16'),
(3415, 195, 'Camiguin', 'CM', 'RP17'),
(3416, 195, 'Capiz', 'CP', 'RP18'),
(3417, 195, 'Catanduanes', 'CT', 'RP19'),
(3418, 195, 'Cavite', 'CV', 'RP20'),
(3419, 195, 'Cebu', 'CB', 'RP21'),
(3420, 195, 'Basilan', 'BS', 'RP22'),
(3421, 195, 'Eastern Samar', 'ES', 'RP23'),
(3422, 195, 'Davao del Norte', 'DV', 'RP24'),
(3423, 195, 'Davao del Sur', 'DS', 'RP25'),
(3424, 195, 'Davao Oriental', 'DO', 'RP26'),
(3425, 195, 'Ifugao', 'IF', 'RP27'),
(3426, 195, 'Ilocos Norte', 'IN', 'RP28'),
(3427, 195, 'Ilocos Sur', 'IS', 'RP29'),
(3428, 195, 'Iloilo', 'II', 'RP30'),
(3429, 195, 'Isabela', 'IB', 'RP31'),
(3430, 195, 'Kalinga-Apayao', 'KA', 'RP32'),
(3431, 195, 'Laguna', 'LG', 'RP33'),
(3432, 195, 'Lanao del Norte', 'LN', 'RP34'),
(3433, 195, 'Lanao del Sur', 'LS', 'RP35'),
(3434, 195, 'La Union', 'LB', 'RP36'),
(3435, 195, 'Leyte', 'LY', 'RP37'),
(3436, 195, 'Marinduque', 'MQ', 'RP38'),
(3437, 195, 'Masbate', 'MB', 'RP39'),
(3438, 195, 'Mindoro Occidental', 'MC', 'RP40'),
(3439, 195, 'Mindoro Oriental', 'MR', 'RP41'),
(3440, 195, 'Misamis Occidental', 'MD', 'RP42'),
(3441, 195, 'Misamis Oriental', 'MN', 'RP43'),
(3442, 195, 'Mountain', 'MT', 'RP44'),
(3443, 195, 'RP45', 'RP', 'RP45'),
(3444, 195, 'Negros Oriental', 'NR', 'RP46'),
(3445, 195, 'Nueva Ecija', 'NE', 'RP47'),
(3446, 195, 'Nueva Vizcaya', 'NV', 'RP48'),
(3447, 195, 'Palawan', 'PL', 'RP49'),
(3448, 195, 'Pampanga', 'PM', 'RP50'),
(3449, 195, 'Pangasinan', 'PN', 'RP51'),
(3450, 195, 'Rizal', 'RI', 'RP53'),
(3451, 195, 'Romblon', 'RM', 'RP54'),
(3452, 195, 'Samar', 'SM', 'RP55'),
(3453, 195, 'Maguindanao', 'MG', 'RP56'),
(3454, 195, 'North Cotabato', 'NC', 'RP57'),
(3455, 195, 'Sorsogon', 'SR', 'RP58'),
(3456, 195, 'Southern Leyte', 'SL', 'RP59'),
(3457, 195, 'Sulu', 'SU', 'RP60'),
(3458, 195, 'Surigao del Norte', 'SN', 'RP61'),
(3459, 195, 'Surigao del Sur', 'SS', 'RP62'),
(3460, 195, 'Tarlac', 'TR', 'RP63'),
(3461, 195, 'Zambales', 'ZM', 'RP64'),
(3462, 195, 'Zamboanga del Norte', 'ZN', 'RP65'),
(3463, 195, 'Zamboanga del Sur', 'ZS', 'RP66'),
(3464, 195, 'Northern Samar', 'NS', 'RP67'),
(3465, 195, 'Quirino', 'QR', 'RP68'),
(3466, 195, 'Siquijor', 'SQ', 'RP69'),
(3467, 195, 'South Cotabato', 'SC', 'RP70'),
(3468, 195, 'Sultan Kudarat', 'SK', 'RP71'),
(3469, 195, 'Tawi-Tawi', 'TT', 'RP72'),
(3470, 195, 'Angeles', 'AG', 'RPA1'),
(3471, 195, 'Bacolod', 'BL', 'RPA2'),
(3472, 195, 'Bago', 'BB', 'RPA3'),
(3473, 195, 'Baguio', 'BI', 'RPA4'),
(3474, 195, 'Bais', 'BD', 'RPA5'),
(3475, 195, 'Basilan City', 'BC', 'RPA6'),
(3476, 195, 'Batangas City', 'BY', 'RPA7'),
(3477, 195, 'Butuan', 'BV', 'RPA8'),
(3478, 195, 'Cabanatuan', 'CA', 'RPA9'),
(3479, 195, 'Cadiz', 'CI', 'RPB1'),
(3480, 195, 'Cagayan de Oro', 'CD', 'RPB2'),
(3481, 195, 'Calbayog', 'CL', 'RPB3'),
(3482, 195, 'Caloocan', 'CF', 'RPB4'),
(3483, 195, 'Canlaon', 'CH', 'RPB5'),
(3484, 195, 'Cavite City', 'CE', 'RPB6'),
(3485, 195, 'Cebu City', 'CU', 'RPB7'),
(3486, 195, 'Cotabato', 'CO', 'RPB8'),
(3487, 195, 'Dagupan', 'DA', 'RPB9'),
(3488, 195, 'Danao', 'DN', 'RPC1'),
(3489, 195, 'Dapitane', 'DP', 'RPC2'),
(3490, 195, 'Davao City', 'DC', 'RPC3'),
(3491, 195, 'Dipolog', 'DI', 'RPC4'),
(3492, 195, 'Dumaguete', 'DU', 'RPC5'),
(3493, 195, 'General Santos', 'GS', 'RPC6'),
(3494, 195, 'Gingoog', 'GI', 'RPC7'),
(3495, 195, 'Iligan', 'IL', 'RPC8'),
(3496, 195, 'Iloilo City', 'IC', 'RPC9'),
(3497, 195, 'Iriga', 'IR', 'RPD1'),
(3498, 195, 'La Carlota', 'LC', 'RPD2'),
(3499, 195, 'Laoag', 'LO', 'RPD3'),
(3500, 195, 'LapuLapu', 'LA', 'RPD4'),
(3501, 195, 'Legaspi', 'LE', 'RPD5'),
(3502, 195, 'Lipa', 'LI', 'RPD6'),
(3503, 195, 'Lucena', 'LU', 'RPD7'),
(3504, 195, 'Mandaue', 'MU', 'RPD8'),
(3505, 195, 'Manila', 'MM', 'RPD9'),
(3506, 195, 'Marawi', 'MA', 'RPE1'),
(3507, 195, 'Naga', 'NA', 'RPE2'),
(3508, 195, 'Olongapo', 'OL', 'RPE3'),
(3509, 195, 'Ormoc', 'OM', 'RPE4'),
(3510, 195, 'Oroquieta', 'OR', 'RPE5'),
(3511, 195, 'Ozamis', 'OZ', 'RPE6'),
(3512, 195, 'Pagadiane', 'PG', 'RPE7'),
(3513, 195, 'Palayan', 'PY', 'RPE8'),
(3514, 195, 'Pasay', 'PA', 'RPE9'),
(3515, 195, 'Puerto Princesa', 'PP', 'RPF1'),
(3516, 195, 'Quezon City', 'QC', 'RPF2'),
(3517, 195, 'Roxas', 'RO', 'RPF3'),
(3518, 195, 'Negros Occidental San Carlos', 'SA', 'RPF4'),
(3519, 195, 'Pangasinan San Carlos', 'SO', 'RPF5'),
(3520, 195, 'San Jose', 'SJ', 'RPF6'),
(3521, 195, 'San Pablo', 'SP', 'RPF7'),
(3522, 195, 'Silay', 'SI', 'RPF8'),
(3523, 195, 'Surigao', 'SG', 'RPF9'),
(3524, 195, 'Tacloban', 'TC', 'RPG1'),
(3525, 195, 'Tagaytay', 'TG', 'RPG2'),
(3526, 195, 'Tagbilaran', 'TB', 'RPG3'),
(3527, 195, 'Tangub', 'TA', 'RPG4'),
(3528, 195, 'Toledo', 'TO', 'RPG5'),
(3529, 195, 'Trece Martires', 'TM', 'RPG6'),
(3530, 195, 'Zamboanga', 'ZA', 'RPG7'),
(3531, 195, 'Aurora', 'AU', 'RPG8'),
(3532, 195, 'Quezon', 'QZ', 'RPH2'),
(3533, 195, 'Negros Occidental', 'ND', 'RPH3'),
(3534, 203, 'Adygeya', 'AD', 'RS01'),
(3535, 203, 'Aginskiy Buryatskiy Avtonomnyy Okrug', 'AB', 'RS02'),
(3536, 203, 'Altay', 'GA', 'RS03'),
(3537, 203, 'Altayskiy Kray', 'AL', 'RS04'),
(3538, 203, 'Amurskaya Oblast''', 'AM', 'RS05'),
(3539, 203, 'Arkhangel''skaya Oblast''', 'AR', 'RS06'),
(3540, 203, 'Astrakhanskaya Oblast''', 'AS', 'RS07'),
(3541, 203, 'Bashkortostan', 'BK', 'RS08'),
(3542, 203, 'Belgorodskaya Oblast''', 'BL', 'RS09'),
(3543, 203, 'Bryanskaya Oblast''', 'BR', 'RS10'),
(3544, 203, 'Buryatiya', 'BU', 'RS11'),
(3545, 203, 'Chechnya', 'CN', 'RS12'),
(3546, 203, 'Chelyabinskaya Oblast''', 'CL', 'RS13'),
(3547, 203, 'Chitinskaya Oblast''', 'CT', 'RS14'),
(3548, 203, 'Chukotskiy Avtonomnyy Okrug', 'CK', 'RS15'),
(3549, 203, 'Chuvashiya', 'CV', 'RS16'),
(3550, 203, 'Evenkiyskiy Avtonomnyy Okrug', 'EN', 'RS18'),
(3551, 203, 'Ingushetiya', 'IN', 'RS19'),
(3552, 203, 'Irkutskaya Oblast''', 'IR', 'RS20'),
(3553, 203, 'Ivanovskaya Oblast''', 'IV', 'RS21'),
(3554, 203, 'Kabardino-Balkariya', 'KB', 'RS22'),
(3555, 203, 'Kaliningradskaya Oblast''', 'KN', 'RS23'),
(3556, 203, 'Kalmykiya', 'KL', 'RS24'),
(3557, 203, 'Kaluzhskaya Oblast''', 'KG', 'RS25'),
(3558, 203, 'Kamchatskaya Oblast''', 'KA', 'RS26'),
(3559, 203, 'Karachayevo-Cherkesiya', 'KC', 'RS27'),
(3560, 203, 'Kareliya', 'KI', 'RS28'),
(3561, 203, 'Kemerovskaya Oblast''', 'KE', 'RS29'),
(3562, 203, 'Khabarovskiy Kray', 'KH', 'RS30'),
(3563, 203, 'Khakasiya', 'KK', 'RS31'),
(3564, 203, 'Khanty-Mansiyskiy Avtonomnyy Okrug', 'KM', 'RS32'),
(3565, 203, 'Kirovskaya Oblast''', 'KV', 'RS33'),
(3566, 203, 'Komi-Permyatskiy Avtonomnyy Okrug', 'KP', 'RS35'),
(3567, 203, 'Koryakskiy Avtonomnyy Okrug', 'KR', 'RS36'),
(3568, 203, 'Kostromskaya Oblast''', 'KT', 'RS37'),
(3569, 203, 'Krasnodarskiy Kray', 'KD', 'RS38'),
(3570, 203, 'Krasnoyarskiy Kray', 'KY', 'RS39'),
(3571, 203, 'Kurganskaya Oblast''', 'KU', 'RS40'),
(3572, 203, 'Kurskaya Oblast''', 'KS', 'RS41'),
(3573, 203, 'Leningradskaya Oblast''', 'LN', 'RS42'),
(3574, 203, 'Lipetskaya Oblast''', 'LP', 'RS43'),
(3575, 203, 'Magadanskaya Oblast''', 'MG', 'RS44'),
(3576, 203, 'Mordoviya', 'MR', 'RS46'),
(3577, 203, 'Moskovskaya Oblast''', 'MS', 'RS47'),
(3578, 203, 'Moskva', 'MC', 'RS48'),
(3579, 203, 'Murmanskaya Oblast''', 'MM', 'RS49'),
(3580, 203, 'Nenetskiy Avtonomnyy Okrug', 'NN', 'RS50'),
(3581, 203, 'Nizhegorodskaya Oblast''', 'NZ', 'RS51'),
(3582, 203, 'Novgorodskaya Oblast''', 'NG', 'RS52'),
(3583, 203, 'Novosibirskaya Oblast''', 'NS', 'RS53'),
(3584, 203, 'Omskaya Oblast''', 'OM', 'RS54'),
(3585, 203, 'Orenburgskaya Oblast''', 'OB', 'RS55'),
(3586, 203, 'Orlovskaya Oblast''', 'OL', 'RS56'),
(3587, 203, 'Penzenskaya Oblast''', 'PZ', 'RS57'),
(3588, 203, 'Permskaya Oblast''', 'PM', 'RS58'),
(3589, 203, 'Primorskiy Kray', 'PR', 'RS59'),
(3590, 203, 'Pskovskaya Oblast''', 'PS', 'RS60'),
(3591, 203, 'Rostovskaya Oblast''', 'RO', 'RS61'),
(3592, 203, 'Ryazanskaya Oblast''', 'RZ', 'RS62'),
(3593, 203, 'Sakha (Yakutiya)', 'SK', 'RS63'),
(3594, 203, 'Sakhalinskaya Oblast''', 'SL', 'RS64'),
(3595, 203, 'Samarskaya Oblast''', 'SA', 'RS65'),
(3596, 203, 'Sankt-Peterburg', 'SP', 'RS66'),
(3597, 203, 'Saratovskaya Oblast''', 'SR', 'RS67'),
(3598, 203, 'Severnaya Osetiya-Alaniya', 'NO', 'RS68'),
(3599, 203, 'Smolenskaya Oblast''', 'SM', 'RS69'),
(3600, 203, 'Stavropol''skiy Kray', 'ST', 'RS70'),
(3601, 203, 'Sverdlovskaya Oblast''', 'SV', 'RS71'),
(3602, 203, 'Tambovskaya Oblast''', 'TB', 'RS72'),
(3603, 203, 'Taymyrskiy Dolgano-Nenetskiy Avtonomnyy Okrug', 'TM', 'RS74'),
(3604, 203, 'Tomskaya Oblast''', 'TO', 'RS75'),
(3605, 203, 'Tul''skaya Oblast''', 'TL', 'RS76'),
(3606, 203, 'Tverskaya Oblast''', 'TV', 'RS77'),
(3607, 203, 'Tyumenskaya Oblast''', 'TY', 'RS78'),
(3608, 203, 'Udmurtiya', 'UD', 'RS80'),
(3609, 203, 'Ul''yanovskaya Oblast''', 'UL', 'RS81'),
(3610, 203, 'Ust''-Ordynskiy Buryatskiy Avtonomnyy Okrug', 'UB', 'RS82'),
(3611, 203, 'Vladimirskaya Oblast''', 'VL', 'RS83'),
(3612, 203, 'Volgogradskaya Oblast''', 'VG', 'RS84'),
(3613, 203, 'Vologodskaya oblast''', 'VO', 'RS85'),
(3614, 203, 'Voronezhskaya Oblast''', 'VR', 'RS86'),
(3615, 203, 'Yamalo-Nenetskiy Avtonomnyy Okrug', 'YN', 'RS87'),
(3616, 203, 'Yaroslavskaya Oblast''', 'YS', 'RS88'),
(3617, 203, 'Yevreyskaya Avtonomnyy Oblast''', 'YV', 'RS89'),
(3619, 204, 'Butare', 'BT', 'RW01'),
(3620, 204, 'Byumba', 'BM', 'RW02'),
(3621, 204, 'Cyangugu', 'CY', 'RW03'),
(3622, 204, 'Gikongoro', 'GK', 'RW04'),
(3623, 204, 'Gisenyi', 'GS', 'RW05'),
(3624, 204, 'Gitarama', 'GT', 'RW06'),
(3625, 204, 'Kibungo', 'KN', 'RW07'),
(3626, 204, 'Kibuye', 'KY', 'RW08'),
(3627, 204, 'Kigali-Rural', 'KR', 'RW09'),
(3628, 204, 'Ruhengeri', 'RU', 'RW10'),
(3629, 213, 'Al Bahah', 'BA', 'SA02'),
(3630, 213, 'Al Madinah', 'MD', 'SA05'),
(3631, 213, 'Ash Sharqiyah', 'SH', 'SA06'),
(3632, 213, 'Al Qasim', 'QS', 'SA08'),
(3633, 213, 'Ar Riyad', 'RI', 'SA10'),
(3634, 213, '''Asir', 'AS', 'SA11'),
(3635, 213, 'Ha''il', 'HA', 'SA13'),
(3636, 213, 'Makkah', 'MK', 'SA14'),
(3637, 213, 'Al Hudud ash Shamaliyah', 'HS', 'SA15'),
(3638, 213, 'Najran', 'NJ', 'SA16'),
(3639, 213, 'Jizan', 'JZ', 'SA17'),
(3640, 213, 'Tabuk', 'TB', 'SA19'),
(3641, 213, 'Al Jawf', 'JF', 'SA20'),
(3643, 206, 'Christ Church Nicholatown', 'CC', 'SC01'),
(3644, 206, 'Saint Anne Sandy Point', 'AS', 'SC02'),
(3645, 206, 'Saint George Basseterre', 'GB', 'SC03'),
(3646, 206, 'Saint George Gingerland', 'GG', 'SC04'),
(3647, 206, 'Saint James Windward', 'JW', 'SC05'),
(3648, 206, 'Saint John Capesterre', 'JC', 'SC06'),
(3649, 206, 'Saint John Figtree', 'JF', 'SC07'),
(3650, 206, 'Saint Mary Cayon', 'MC', 'SC08'),
(3651, 206, 'Saint Paul Capesterre', 'PP', 'SC09'),
(3652, 206, 'Saint Paul Charlestown', 'PL', 'SC10'),
(3653, 206, 'Saint Peter Basseterre', 'PB', 'SC11'),
(3654, 206, 'Saint Thomas Lowland', 'TL', 'SC12'),
(3655, 206, 'Saint Thomas Middle Island', 'TM', 'SC13'),
(3656, 206, 'Trinity Palmetto Point', 'TP', 'SC15'),
(3657, 217, 'Anse aux Pins', 'PI', 'SE01'),
(3658, 217, 'Anse Boileau', 'AB', 'SE02'),
(3659, 217, 'Anse Etoile', 'ET', 'SE03'),
(3660, 217, 'Anse Louis', 'LO', 'SE04'),
(3661, 217, 'Anse Royale', 'RO', 'SE05'),
(3662, 217, 'Baie Lazare', 'BL', 'SE06'),
(3663, 217, 'Baie Sainte Anne', 'BS', 'SE07'),
(3664, 217, 'Beau Vallon', 'BV', 'SE08'),
(3665, 217, 'Bel Air', 'BA', 'SE09'),
(3666, 217, 'Bel Ombre', 'BO', 'SE10'),
(3667, 217, 'Cascade', 'CA', 'SE11'),
(3668, 217, 'Glacis', 'GL', 'SE12'),
(3669, 217, 'Grand'' Anse', 'GP', 'SE14'),
(3670, 217, 'La Digue', 'DI', 'SE15'),
(3671, 217, 'La Riviere Anglaise', 'RA', 'SE16'),
(3672, 217, 'Mont Buxton', 'MB', 'SE17'),
(3673, 217, 'Mont Fleuri', 'MF', 'SE18'),
(3674, 217, 'Plaisance', 'PL', 'SE19'),
(3675, 217, 'Pointe La Rue', 'PR', 'SE20'),
(3676, 217, 'Port Glaud', 'PG', 'SE21'),
(3677, 217, 'Saint Louis', 'SL', 'SE22'),
(3678, 217, 'Takamaka', 'TA', 'SE23'),
(3680, 224, 'KwaZulu-Natal', 'NL', 'SF02'),
(3681, 224, 'Free State', 'FS', 'SF03'),
(3683, 224, 'Eastern Cape', 'EC', 'SF05'),
(3684, 224, 'Gauteng', 'GT', 'SF06'),
(3685, 224, 'Mpumalanga', 'MP', 'SF07'),
(3686, 224, 'Northern Cape', 'NC', 'SF08'),
(3687, 224, 'Northern Province', 'NP', 'SF09'),
(3688, 224, 'North-West', 'NW', 'SF10'),
(3689, 224, 'Western Cape', 'WC', 'SF11'),
(3690, 214, 'Dakar', 'DK', 'SG01'),
(3691, 214, 'Diourbel', 'DB', 'SG03'),
(3692, 214, 'Saint-Louis', 'SL', 'SG04'),
(3693, 214, 'Tambacounda', 'TC', 'SG05'),
(3694, 214, 'Thies', 'TH', 'SG07'),
(3695, 214, 'Louga', 'LG', 'SG08'),
(3696, 214, 'Fatick', 'FK', 'SG09'),
(3697, 214, 'Kaolack', 'KL', 'SG10'),
(3698, 214, 'Kolda', 'KD', 'SG11'),
(3699, 214, 'Ziguinchor', 'ZG', 'SG12'),
(3700, 205, 'Ascension', 'AC', 'SH01'),
(3702, 205, 'Tristan da Cunha', 'TA', 'SH03'),
(3703, 221, 'Ajdovscina', 'AJ', 'SI01'),
(3704, 221, 'Beltinci', 'BE', 'SI02'),
(3705, 221, 'Bled', 'BL', 'SI03'),
(3706, 221, 'Bohinj', 'BH', 'SI04'),
(3707, 221, 'Borovnica', 'BO', 'SI05'),
(3708, 221, 'Bovec', 'BC', 'SI06'),
(3709, 221, 'Brda', 'BR', 'SI07'),
(3710, 221, 'Brezice', 'BZ', 'SI08'),
(3711, 221, 'Brezovica', 'BV', 'SI09'),
(3712, 221, 'Cankova-Tisina', 'CA', 'SI10'),
(3713, 221, 'Celje', 'CL', 'SI11'),
(3714, 221, 'Cerklje Na Gorenjskem', 'CG', 'SI12'),
(3715, 221, 'Cerknica', 'CK', 'SI13'),
(3716, 221, 'Cerkno', 'CE', 'SI14'),
(3717, 221, 'Crensovci', 'CR', 'SI15'),
(3718, 221, 'Crna na Koroskem', 'CN', 'SI16'),
(3719, 221, 'Crnomelj', 'CO', 'SI17'),
(3720, 221, 'Destrnik-Trnovska Vas', 'DV', 'SI18'),
(3721, 221, 'Divaca', 'DI', 'SI19'),
(3722, 221, 'Dobrepolje', 'DB', 'SI20'),
(3723, 221, 'Dobrova-Horjul-Polhov Gradec', 'DG', 'SI21'),
(3724, 221, 'Dol pri Ljubljani', 'DP', 'SI22'),
(3725, 221, 'Domzale', 'DM', 'SI23'),
(3726, 221, 'Dornava', 'DO', 'SI24'),
(3727, 221, 'Dravograd', 'DR', 'SI25'),
(3728, 221, 'Duplek', 'DU', 'SI26'),
(3729, 221, 'Gorenja Vas-Poljane', 'GV', 'SI27'),
(3730, 221, 'Gorisnica', 'GO', 'SI28'),
(3731, 221, 'Gornja Radgona', 'GR', 'SI29'),
(3732, 221, 'Gornji Grad', 'GG', 'SI30'),
(3733, 221, 'Gornji Petrovci', 'GP', 'SI31'),
(3734, 221, 'Grosuplje', 'GS', 'SI32'),
(3735, 221, 'HodosSalovci', 'HO', 'SI33'),
(3736, 221, 'Hrastnik', 'HR', 'SI34'),
(3737, 221, 'Hrpelje-Kozina', 'HK', 'SI35'),
(3738, 221, 'Idrija', 'ID', 'SI36'),
(3739, 221, 'Ig', 'IG', 'SI37'),
(3740, 221, 'Ilirska Bistrica', 'IB', 'SI38'),
(3741, 221, 'Ivancna Gorica', 'IV', 'SI39'),
(3742, 221, 'Izola', 'IZ', 'SI40'),
(3743, 221, 'Jesenice', 'JE', 'SI41'),
(3744, 221, 'Jursinci', 'JU', 'SI42'),
(3745, 221, 'Kamnik', 'KA', 'SI43'),
(3746, 221, 'Kanal', 'KN', 'SI44'),
(3747, 221, 'Kidricevo', 'KI', 'SI45'),
(3748, 221, 'Kobarid', 'KO', 'SI46'),
(3749, 221, 'Kobilje', 'KB', 'SI47'),
(3750, 221, 'Kocevje', 'KC', 'SI48'),
(3751, 221, 'Komen', 'KM', 'SI49'),
(3752, 221, 'Koper', 'KP', 'SI50'),
(3753, 221, 'Kozje', 'KJ', 'SI51'),
(3754, 221, 'Kranj', 'KR', 'SI52'),
(3755, 221, 'Kranjska Gora', 'KG', 'SI53'),
(3756, 221, 'Krsko', 'KS', 'SI54'),
(3757, 221, 'Kungota', 'KZ', 'SI55'),
(3758, 221, 'Kuzma', 'KU', 'SI56'),
(3759, 221, 'Lasko', 'LA', 'SI57'),
(3760, 221, 'Lenart', 'LE', 'SI58'),
(3761, 221, 'Lendava', 'LN', 'SI59'),
(3762, 221, 'Litija', 'LI', 'SI60'),
(3763, 221, 'Ljubljana', 'LB', 'SI61'),
(3764, 221, 'Ljubno', 'LC', 'SI62'),
(3765, 221, 'Ljutomer', 'LJ', 'SI63'),
(3766, 221, 'Logatec', 'LO', 'SI64'),
(3767, 221, 'Loska Dolina', 'LD', 'SI65'),
(3768, 221, 'Loski Potok', 'LP', 'SI66'),
(3769, 221, 'Luce', 'LU', 'SI67'),
(3770, 221, 'Lukovica', 'LK', 'SI68'),
(3771, 221, 'Majsperk', 'MJ', 'SI69'),
(3772, 221, 'Maribor', 'MA', 'SI70'),
(3773, 221, 'Medvode', 'MD', 'SI71'),
(3774, 221, 'Menges', 'MN', 'SI72'),
(3775, 221, 'Metlika', 'ME', 'SI73'),
(3776, 221, 'Mezica', 'MZ', 'SI74'),
(3777, 221, 'Miren-Kostanjevica', 'MI', 'SI75'),
(3778, 221, 'Mislinja', 'ML', 'SI76'),
(3779, 221, 'Moravce', 'MV', 'SI77'),
(3780, 221, 'Moravske Toplice', 'MT', 'SI78'),
(3781, 221, 'Mozirje', 'MO', 'SI79'),
(3782, 221, 'Murska Sobota', 'MS', 'SI80'),
(3783, 221, 'Muta', 'MU', 'SI81'),
(3784, 221, 'Naklo', 'NA', 'SI82'),
(3785, 221, 'Nazarje', 'NZ', 'SI83'),
(3786, 221, 'Nova Gorica', 'NG', 'SI84'),
(3787, 221, 'Novo Mesto', 'NM', 'SI85'),
(3788, 221, 'Odranci', 'OD', 'SI86'),
(3789, 221, 'Ormoz', 'OR', 'SI87'),
(3790, 221, 'Osilnica', 'OS', 'SI88'),
(3791, 221, 'Pesnica', 'PE', 'SI89'),
(3792, 221, 'Piran', 'PA', 'SI90'),
(3793, 221, 'Pivka', 'PI', 'SI91'),
(3794, 221, 'Podcetrtek', 'PD', 'SI92'),
(3795, 221, 'Podvelka-Ribnica', 'PV', 'SI93'),
(3796, 221, 'Postojna', 'PO', 'SI94'),
(3797, 221, 'Preddvor', 'PR', 'SI95'),
(3798, 221, 'Ptuj', 'PT', 'SI96'),
(3799, 221, 'Puconci', 'PU', 'SI97'),
(3800, 221, 'Race-Fram', 'RF', 'SI98'),
(3801, 221, 'Radece', 'RA', 'SI99'),
(3802, 221, 'Radenci', 'RD', 'SIA1'),
(3803, 221, 'Radlje ob Dravi', 'RL', 'SIA2'),
(3804, 221, 'Radovljica', 'RV', 'SIA3'),
(3805, 221, 'Ravne-Prevalje', 'RN', 'SIA4'),
(3806, 221, 'Ribnica', 'RI', 'SIA5'),
(3807, 221, 'Rogasevci', 'RO', 'SIA6'),
(3808, 221, 'Rogaska Slatina', 'RS', 'SIA7'),
(3809, 221, 'Rogatec', 'RT', 'SIA8'),
(3810, 221, 'Ruse', 'RU', 'SIA9'),
(3811, 221, 'Semic', 'SM', 'SIB1'),
(3812, 221, 'Sencur', 'SN', 'SIB2'),
(3813, 221, 'Sentilj', 'SE', 'SIB3'),
(3814, 221, 'Sentjernej', 'SR', 'SIB4'),
(3815, 221, 'Sentjur pri Celju', 'SU', 'SIB5'),
(3816, 221, 'Sevnica', 'SV', 'SIB6'),
(3817, 221, 'Sezana', 'SZ', 'SIB7'),
(3818, 221, 'Skocjan', 'SC', 'SIB8'),
(3819, 221, 'Skofja Loka', 'SL', 'SIB9'),
(3820, 221, 'Skofljica', 'SK', 'SIC1'),
(3821, 221, 'Slovenj Gradec', 'SG', 'SIC2'),
(3822, 221, 'Slovenska Bistrica', 'SB', 'SIC3'),
(3823, 221, 'Slovenske Konjice', 'SS', 'SIC4'),
(3824, 221, 'Smarje pri Jelsah', 'SP', 'SIC5'),
(3825, 221, 'Smartno ob Paki', 'SA', 'SIC6'),
(3826, 221, 'Sostanj', 'SO', 'SIC7'),
(3827, 221, 'Starse', 'SH', 'SIC8'),
(3828, 221, 'Store', 'ST', 'SIC9'),
(3829, 221, 'Sveti Jurij', 'SJ', 'SID1'),
(3830, 221, 'Tolmin', 'TO', 'SID2');
INSERT INTO `lm_state_tbl` (`StateId`, `CountryId`, `StateName`, `Code`, `ADM1Code`) VALUES
(3831, 221, 'Trbovlje', 'TB', 'SID3'),
(3832, 221, 'Trebnje', 'TE', 'SID4'),
(3833, 221, 'Trzic', 'TR', 'SID5'),
(3834, 221, 'Turnisce', 'TU', 'SID6'),
(3835, 221, 'Velenje', 'VE', 'SID7'),
(3836, 221, 'Velike Lasce', 'VL', 'SID8'),
(3837, 221, 'Videm', 'VI', 'SID9'),
(3838, 221, 'Vipava', 'VP', 'SIE1'),
(3839, 221, 'Vitanje', 'VT', 'SIE2'),
(3840, 221, 'Vodice', 'VO', 'SIE3'),
(3841, 221, 'Vojnik', 'VJ', 'SIE4'),
(3842, 221, 'Vrhnika', 'VR', 'SIE5'),
(3843, 221, 'Vuzenica', 'VU', 'SIE6'),
(3844, 221, 'Zagorje ob Savi', 'ZO', 'SIE7'),
(3845, 221, 'Zalec', 'ZA', 'SIE8'),
(3846, 221, 'Zavrc', 'ZV', 'SIE9'),
(3847, 221, 'Zelezniki', 'ZE', 'SIF1'),
(3848, 221, 'Ziri', 'ZI', 'SIF2'),
(3849, 221, 'Zrece', 'ZR', 'SIF3'),
(3850, 218, 'Eastern', 'EA', 'SL01'),
(3851, 218, 'Northern', 'NO', 'SL02'),
(3852, 218, 'Southern', 'SO', 'SL03'),
(3853, 218, 'Western Area', 'WE', 'SL04'),
(3854, 211, 'Acquaviva', 'AC', 'SM01'),
(3855, 211, 'Chiesanuova', 'CH', 'SM02'),
(3856, 211, 'Domagnano', 'DO', 'SM03'),
(3857, 211, 'Faetano', 'FA', 'SM04'),
(3858, 211, 'Fiorentino', 'FI', 'SM05'),
(3859, 211, 'Borgo Maaggiore', 'BM', 'SM06'),
(3861, 211, 'Monte Giardino', 'MG', 'SM08'),
(3862, 211, 'Serravalle', 'SE', 'SM09'),
(3863, 223, 'Bakool', 'BK', 'SO01'),
(3864, 223, 'Banaadir', 'BN', 'SO02'),
(3865, 223, 'Bari', 'BR', 'SO03'),
(3866, 223, 'Bay', 'BY', 'SO04'),
(3867, 223, 'Galguduud', 'GA', 'SO05'),
(3868, 223, 'Gedo', 'GE', 'SO06'),
(3869, 223, 'Hiiraan', 'HI', 'SO07'),
(3870, 223, 'Jubbada Dhexe', 'JD', 'SO08'),
(3871, 223, 'Jubbada Hoose', 'JH', 'SO09'),
(3872, 223, 'Mudug', 'MU', 'SO10'),
(3873, 223, 'Nugaal', 'NU', 'SO11'),
(3874, 223, 'Sanaag', 'SA', 'SO12'),
(3875, 223, 'Shabeellaha Dhexe', 'SD', 'SO13'),
(3876, 223, 'Shabeellaha Hoose', 'SH', 'SO14'),
(3877, 223, 'Togdheer', 'TO', 'SO15'),
(3878, 223, 'Woqooyi Galbeed', 'WO', 'SO16'),
(3886, 226, 'Islas Baleares', 'PM', 'SP07'),
(3906, 226, 'La Rioja', 'LO', 'SP27'),
(3908, 226, 'Madrid', 'MD', 'SP29'),
(3910, 226, 'Murcia', 'MU', 'SP31'),
(3911, 226, 'Navarra', 'NA', 'SP32'),
(3913, 226, 'Asturias', 'AS', 'SP34'),
(3918, 226, 'Cantabria', 'CB', 'SP39'),
(3930, 226, 'Andalucia', 'AN', 'SP51'),
(3931, 226, 'Aragon', 'AR', 'SP52'),
(3932, 226, 'Canarias', 'CN', 'SP53'),
(3933, 226, 'Castilla-La Mancha', 'CM', 'SP54'),
(3934, 226, 'Castilla y Leon', 'CL', 'SP55'),
(3935, 226, 'Catalu?a', 'CT', 'SP56'),
(3936, 226, 'Extremadura', 'EX', 'SP57'),
(3937, 226, 'Galicia', 'GA', 'SP58'),
(3938, 226, 'Pais Vasco', 'PV', 'SP59'),
(3939, 226, 'Valenciana', 'VC', 'SP60'),
(3941, 271, 'Vojvodina', 'VO', '    '),
(3942, 207, 'Anse-la-Raye', 'AR', 'ST01'),
(3943, 207, 'Dauphin', 'DA', 'ST02'),
(3944, 207, 'Castries', 'CS', 'ST03'),
(3945, 207, 'Choiseul', 'CH', 'ST04'),
(3946, 207, 'Dennery', 'DE', 'ST05'),
(3947, 207, 'Gros-Islet', 'GI', 'ST06'),
(3948, 207, 'Laborie', 'LB', 'ST07'),
(3949, 207, 'Micoud', 'MI', 'ST08'),
(3950, 207, 'Soufriere', 'CO', 'ST09'),
(3951, 207, 'Vieux-Fort', 'VF', 'ST10'),
(3952, 207, 'Praslin', 'PR', 'ST11'),
(3953, 229, 'A''ali an Nil', 'UN', 'SU35'),
(3956, 229, 'Al Khartum', 'KH', 'SU29'),
(3957, 229, 'Ash Shamaliyah', 'NO', 'SU43'),
(3962, 229, 'Al Babr al Ahmar', 'RS', 'SU36'),
(3963, 229, 'Al Buhayrat', 'EB', 'SU37'),
(3964, 229, 'Al Jazirah', 'GZ', 'SU38'),
(3965, 229, 'Al Qadarif', 'GD', 'SU39'),
(3966, 229, 'Al Wahdah', 'WH', 'SU40'),
(3967, 229, 'An Nil al Abyad', 'WN', 'SU41'),
(3968, 229, 'An Nil al Azraq', 'BN', 'SU42'),
(3969, 229, 'Bahr al Jabal', 'BG', 'SU44'),
(3970, 229, 'Gharb al Istiwa''iyah', 'WE', 'SU45'),
(3971, 229, 'Gharb Bahr al Ghazal', 'WB', 'SU46'),
(3972, 229, 'Gharb Darfur', 'WD', 'SU47'),
(3973, 229, 'Gharb Kurdufan', 'WK', 'SU48'),
(3974, 229, 'Janub Darfur', 'JD', 'SU49'),
(3975, 229, 'Janub Kurdufan', 'SK', 'SU50'),
(3976, 229, 'Junqali', 'JG', 'SU51'),
(3977, 229, 'Kassala', 'KA', 'SU52'),
(3978, 229, 'Nahr an Nil', 'RN', 'SU53'),
(3979, 229, 'Shamal Bahr al Ghazal', 'NB', 'SU54'),
(3980, 229, 'Shamal Darfur', 'ND', 'SU55'),
(3981, 229, 'Shamal Kurdufan', 'NK', 'SU56'),
(3982, 229, 'Sharq al Istiwa''iyah', 'EE', 'SU57'),
(3983, 229, 'Sinnar', 'SI', 'SU58'),
(3984, 229, 'Warab', 'WR', 'SU59'),
(3986, 233, 'Blekinge Lan', 'BL', 'SW02'),
(3987, 233, 'Gavleborgs Lan', 'GV', 'SW03'),
(3989, 233, 'Gotlands Lan', 'GT', 'SW05'),
(3990, 233, 'Hallands Lan', 'HA', 'SW06'),
(3991, 233, 'Jamtlands Lan', 'JA', 'SW07'),
(3992, 233, 'Jonkopings Lan', 'JO', 'SW08'),
(3993, 233, 'Kalmar Lan', 'KA', 'SW09'),
(3994, 233, 'Dalarnas Lan', 'KO', 'SW10'),
(3996, 233, 'Kronobergs Lan', 'KR', 'SW12'),
(3998, 233, 'Norrbottens Lan', 'NB', 'SW14'),
(3999, 233, 'Orebro Lan', 'OR', 'SW15'),
(4000, 233, 'Ostergotlands Lan', 'OG', 'SW16'),
(4002, 233, 'Sodermanlands Lan', 'SD', 'SW18'),
(4003, 233, 'Uppsala Lan', 'UP', 'SW21'),
(4004, 233, 'Varmlands Lan', 'VR', 'SW22'),
(4005, 233, 'Vasterbottens Lan', 'VB', 'SW23'),
(4006, 233, 'Vasternorrlands Lan', 'VN', 'SW24'),
(4007, 233, 'Vastmanlands Lan', 'VM', 'SW25'),
(4008, 233, 'Stockholms Lan', 'ST', 'SW26'),
(4009, 233, 'Skane Lan', 'SN', 'SW27'),
(4010, 233, 'Vastra Gotaland', 'VG', 'SW28'),
(4011, 235, 'Al Hasakah', 'HA', 'SY01'),
(4012, 235, 'Al Ladhiqiyah', 'LA', 'SY02'),
(4013, 235, 'Al Qunaytirah', 'QU', 'SY03'),
(4014, 235, 'Ar Raqqah', 'RA', 'SY04'),
(4015, 235, 'As Suwayda''', 'SU', 'SY05'),
(4016, 235, 'Dar''a', 'DR', 'SY06'),
(4017, 235, 'Dayr az Zawr', 'DY', 'SY07'),
(4018, 235, 'Rif Dimashq', 'RD', 'SY08'),
(4019, 235, 'Halab', 'HL', 'SY09'),
(4020, 235, 'Hamah', 'HM', 'SY10'),
(4021, 235, 'Hims', 'HI', 'SY11'),
(4022, 235, 'Idlib', 'ID', 'SY12'),
(4023, 235, 'Dimashq', 'DI', 'SY13'),
(4024, 235, 'Tartus', 'TA', 'SY14'),
(4025, 234, 'Aargau', 'AG', 'SZ01'),
(4026, 234, 'Ausser-Rhoden', 'AR', 'SZ02'),
(4027, 234, 'Basel-Landschaft', 'BL', 'SZ03'),
(4028, 234, 'Basel-Stadt', 'BS', 'SZ04'),
(4029, 234, 'Bern', 'BE', 'SZ05'),
(4030, 234, 'Fribourg', 'FR', 'SZ06'),
(4031, 234, 'Geneve', 'GE', 'SZ07'),
(4032, 234, 'Glarus', 'GL', 'SZ08'),
(4033, 234, 'Graubunden', 'GR', 'SZ09'),
(4034, 234, 'Inner-Rhoden', 'AI', 'SZ10'),
(4035, 234, 'Luzern', 'LU', 'SZ11'),
(4036, 234, 'Neuchatel', 'NE', 'SZ12'),
(4037, 234, 'Nidwalden', 'NW', 'SZ13'),
(4038, 234, 'Obwalden', 'OW', 'SZ14'),
(4039, 234, 'Sankt Gallen', 'SG', 'SZ15'),
(4040, 234, 'Schaffhausen', 'SH', 'SZ16'),
(4041, 234, 'Schwyz', 'SZ', 'SZ17'),
(4042, 234, 'Solothurn', 'SO', 'SZ18'),
(4043, 234, 'Thurgau', 'TG', 'SZ19'),
(4044, 234, 'Ticino', 'TI', 'SZ20'),
(4045, 234, 'Uri', 'UR', 'SZ21'),
(4046, 234, 'Valais', 'VS', 'SZ22'),
(4047, 234, 'Vaud', 'VD', 'SZ23'),
(4048, 234, 'Zug', 'ZG', 'SZ24'),
(4049, 234, 'Zurich', 'ZH', 'SZ25'),
(4050, 234, 'Jura', 'JU', 'SZ26'),
(4051, 243, 'Arima', 'AR', 'TD01'),
(4052, 243, 'Caroni', 'CA', 'TD02'),
(4053, 243, 'Mayaro', 'MA', 'TD03'),
(4054, 243, 'Nariva', 'NA', 'TD04'),
(4055, 243, 'Port-of-Spain', 'PO', 'TD05'),
(4056, 243, 'Saint Andrew', 'SA', 'TD06'),
(4057, 243, 'Saint David', 'SD', 'TD07'),
(4058, 243, 'Saint George', 'SG', 'TD08'),
(4059, 243, 'Saint Patrick', 'SP', 'TD09'),
(4060, 243, 'San Fernando', 'SF', 'TD10'),
(4061, 243, 'Tobago', 'TO', 'TD11'),
(4062, 243, 'Victoria', 'VI', 'TD12'),
(4063, 239, 'Mae Hong Son', 'MH', 'TH01'),
(4064, 239, 'Chiang Mai', 'CM', 'TH02'),
(4065, 239, 'Chiang Rai', 'CR', 'TH03'),
(4066, 239, 'Nan', 'NA', 'TH04'),
(4067, 239, 'Lamphun', 'LN', 'TH05'),
(4068, 239, 'Lampang', 'LG', 'TH06'),
(4069, 239, 'Phrae', 'PR', 'TH07'),
(4070, 239, 'Tak', 'TK', 'TH08'),
(4071, 239, 'Sukhothai', 'SO', 'TH09'),
(4072, 239, 'Uttaradit', 'UD', 'TH10'),
(4073, 239, 'Kamphaeng Phet', 'KP', 'TH11'),
(4074, 239, 'Phitsanulok', 'PS', 'TH12'),
(4075, 239, 'Phichit', 'PC', 'TH13'),
(4076, 239, 'Phetchabun', 'PH', 'TH14'),
(4077, 239, 'Uthai Thani', 'UT', 'TH15'),
(4078, 239, 'Nakhon Sawan', 'NS', 'TH16'),
(4079, 239, 'Nong Khai', 'NK', 'TH17'),
(4080, 239, 'Loei', 'LE', 'TH18'),
(4081, 239, 'Udon Thani', 'UN', 'TH76'),
(4082, 239, 'Sakon Nakhon', 'SN', 'TH20'),
(4083, 239, 'Nakhon Phanom', 'NF', 'TH73'),
(4084, 239, 'Khon Kaen', 'KK', 'TH22'),
(4085, 239, 'Kalasin', 'KL', 'TH23'),
(4086, 239, 'Maha Sarakham', 'MS', 'TH24'),
(4087, 239, 'Roi Et', 'RE', 'TH25'),
(4088, 239, 'Chaiyaphum', 'CY', 'TH26'),
(4089, 239, 'Nakhon Ratchasima', 'NR', 'TH27'),
(4090, 239, 'Buriram', 'BR', 'TH28'),
(4091, 239, 'Surin', 'SU', 'TH29'),
(4092, 239, 'Sisaket', 'SI', 'TH30'),
(4093, 239, 'Narathiwat', 'NW', 'TH31'),
(4094, 239, 'Chai Nat', 'CN', 'TH32'),
(4095, 239, 'Sing Buri', 'SB', 'TH33'),
(4096, 239, 'Lop Buri', 'LB', 'TH34'),
(4097, 239, 'Ang Thong', 'AT', 'TH35'),
(4098, 239, 'Phra Nakhon Si Ayutthaya', 'PA', 'TH36'),
(4099, 239, 'Sara Buri', 'SR', 'TH37'),
(4100, 239, 'Nonthaburi', 'NO', 'TH38'),
(4101, 239, 'Pathum Thani', 'PT', 'TH39'),
(4102, 239, 'Krung Thep Mahanakhon', 'BM', 'TH40'),
(4103, 239, 'Phayao', 'PY', 'TH41'),
(4104, 239, 'Samut Prakan', 'SP', 'TH42'),
(4105, 239, 'Nakhon Nayok', 'NN', 'TH43'),
(4106, 239, 'Chachoengsao', 'CC', 'TH44'),
(4107, 239, 'Prachin Buri', 'PB', 'TH74'),
(4108, 239, 'Chon Buri', 'CB', 'TH46'),
(4109, 239, 'Rayong', 'RY', 'TH47'),
(4110, 239, 'Chanthaburi', 'CT', 'TH48'),
(4111, 239, 'Trat', 'TT', 'TH49'),
(4112, 239, 'Kanchanaburi', 'KN', 'TH50'),
(4113, 239, 'Suphan Buri', 'SH', 'TH51'),
(4114, 239, 'Ratchaburi', 'RT', 'TH52'),
(4115, 239, 'Nakhon Pathom', 'NP', 'TH53'),
(4116, 239, 'Samut Songkhram', 'SM', 'TH54'),
(4117, 239, 'Samut Sakhon', 'SS', 'TH55'),
(4118, 239, 'Phetchaburi', 'PE', 'TH56'),
(4119, 239, 'Prachuap Khiri Khan', 'PK', 'TH57'),
(4120, 239, 'Chumphon', 'CP', 'TH58'),
(4121, 239, 'Ranong', 'RN', 'TH59'),
(4122, 239, 'Surat Thani', 'ST', 'TH60'),
(4123, 239, 'Phangnga', 'PG', 'TH61'),
(4124, 239, 'Phuket', 'PU', 'TH62'),
(4125, 239, 'Krabi', 'KR', 'TH63'),
(4126, 239, 'Nakon Si Thammarat', 'NT', 'TH64'),
(4127, 239, 'Trang', 'TG', 'TH65'),
(4128, 239, 'Phatthalung', 'PL', 'TH66'),
(4129, 239, 'Satun', 'SA', 'TH67'),
(4130, 239, 'Songkhla', 'SG', 'TH68'),
(4131, 239, 'Pattani', 'PI', 'TH69'),
(4132, 239, 'Yala', 'YL', 'TH70'),
(4134, 239, 'Yasothon', 'YS', 'TH72'),
(4135, 239, 'Ubon Ratchanthani', 'UR', 'TH75'),
(4136, 239, 'Amnat Charoen', 'AC', 'TH77'),
(4137, 239, 'Mukdahan', 'MD', 'TH78'),
(4138, 239, 'Nong Bua Lamphu', 'NB', 'TH79'),
(4139, 239, 'Sa Kaeo', 'SK', 'TH80'),
(4140, 237, 'Kuhistoni Badakhshon', 'BK', 'TI01'),
(4141, 237, 'Khatlon', 'KL', 'TI02'),
(4142, 237, 'Leninobod', 'LE', 'TI03'),
(4143, 242, 'Ha''apai', 'HA', 'TN01'),
(4144, 242, 'Tongatapu', 'TT', 'TN02'),
(4145, 242, 'Vava''u', 'VA', 'TN03'),
(4167, 212, 'Principe', 'PR', 'TP01'),
(4168, 212, 'Sao Tome', 'ST', 'TP02'),
(4169, 245, 'Al Qasrayn', 'KS', 'TS02'),
(4170, 245, 'Al Qayrawan', 'KR', 'TS03'),
(4171, 245, 'Jundubah', 'JE', 'TS06'),
(4172, 245, 'Al Kaf', 'KF', 'TS14'),
(4173, 245, 'Al Mahdiyah', 'MH', 'TS15'),
(4174, 245, 'Al Munastir', 'MS', 'TS16'),
(4175, 245, 'Bajah', 'BJ', 'TS17'),
(4176, 245, 'Banzart', 'BZ', 'TS18'),
(4177, 245, 'Nabul', 'NB', 'TS19'),
(4178, 245, 'Silyanah', 'SL', 'TS22'),
(4179, 245, 'Susah', 'SS', 'TS23'),
(4180, 245, 'Aryanah', 'AN', 'TS26'),
(4181, 245, 'Bin ''Arus', 'BA', 'TS27'),
(4182, 245, 'Madanin', 'ME', 'TS28'),
(4183, 245, 'Qabis', 'GB', 'TS29'),
(4184, 245, 'Qafsah', 'QA', 'TS30'),
(4185, 245, 'Qibili', 'KB', 'TS31'),
(4186, 245, 'Safaqi', 'SF', 'TS32'),
(4187, 245, 'Sidi Bu Zayd', 'SZ', 'TS33'),
(4188, 245, 'Tatawin', 'TA', 'TS34'),
(4189, 245, 'Tawzar', 'TO', 'TS35'),
(4190, 245, 'Tunis', 'TU', 'TS36'),
(4191, 245, 'Zaghwan', 'ZA', 'TS37'),
(4192, 246, 'Adana', 'AA', 'TU81'),
(4193, 246, 'Adiyaman', 'AD', 'TU02'),
(4194, 246, 'Afyon', 'AF', 'TU03'),
(4195, 246, 'Agri', 'AG', 'TU04'),
(4196, 246, 'Amasya', 'AM', 'TU05'),
(4198, 246, 'Antalya', 'AL', 'TU07'),
(4199, 246, 'Artvin', 'AV', 'TU08'),
(4200, 246, 'Aydin', 'AY', 'TU09'),
(4201, 246, 'Balikesir', 'BK', 'TU10'),
(4202, 246, 'Bilecik', 'BC', 'TU11'),
(4203, 246, 'Bingol', 'BG', 'TU12'),
(4204, 246, 'Bitlis', 'BT', 'TU13'),
(4205, 246, 'Bolu', 'BL', 'TU14'),
(4206, 246, 'Burdur', 'BD', 'TU15'),
(4207, 246, 'Bursa', 'BU', 'TU16'),
(4208, 246, 'Canakkale', 'CK', 'TU17'),
(4209, 246, 'Cankiri', 'CI', 'TU82'),
(4210, 246, 'Corum', 'CM', 'TU19'),
(4211, 246, 'Denizli', 'DN', 'TU20'),
(4212, 246, 'Diyarbakir', 'DY', 'TU21'),
(4213, 246, 'Edirne', 'ED', 'TU22'),
(4214, 246, 'Elazig', 'EG', 'TU23'),
(4215, 246, 'Erzincan', 'EN', 'TU24'),
(4216, 246, 'Erzurum', 'EM', 'TU25'),
(4217, 246, 'Eskisehir', 'ES', 'TU26'),
(4218, 246, 'Gaziantep', 'GA', 'TU83'),
(4219, 246, 'Giresun', 'GI', 'TU28'),
(4222, 246, 'Hatay', 'HT', 'TU31'),
(4223, 246, 'Icel', 'IC', 'TU32'),
(4224, 246, 'Isparta', 'IP', 'TU33'),
(4225, 246, 'Istanbul', 'IB', 'TU34'),
(4226, 246, 'Izmir', 'IZ', 'TU35'),
(4227, 246, 'Kars', 'KA', 'TU84'),
(4228, 246, 'Kastamonu', 'KS', 'TU37'),
(4229, 246, 'Kayseri', 'KY', 'TU38'),
(4230, 246, 'Kirklareli', 'KL', 'TU39'),
(4231, 246, 'Kirsehir', 'KH', 'TU40'),
(4232, 246, 'Kocaeli', 'KC', 'TU41'),
(4234, 246, 'Kutahya', 'KU', 'TU43'),
(4235, 246, 'Malatya', 'ML', 'TU44'),
(4236, 246, 'Manisa', 'MN', 'TU45'),
(4237, 246, 'Kahramanmaras', 'KM', 'TU46'),
(4239, 246, 'Mugla', 'MG', 'TU48'),
(4240, 246, 'Mus', 'MS', 'TU49'),
(4241, 246, 'Nevsehir', 'NV', 'TU50'),
(4243, 246, 'Ordu', 'OR', 'TU52'),
(4244, 246, 'Rize', 'RI', 'TU53'),
(4245, 246, 'Sakarya', 'SK', 'TU54'),
(4246, 246, 'Samsun', 'SS', 'TU55'),
(4248, 246, 'Sinop', 'SP', 'TU57'),
(4249, 246, 'Sivas', 'SV', 'TU58'),
(4250, 246, 'Tekirdag', 'TG', 'TU59'),
(4251, 246, 'Tokat', 'TT', 'TU60'),
(4252, 246, 'Trabzon', 'TB', 'TU61'),
(4253, 246, 'Tunceli', 'TC', 'TU62'),
(4254, 246, 'Sanliurfa', 'SU', 'TU63'),
(4255, 246, 'Usak', 'US', 'TU64'),
(4256, 246, 'Van', 'VA', 'TU65'),
(4257, 246, 'Yozgat', 'YZ', 'TU66'),
(4258, 246, 'Zonguldak', 'ZO', 'TU85'),
(4259, 246, 'Ankara', 'AN', 'TU68'),
(4260, 246, 'Gumushane', 'GU', 'TU69'),
(4261, 246, 'Hakkari', 'HK', 'TU70'),
(4262, 246, 'Konya', 'KO', 'TU71'),
(4263, 246, 'Mardin', 'MR', 'TU72'),
(4264, 246, 'Nigde', 'NG', 'TU73'),
(4265, 246, 'Siirt', 'SI', 'TU74'),
(4266, 246, 'Aksaray', 'AK', 'TU75'),
(4267, 246, 'Batman', 'BM', 'TU76'),
(4268, 246, 'Bayburt', 'BB', 'TU77'),
(4269, 246, 'Karaman', 'KR', 'TU78'),
(4270, 246, 'Kirikkale', 'KK', 'TU79'),
(4271, 246, 'Sirnak', 'SR', 'TU80'),
(4272, 236, 'Fu-chien', 'FK', 'TW01'),
(4273, 236, 'Kao-hsiung', 'KH', 'TW02'),
(4274, 236, 'T''ai-pei', 'TP', 'TW03'),
(4275, 236, 'T''ai-wan', 'TA', 'TW04'),
(4276, 238, 'Arusha', 'AR', 'TZ01'),
(4277, 238, 'Dar es Salaam', 'DS', 'TZ23'),
(4278, 238, 'Dodoma', 'DO', 'TZ03'),
(4279, 238, 'Iringa', 'IR', 'TZ04'),
(4280, 238, 'Kigoma', 'KM', 'TZ05'),
(4281, 238, 'Kilimanjaro', 'KL', 'TZ06'),
(4282, 238, 'Lindi', 'LI', 'TZ07'),
(4283, 238, 'Mara', 'MA', 'TZ08'),
(4284, 238, 'Mbeya', 'MB', 'TZ09'),
(4285, 238, 'Morogoro', 'MO', 'TZ10'),
(4286, 238, 'Mtwara', 'MT', 'TZ11'),
(4287, 238, 'Mwanza', 'MW', 'TZ12'),
(4288, 238, 'Pemba North', 'PN', 'TZ13'),
(4289, 238, 'Ruvuma', 'RV', 'TZ14'),
(4290, 238, 'Shinyanga', 'SH', 'TZ15'),
(4291, 238, 'Singida', 'SD', 'TZ16'),
(4292, 238, 'Tabora', 'TB', 'TZ17'),
(4293, 238, 'Tanga', 'TN', 'TZ18'),
(4294, 238, 'Kagera', 'KR', 'TZ19'),
(4295, 238, 'Pemba South', 'PS', 'TZ20'),
(4296, 238, 'Zanzibar Central//South', 'ZS', 'TZ21'),
(4297, 238, 'Zanzibar North', 'ZN', 'TZ22'),
(4298, 238, 'Rukwa', 'RK', 'TZ24'),
(4299, 238, 'Zanzibar Urban//West', 'ZW', 'TZ25'),
(4300, 250, 'Apac', 'AP', 'UG26'),
(4301, 250, 'Arua', 'AR', 'UG27'),
(4302, 250, 'Bundibogyo', 'BN', 'UG28'),
(4303, 250, 'Bushenyi', 'BS', 'UG29'),
(4304, 250, 'Gulu', 'GU', 'UG30'),
(4305, 250, 'Hoima', 'HO', 'UG31'),
(4306, 250, 'Iganga', 'IG', 'UG68'),
(4307, 250, 'Jinja', 'JI', 'UG33'),
(4308, 250, 'Kabale', 'KA', 'UG34'),
(4309, 250, 'Kabarole', 'KB', 'UG35'),
(4310, 250, 'Kalangala', 'KN', 'UG36'),
(4311, 250, 'Kampala', 'KM', 'UG37'),
(4312, 250, 'Kamuli', 'KL', 'UG38'),
(4313, 250, 'Kapchorwa', 'KC', 'UG39'),
(4314, 250, 'Kasese', 'KS', 'UG40'),
(4315, 250, 'Kibale', 'KI', 'UG41'),
(4316, 250, 'Kiboga', 'KG', 'UG42'),
(4317, 250, 'Kisoro', 'KR', 'UG43'),
(4318, 250, 'Kitgum', 'KT', 'UG44'),
(4319, 250, 'Kotido', 'KO', 'UG45'),
(4320, 250, 'Kumi', 'KU', 'UG46'),
(4321, 250, 'Lira', 'LI', 'UG47'),
(4322, 250, 'Luwero', 'LU', 'UG70'),
(4323, 250, 'Masaka', 'MA', 'UG71'),
(4324, 250, 'Masindi', 'MS', 'UG50'),
(4325, 250, 'Mbale', 'ML', 'UG51'),
(4326, 250, 'Mbarara', 'MR', 'UG52'),
(4327, 250, 'Moroto', 'MO', 'UG53'),
(4328, 250, 'Moyo', 'MY', 'UG72'),
(4329, 250, 'Mpigi', 'MP', 'UG55'),
(4330, 250, 'Mubende', 'MU', 'UG56'),
(4331, 250, 'Mukono', 'MK', 'UG57'),
(4332, 250, 'Nebbi', 'NE', 'UG58'),
(4333, 250, 'Ntungamo', 'NT', 'UG59'),
(4334, 250, 'Pallisa', 'PA', 'UG60'),
(4335, 250, 'Rakai', 'RA', 'UG61'),
(4336, 250, 'Rukungiri', 'RU', 'UG62'),
(4337, 250, 'Soroti', 'SO', 'UG75'),
(4338, 250, 'Tororo', 'TO', 'UG76'),
(4431, 251, 'Cherkas''ka Oblast''', 'CK', 'UP01'),
(4432, 251, 'Chernihivs''ka Oblast''', 'CH', 'UP02'),
(4433, 251, 'Chernivets''ka Oblast''', 'CV', 'UP03'),
(4434, 251, 'Dnipropetrovs''ka Oblast''', 'DP', 'UP04'),
(4435, 251, 'Donets''ka Oblast''', 'DT', 'UP05'),
(4436, 251, 'Ivano-Frankivs''ka Oblast''', 'IF', 'UP06'),
(4437, 251, 'Kharkivs''ka Oblast''', 'KK', 'UP07'),
(4438, 251, 'Khersons''ka Oblast''', 'KS', 'UP08'),
(4439, 251, 'Khmel''nyts''ka Oblast''', 'KM', 'UP09'),
(4440, 251, 'Kirovohrads''ka Oblast''', 'KH', 'UP10'),
(4441, 251, 'Avtonomna Respublika Krym', 'KR', 'UP11'),
(4442, 251, 'Misto Kyyiv', 'KC', 'UP12'),
(4443, 251, 'Kyyivs''ka Oblast''', 'KV', 'UP13'),
(4444, 251, 'Luhans''ka Oblast''', 'LH', 'UP14'),
(4445, 251, 'L''vivs''ka Oblast''', 'LV', 'UP15'),
(4446, 251, 'Mykolayivs''ka Oblast''', 'MY', 'UP16'),
(4447, 251, 'Odes''ka Oblast', 'OD', 'UP17'),
(4448, 251, 'Poltavs''ka Oblast''', 'PL', 'UP18'),
(4449, 251, 'Rivnens''ka Oblast''', 'RV', 'UP19'),
(4450, 251, 'Misto Sevastopol', 'SC', 'UP20'),
(4451, 251, 'Sums''ka Oblast''', 'SM', 'UP21'),
(4452, 251, 'Ternopil''s''ka Oblast''', 'TP', 'UP22'),
(4453, 251, 'Vinnyts''ka Oblast''', 'VI', 'UP23'),
(4454, 251, 'Volyns''ka Oblast''', 'VO', 'UP24'),
(4455, 251, 'Zakarpats''ka Oblast''', 'ZK', 'UP25'),
(4456, 251, 'Zaporiz''ka Oblast''', 'ZP', 'UP26'),
(4457, 251, 'Zhytomyrs''ka Oblast''', 'ZT', 'UP27'),
(4458, 38, 'Bam', 'BM', 'UV15'),
(4459, 38, 'Bazega', 'BZ', 'UV16'),
(4460, 38, 'Bougouriba', 'BB', 'UV17'),
(4461, 38, 'Boulgou', 'BL', 'UV18'),
(4462, 38, 'Boulkiemde', 'BK', 'UV19'),
(4463, 38, 'Ganzourgou', 'GZ', 'UV20'),
(4464, 38, 'Gnagna', 'GG', 'UV21'),
(4465, 38, 'Gourma', 'GM', 'UV22'),
(4466, 38, 'Houe', 'HO', 'UV23'),
(4467, 38, 'Kadiogo', 'KA', 'UV24'),
(4468, 38, 'Kenedougou', 'KN', 'UV25'),
(4469, 38, 'Komoe', 'KM', 'UV26'),
(4470, 38, 'Kossi', 'KS', 'UV27'),
(4471, 38, 'Kouritenga', 'KR', 'UV28'),
(4472, 38, 'Mouhoun', 'MO', 'UV29'),
(4473, 38, 'Namentenga', 'NM', 'UV30'),
(4474, 38, 'Naouri', 'NR', 'UV31'),
(4475, 38, 'Oubritenga', 'OB', 'UV32'),
(4476, 38, 'Oudalan', 'OD', 'UV33'),
(4477, 38, 'Passore', 'PA', 'UV34'),
(4478, 38, 'Poni', 'PO', 'UV35'),
(4479, 38, 'Sanguie', 'SG', 'UV36'),
(4480, 38, 'Sanmatenga', 'ST', 'UV37'),
(4481, 38, 'Seno', 'SE', 'UV38'),
(4482, 38, 'Sissili', 'SS', 'UV39'),
(4483, 38, 'Soum', 'SM', 'UV40'),
(4484, 38, 'Sourou', 'SR', 'UV41'),
(4485, 38, 'Tapoa', 'TA', 'UV42'),
(4486, 38, 'Yatenga', 'YT', 'UV43'),
(4487, 38, 'Zoundweogo', 'ZW', 'UV44'),
(4488, 256, 'Artigas', 'AR', 'UY01'),
(4489, 256, 'Canelones', 'CA', 'UY02'),
(4490, 256, 'Cerro Largo', 'CL', 'UY03'),
(4491, 256, 'Colonia', 'CO', 'UY04'),
(4492, 256, 'Durazno', 'DU', 'UY05'),
(4493, 256, 'Flores', 'FS', 'UY06'),
(4494, 256, 'Florida', 'FD', 'UY07'),
(4495, 256, 'Lavalleja', 'LA', 'UY08'),
(4496, 256, 'Maldonado', 'MA', 'UY09'),
(4497, 256, 'Montevideo', 'MO', 'UY10'),
(4498, 256, 'Paysandu', 'PA', 'UY11'),
(4499, 256, 'Rio Negro', 'RN', 'UY12'),
(4500, 256, 'Rivera', 'RV', 'UY13'),
(4501, 256, 'Rocha', 'RO', 'UY14'),
(4502, 256, 'Salto', 'SA', 'UY15'),
(4503, 256, 'San Jose', 'SJ', 'UY16'),
(4504, 256, 'Soriano', 'SO', 'UY17'),
(4505, 256, 'Tacuarembo', 'TA', 'UY18'),
(4506, 256, 'Treinta y Tres', 'TT', 'UY19'),
(4507, 257, 'Andijon', 'AN', 'UZ01'),
(4508, 257, 'Bukhoro', 'BU', 'UZ02'),
(4509, 257, 'Farghona', 'FA', 'UZ03'),
(4510, 257, 'Jizzakh', 'JI', 'UZ15'),
(4511, 257, 'Khorazm', 'KH', 'UZ05'),
(4512, 257, 'Namangan', 'NG', 'UZ06'),
(4513, 257, 'Nawoiy', 'NW', 'UZ07'),
(4514, 257, 'Qashqadaryo', 'QA', 'UZ08'),
(4515, 257, 'Qoraqalpoghiston', 'QR', 'UZ09'),
(4516, 257, 'Samarqand', 'SA', 'UZ10'),
(4517, 257, 'Sirdaryo', 'SI', 'UZ15'),
(4518, 257, 'Surkhondaryo', 'SU', 'UZ12'),
(4519, 257, 'Toshkent', 'TO', 'UZ14'),
(4520, 209, 'Charlotte', 'CH', 'VC01'),
(4521, 209, 'Saint Andrew', 'AN', 'VC02'),
(4522, 209, 'Saint David', 'DA', 'VC03'),
(4523, 209, 'Saint George', 'GE', 'VC04'),
(4524, 209, 'Saint Patrick', 'PA', 'VC05'),
(4525, 209, 'Grenadines', 'GT', 'VC06'),
(4526, 259, 'Amazonas', 'AM', 'VE01'),
(4527, 259, 'Anzoategui', 'AN', 'VE02'),
(4528, 259, 'Apure', 'AP', 'VE03'),
(4529, 259, 'Aragua', 'AR', 'VE04'),
(4530, 259, 'Barinas', 'BA', 'VE05'),
(4531, 259, 'Bolivar', 'BO', 'VE06'),
(4532, 259, 'Carabobo', 'CA', 'VE07'),
(4533, 259, 'Cojedes', 'CO', 'VE08'),
(4534, 259, 'Delta Amacuro', 'DA', 'VE09'),
(4535, 259, 'Distrito Federal', 'DF', 'VE25'),
(4536, 259, 'Falcon', 'FA', 'VE11'),
(4537, 259, 'Guarico', 'GU', 'VE12'),
(4538, 259, 'Lara', 'LA', 'VE13'),
(4539, 259, 'Merida', 'ME', 'VE14'),
(4540, 259, 'Miranda', 'MI', 'VE15'),
(4541, 259, 'Monagas', 'MO', 'VE16'),
(4542, 259, 'Nueva Esparta', 'NE', 'VE17'),
(4543, 259, 'Portuguesa', 'PO', 'VE18'),
(4544, 259, 'Sucre', 'SU', 'VE19'),
(4545, 259, 'Tachira', 'TA', 'VE20'),
(4546, 259, 'Trujillo', 'TR', 'VE21'),
(4547, 259, 'Yaracuy', 'YA', 'VE22'),
(4548, 259, 'Zulia', 'ZU', 'VE23'),
(4549, 259, 'Dependencias Federales', 'DP', 'VE24'),
(4551, 260, 'An Giang', 'AG', 'VM01'),
(4553, 260, 'Ben Tre', 'BR', 'VM03'),
(4555, 260, 'Cao Bang', 'CB', 'VM05'),
(4557, 260, 'Dak Lak', 'DL', 'VM07'),
(4558, 260, 'Dong Thap', 'DT', 'VM09'),
(4562, 260, 'Hai Phong', 'HP', 'VM13'),
(4564, 260, 'Ha Noi', 'HN', 'VM44'),
(4568, 260, 'Ho Chi Minh', 'HC', 'VM20'),
(4569, 260, 'Kien Giang', 'KG', 'VM21'),
(4570, 260, 'Lai Chau', 'LC', 'VM22'),
(4571, 260, 'Lam Dong', 'LD', 'VM23'),
(4572, 260, 'Long An', 'LA', 'VM24'),
(4578, 260, 'Quang Ninh', 'QN', 'VM30'),
(4580, 260, 'Son La', 'SL', 'VM32'),
(4581, 260, 'Tay Ninh', 'TN', 'VM33'),
(4582, 260, 'Thanh Hoa', 'TH', 'VM34'),
(4583, 260, 'Thai Binh', 'TB', 'VM35'),
(4585, 260, 'Tien Giang', 'TG', 'VM37'),
(4587, 260, 'Lang Son', 'LS', 'VM39'),
(4590, 260, 'Dong Nai', 'DN', 'VM43'),
(4591, 260, 'Ba Ria-Vung Tau', 'BV', 'VM45'),
(4592, 260, 'Binh Dinh', 'BD', 'VM46'),
(4593, 260, 'Binh Thuan', 'BU', 'VM47'),
(4594, 260, 'Can Tho', 'CT', 'VM48'),
(4595, 260, 'Gia Lai', 'GL', 'VM49'),
(4596, 260, 'Ha Giang', 'HG', 'VM50'),
(4597, 260, 'Ha Tay', 'HA', 'VM51'),
(4598, 260, 'Ha Tinh', 'HT', 'VM52'),
(4599, 260, 'Hoa Binh', 'HO', 'VM53'),
(4600, 260, 'Khanh Hoa', 'KH', 'VM54'),
(4601, 260, 'Kon Tum', 'KT', 'VM55'),
(4602, 260, 'Lao Cai', 'LO', 'VM56'),
(4604, 260, 'Nghe An', 'NA', 'VM58'),
(4605, 260, 'Ninh Binh', 'NB', 'VM59'),
(4606, 260, 'Ninh Thuan', 'NT', 'VM60'),
(4607, 260, 'Phu Yen', 'PY', 'VM61'),
(4608, 260, 'Quang Binh', 'QB', 'VM62'),
(4609, 260, 'Quang Ngai', 'QG', 'VM63'),
(4610, 260, 'Quang Tri', 'QT', 'VM64'),
(4611, 260, 'Soc Trang', 'ST', 'VM65'),
(4612, 260, 'Thura Thien-Hue', 'TT', 'VM66'),
(4613, 260, 'Tra Vinh', 'TV', 'VM67'),
(4614, 260, 'Tuyen Quang', 'TQ', 'VM68'),
(4615, 260, 'Vinh Long', 'VL', 'VM69'),
(4616, 260, 'Yen Bai', 'YB', 'VM70'),
(4617, 260, 'Bac Giang', 'BG', 'VM71'),
(4618, 260, 'Bac Kan', 'BK', 'VM72'),
(4619, 260, 'Bac Lieu', 'BL', 'VM73'),
(4620, 260, 'Bac Ninh', 'BN', 'VM74'),
(4621, 260, 'Bin Duong', 'BI', 'VM75'),
(4622, 260, 'Bin Phuoc', 'BP', 'VM76'),
(4623, 260, 'Ca Mau', 'CM', 'VM77'),
(4624, 260, 'Da Nang', 'DA', 'VM78'),
(4625, 260, 'Hai Duong', 'HD', 'VM79'),
(4626, 260, 'Ha Nam', 'HM', 'VM80'),
(4627, 260, 'Hung Yen', 'HY', 'VM81'),
(4628, 260, 'Nam Dinh', 'ND', 'VM82'),
(4629, 260, 'Phu Tho', 'PT', 'VM83'),
(4630, 260, 'Quang Nam', 'QM', 'VM84'),
(4631, 260, 'Thai Nguyen', 'TY', 'VM85'),
(4632, 260, 'Vinh Phuc', 'VC', 'VM86'),
(4635, 171, 'Khomas', 'KH', 'WA21'),
(4636, 171, 'Caprivi', 'CA', 'WA28'),
(4637, 171, 'Erongo', 'ER', 'WA29'),
(4638, 171, 'Hardap', 'HA', 'WA30'),
(4639, 171, 'Karas', 'KA', 'WA31'),
(4640, 171, 'Kunene', 'KU', 'WA32'),
(4641, 171, 'Ohangwena', 'OW', 'WA33'),
(4642, 171, 'Okavango', 'OK', 'WA34'),
(4643, 171, 'Omaheke', 'OH', 'WA35'),
(4644, 171, 'Omusati', 'OS', 'WA36'),
(4645, 171, 'Oshana', 'ON', 'WA37'),
(4646, 171, 'Oshikoto', 'OT', 'WA38'),
(4647, 171, 'Otjozondjupa', 'OD', 'WA39'),
(4648, 210, 'A''ana', 'AA', 'WS01'),
(4649, 210, 'Aiga-i-le-Tai', 'AL', 'WS02'),
(4650, 210, 'Atua', 'AT', 'WS03'),
(4651, 210, 'Fa''asaleleaga', 'FA', 'WS04'),
(4652, 210, 'Gaga''emauga', 'GE', 'WS05'),
(4653, 210, 'Va''a-o-Fonoti', 'VF', 'WS06'),
(4654, 210, 'Gagaifomauga', 'GI', 'WS07'),
(4655, 210, 'Palauli', 'PA', 'WS08'),
(4656, 210, 'Satupa''itea', 'SA', 'WS09'),
(4657, 210, 'Tuamasaga', 'TU', 'WS10'),
(4658, 210, 'Vaisigano', 'VS', 'WS11'),
(4659, 232, 'Hhohho', 'HH', 'WZ01'),
(4660, 232, 'Lubombo', 'LU', 'WZ02'),
(4661, 232, 'Manzini', 'MA', 'WZ03'),
(4662, 232, 'Shiselweni', 'SH', 'WZ04'),
(4663, 270, 'Abyan', 'AB', 'YM01'),
(4664, 270, '''Adan', 'AD', 'YM02'),
(4665, 270, 'Al Mahrah', 'MR', 'YM03'),
(4666, 270, 'Hadramawt', 'HD', 'YM04'),
(4667, 270, 'Shabwah', 'SH', 'YM05'),
(4668, 270, 'Lahij', 'LA', 'YM06'),
(4669, 270, 'Al Bayda''', 'BA', 'YM07'),
(4670, 270, 'Al Hudaydah', 'HU', 'YM08'),
(4671, 270, 'Al Jawf', 'JA', 'YM09'),
(4672, 270, 'Al Mahwit', 'MW', 'YM10'),
(4673, 270, 'Dhamar', 'DH', 'YM11'),
(4674, 270, 'Hajjah', 'HJ', 'YM12'),
(4675, 270, 'Ibb', 'IB', 'YM13'),
(4676, 270, 'Ma''rib', 'MA', 'YM14'),
(4677, 270, 'Sa''dah', 'SD', 'YM15'),
(4678, 270, 'San''a''', 'SN', 'YM16'),
(4679, 270, 'Ta''izz', 'TA', 'YM17'),
(4680, 273, 'North-Western', 'WE', 'ZA01'),
(4681, 273, 'Copperbelt', 'CE', 'ZA02'),
(4682, 273, 'Western', 'EA', 'ZA03'),
(4683, 273, 'Southern', 'LP', 'ZA04'),
(4684, 273, 'Central', 'NO', 'ZA05'),
(4685, 273, 'Eastern', 'NW', 'ZA06'),
(4686, 273, 'Northern', 'SO', 'ZA07'),
(4687, 273, 'Luapula', 'CO', 'ZA08'),
(4688, 273, 'Lusaka', 'LS', 'ZA09'),
(4689, 274, 'Manicaland', 'MA', 'ZI01'),
(4690, 274, 'Midlands', 'MI', 'ZI02'),
(4691, 274, 'Mashonaland Central', 'MC', 'ZI03'),
(4692, 274, 'Mashonaland East', 'ME', 'ZI04'),
(4693, 274, 'Mashonaland West', 'MW', 'ZI05'),
(4694, 274, 'Matabeleland North', 'MN', 'ZI06'),
(4695, 274, 'Matabeleland South', 'MS', 'ZI07'),
(4696, 274, 'Masvingo', 'MV', 'ZI08'),
(4706, 178, 'Auckland', 'AU', '    '),
(4721, 178, 'Wellington', 'WG', '    '),
(4723, 178, 'Canterbury', 'CA', '    '),
(4729, 178, 'Bay of Plenty', 'BP', '    '),
(4741, 178, 'Northland', 'NO', '    '),
(4744, 178, 'Otago', 'OT', '    '),
(4761, 8, 'Enderby Land', 'EL', '    '),
(4763, 8, 'Ross Island', 'RI', '    '),
(4814, 178, 'Chatham Islands', 'CI', '    '),
(4879, 81, 'Etela-Suomen Laani', 'ES', 'FI13'),
(4975, 156, 'Nouakchott', 'NO', '    '),
(4996, 43, 'Nunavut', 'NU', 'CA14'),
(4997, 252, 'United Arab Emigrates (general)', 'UA', 'AE00'),
(4998, 252, 'Abu Zaby', 'AZ', 'AE01'),
(4999, 252, '''Ajman', 'AJ', 'AE02'),
(5002, 252, 'Dubayy', 'DU', 'AE03'),
(5003, 252, 'Al Fujayrah', 'FU', 'AE04'),
(5004, 252, 'Ra''s al Khaymah', 'RK', 'AE05'),
(5005, 252, 'Ash Shariqah', 'SH', 'AE06'),
(5006, 252, 'Umm al Qaywayn', 'UQ', 'AE07'),
(5007, 178, 'Gisborne', 'GI', '    '),
(5010, 178, 'Nelson', 'NE', '    '),
(5018, 178, 'Tasman', 'TS', '    '),
(5019, 178, 'Wanganui-Manawatu', 'MW', '    '),
(5020, 178, 'West Coast', 'WC', '    '),
(5022, 81, 'Ita-Suomen Laani', 'IS', 'FI14'),
(5023, 81, 'Lansi-Suomen Laani', 'LS', 'FI15'),
(5025, 61, 'Bjelovarsko-Bilogorska', 'BB', 'HR01'),
(5026, 61, 'Brodsko-Posavka', 'SP', 'HR02'),
(5027, 61, 'Dubrovacko-Neretvanska', 'DN', 'HR03'),
(5028, 61, 'Istarska', 'IS', 'HR04'),
(5029, 61, 'Karlovacka', 'KA', 'HR05'),
(5030, 61, 'Koprivnicko-Krizevacka', 'KK', 'HR06'),
(5031, 61, 'Krapinsko-Zagorska', 'KZ', 'HR07'),
(5032, 61, 'Licko-Senjska', 'LS', 'HR08'),
(5033, 61, 'Medimurska', 'ME', 'HR09'),
(5034, 61, 'Osjecko-Baranjska', 'OB', 'HR10'),
(5035, 61, 'Pozesko-Slavonska', 'PS', 'HR11'),
(5036, 61, 'Primorsko-Goranska', 'PG', 'HR12'),
(5037, 61, 'Sibensko-Kninska', 'SB', 'HR13'),
(5038, 61, 'Sisacko-Moslavacka', 'SM', 'HR14'),
(5039, 61, 'Splitsko-Dalmatinska', 'SD', 'HR15'),
(5040, 61, 'Varazdinska', 'VA', 'HR16'),
(5041, 61, 'Viroviticko-Podravska', 'VP', 'HR17'),
(5042, 61, 'Vukovarsko-Srijemska', 'VS', 'HR18'),
(5043, 61, 'Zadarska', 'ZD', 'HR19'),
(5044, 61, 'Zagrebacka', 'ZG', 'HR20'),
(5045, 61, 'Grad Zagreb', 'GZ', 'HR21'),
(5047, 176, 'Curacao', 'CU', '    '),
(5048, 176, 'Bonaire', 'BO', '    '),
(5049, 176, 'St Maarten', 'SM', '    '),
(5051, 24, 'Brussels', 'BU', 'BE11'),
(5052, 5, 'Escaldes-Engordany', 'EE', 'AN08'),
(5053, 247, 'Ahal', 'AL', 'TX01'),
(5054, 247, 'Balkan', 'BA', 'TX02'),
(5055, 247, 'Dashhowuz', 'DA', 'TX03'),
(5056, 247, 'Lebap', 'LE', 'TX04'),
(5057, 247, 'Mary', 'MA', 'TX05'),
(5058, 41, 'Pailin', 'PL', 'CB30'),
(5059, 70, 'Orellana', 'OR', 'EC24'),
(5060, 114, 'Maluku Utara', 'MU', 'ID29'),
(5061, 259, 'Vargas', 'VA', 'VE26'),
(5062, 271, 'Crna Gora (Montenegro)', 'CG', 'YI01'),
(5063, 271, 'Srbija (Serbia)', 'SR', 'YI02'),
(5064, 55, 'Maniema', 'MN', 'CG10'),
(5065, 55, 'Nord-Kivu', 'NK', 'CG11'),
(5066, 55, 'Sud-Kivu', 'SK', 'CG12'),
(5067, 126, 'Ajlun', 'AJ', 'JO20'),
(5068, 126, 'Al Aqabah', 'AQ', 'JO21'),
(5069, 126, 'Jarash', 'JA', 'JO22'),
(5070, 126, 'Madaba', 'MD', 'JO23'),
(5071, 258, 'Malampa', 'ML', 'NH16'),
(5072, 258, 'Penama', 'PM', 'NH17'),
(5073, 258, 'Shefa', 'SE', 'NH18'),
(5074, 181, 'Bayelsa', 'BY', 'NI52'),
(5075, 181, 'Ebonyi', 'EB', 'NI53'),
(5079, 181, 'Ekiti', 'EK', 'NI54'),
(5080, 181, 'Gombe', 'GO', 'NI55'),
(5081, 181, 'Nassarawa', 'NA', 'NI56'),
(5082, 181, 'Zamfara', 'ZA', 'NI57'),
(5083, 163, 'Lapusna', 'LP', 'MD52'),
(5084, 163, 'Tighina', 'TG', 'MD55'),
(5085, 37, 'Blagoevgrad', 'BL', 'BU38'),
(5086, 37, 'Dobrich', 'DO', 'BU40'),
(5087, 37, 'Gabrovo ', 'GB', 'BU41'),
(5088, 37, 'Kurdzhali', 'KZ', 'BU44'),
(5089, 37, 'Kyustendil', 'KY', 'BU45'),
(5090, 37, 'Pazardzhik', 'PZ', 'BU48'),
(5091, 37, 'Pernik', 'PN', 'BU49'),
(5092, 37, 'Pleven', 'PV', 'BU50'),
(5093, 37, 'Ruse', 'RS', 'BU53'),
(5094, 37, 'Shumen', 'SH', 'BU54'),
(5095, 37, 'Silistra', 'SI', 'BU55'),
(5096, 37, 'Sliven', 'SL', 'BU56'),
(5097, 37, 'Smolyan', 'SM', 'BU57'),
(5098, 37, 'Stara Zagora', 'SZ', 'BU59'),
(5099, 37, 'Turgovishte', 'TU', 'BU60'),
(5100, 37, 'Veliko Turnovo', 'VT', 'BU62'),
(5101, 37, 'Vidin', 'VD', 'BU63'),
(5102, 37, 'Vratsa', 'VR', 'BU64'),
(5103, 37, 'Yambol', 'YA', 'BU65'),
(5104, 115, 'Golestan', 'GO', 'IR37'),
(5105, 115, 'Qazvin', 'QZ', 'IR38'),
(5106, 115, 'Qom', 'QM', 'IR39'),
(5107, 246, 'Ardahan', 'AR', 'TU86'),
(5108, 246, 'Bartin', 'BR', 'TU87'),
(5109, 246, 'Igdir', 'IG', 'TU88'),
(5110, 246, 'Karabuk', 'KB', 'TU89'),
(5111, 246, 'Kilis', 'KI', 'TU90'),
(5112, 246, 'Osmaniye', 'OS', 'TU91'),
(5113, 246, 'Yalova', 'YL', 'TU92'),
(5114, 18, 'Ar Rifa'' wa al Mintaqah al Janubiyah', 'RF', 'BA13'),
(5115, 30, 'Republika Srpska', 'SR', 'BK02'),
(5116, 30, 'Federation of Bosnia and Herzegovina', 'BF', 'BK01'),
(5118, 135, 'Batken', 'BA', 'KG09'),
(5119, 132, 'P''yongan-bukto', 'PB', 'KN11'),
(5120, 203, 'Tyva', 'TU', 'RS79'),
(5122, 64, 'Jihomoravsky Kraj', 'JM', 'EZ78'),
(5123, 64, 'Jihocesky Kraj', 'JC', 'EZ79'),
(5124, 64, 'Vysocina', 'VY', 'EZ80'),
(5125, 64, 'Karlovarsky Kraj', 'KA', 'EZ81'),
(5126, 64, 'Kralovehradecky Kraj', 'KR', 'EZ82'),
(5127, 64, 'Liberecky Kraj', 'LI', 'EZ83'),
(5128, 64, 'Olomoucky Kraj', 'OL', 'EZ84'),
(5129, 64, 'Moravskoslezsky Kraj', 'MO', 'EZ85'),
(5130, 64, 'Pardubicky Kraj', 'PA', 'EZ86'),
(5131, 64, 'Plzensky Kraj', 'PL', 'EZ87'),
(5132, 64, 'Stredocesky Kraj', 'ST', 'EZ88'),
(5133, 64, 'Ustecky Kraj', 'US', 'EZ89'),
(5134, 64, 'Zlinsky Kraj', 'ZL', 'EZ90'),
(5135, 146, 'Aracinovo', 'AR', 'MK01'),
(5136, 146, 'Bac', 'BA', 'MK02'),
(5137, 146, 'Belcista', 'BE', 'MK03'),
(5138, 146, 'Berovo', 'BR', 'MK04'),
(5139, 146, 'Bistrica', 'BI', 'MK05'),
(5140, 146, 'Bitola', 'BO', 'MK06'),
(5141, 146, 'Blatec', 'BL', 'MK07'),
(5142, 146, 'Bogdanci', 'BG', 'MK08'),
(5143, 146, 'Bogomila', 'BM', 'MK09'),
(5144, 146, 'Bogovinje', 'BJ', 'MK10'),
(5145, 146, 'Bosilovo', 'BS', 'MK11'),
(5146, 146, 'Brvenica', 'BN', 'MK12'),
(5147, 146, 'Cair', 'CR', 'MK13'),
(5148, 146, 'Capari', 'CP', 'MK14'),
(5149, 146, 'Caska', 'CK', 'MK15'),
(5150, 146, 'Cegrane', 'CG', 'MK16'),
(5151, 146, 'Centar', 'CE', 'MK17'),
(5152, 146, 'Centar Zupa', 'CZ', 'MK18'),
(5153, 146, 'Cesinovo', 'CN', 'MK19'),
(5154, 146, 'Cucer-Sandevo', 'CS', 'MK20'),
(5155, 146, 'Debar', 'DB', 'MK21'),
(5156, 146, 'Delcevo', 'DL', 'MK22'),
(5157, 146, 'Delogozdi', 'DG', 'MK23'),
(5158, 146, 'Demir Hisar', 'DX', 'MK24'),
(5159, 146, 'Demir Kapija', 'DK', 'MK25'),
(5160, 146, 'Dobrusevo', 'DO', 'MK26'),
(5161, 146, 'Dolna Banjica', 'DJ', 'MK27'),
(5162, 146, 'Dolneni', 'DN', 'MK28'),
(5163, 146, 'Dorce Petrov', 'GP', 'MK29'),
(5164, 146, 'Drugovo', 'DR', 'MK30'),
(5165, 146, 'Dzepciste', 'DZ', 'MK31'),
(5166, 146, 'Gazi Baba', 'GB', 'MK32'),
(5167, 146, 'Gevgelija', 'GE', 'MK33'),
(5168, 146, 'Gostivar', 'GO', 'MK34'),
(5169, 146, 'Gradsko', 'GR', 'MK35'),
(5170, 146, 'Ilinden', 'IL', 'MK36'),
(5171, 146, 'Izvor', 'IZ', 'MK37'),
(5172, 146, 'Jegunovce', 'JE', 'MK38'),
(5173, 146, 'Kamenjane', 'KJ', 'MK39'),
(5174, 146, 'Karbinci', 'KB', 'MK40'),
(5175, 146, 'Karpos', 'KX', 'MK41'),
(5176, 146, 'Kavadarci', 'KD', 'MK42'),
(5177, 146, 'Kicevo', 'KH', 'MK43'),
(5178, 146, 'Kisela Voda', 'KV', 'MK44'),
(5179, 146, 'Klecevce', 'KL', 'MK45'),
(5180, 146, 'Kocani', 'KC', 'MK46'),
(5181, 146, 'Konce', 'KN', 'MK47'),
(5182, 146, 'Kondovo', 'KW', 'MK48'),
(5183, 146, 'Konopiste', 'KF', 'MK49'),
(5184, 146, 'Kosel', 'KE', 'MK50'),
(5185, 146, 'Kartovo', 'KY', 'MK51'),
(5186, 146, 'Kriva Palanka', 'KZ', 'MK52'),
(5187, 146, 'Krivogastani', 'KG', 'MK53'),
(5188, 146, 'Krusevo', 'KS', 'MK54'),
(5189, 146, 'Kuklis', 'KK', 'MK55'),
(5190, 146, 'Kukurecani', 'KQ', 'MK56'),
(5191, 146, 'Kumanovo', 'KM', 'MK57'),
(5192, 146, 'Labunista', 'LA', 'MK58'),
(5193, 146, 'Lipkovo', 'LI', 'MK59'),
(5194, 146, 'Lozovo', 'LO', 'MK60'),
(5195, 146, 'Lukovo', 'LU', 'MK61'),
(5196, 146, 'Makedonska Kamenica', 'MM', 'MK62'),
(5197, 146, 'Makedonski Brod', 'MB', 'MK63'),
(5198, 146, 'Mavrovi Anovi', 'MA', 'MK64'),
(5199, 146, 'Meseista', 'ME', 'MK65'),
(5200, 146, 'Miravci', 'MI', 'MK66'),
(5201, 146, 'Mogila', 'MO', 'MK67'),
(5202, 146, 'Murtino', 'MU', 'MK68'),
(5203, 146, 'Negotino', 'NG', 'MK69'),
(5204, 146, 'Negotino-Polosko', 'NP', 'MK70'),
(5205, 146, 'Novaci', 'NO', 'MK71'),
(5206, 146, 'Novo Selo', 'NS', 'MK72'),
(5207, 146, 'Oblesevo', 'OB', 'MK73'),
(5208, 146, 'Ohrid', 'OX', 'MK74'),
(5209, 146, 'Orasac', 'OR', 'MK75'),
(5210, 146, 'Orizari', 'OZ', 'MK76'),
(5211, 146, 'Oslomej', 'OS', 'MK77'),
(5212, 146, 'Pehcevo', 'PH', 'MK78'),
(5213, 146, 'Petrovec', 'PE', 'MK79'),
(5214, 146, 'Plasnica', 'PN', 'MK80'),
(5215, 146, 'Podares', 'PO', 'MK81'),
(5216, 146, 'Prilep', 'PR', 'MK82'),
(5217, 146, 'Probistip', 'PB', 'MK83'),
(5218, 146, 'Radovis', 'RD', 'MK84'),
(5219, 146, 'Rankovce', 'RN', 'MK85'),
(5220, 146, 'Resen', 'RE', 'MK86'),
(5221, 146, 'Rosoman', 'RM', 'MK87'),
(5222, 146, 'Rostusa', 'RT', 'MK88'),
(5223, 146, 'Samokov', 'SA', 'MK89'),
(5224, 146, 'Saraj', 'SJ', 'MK90'),
(5225, 146, 'Sipkovica', 'SI', 'MK91'),
(5226, 146, 'Sopiste', 'SS', 'MK92'),
(5227, 146, 'Sopotnica', 'SC', 'MK93'),
(5228, 146, 'Srbinovo', 'SB', 'MK94'),
(5229, 146, 'Staravina', 'SV', 'MK95'),
(5230, 146, 'Star Dojran', 'SD', 'MK96'),
(5231, 146, 'Star Nagoricane', 'SE', 'MK97'),
(5232, 146, 'Stip', 'ST', 'MK98'),
(5233, 146, 'Struga', 'SQ', 'MK99'),
(5234, 146, 'Strumica', 'SR', 'MKA1'),
(5235, 146, 'Studenicani', 'SU', 'MKA2'),
(5236, 146, 'Suto Orizari', 'SO', 'MKA3'),
(5237, 146, 'Sveti Nikole', 'SL', 'MKA4'),
(5238, 146, 'Tearce', 'TR', 'MKA5'),
(5239, 146, 'Tetovo', 'TT', 'MKA6'),
(5240, 146, 'Topolcani', 'TO', 'MKA7'),
(5241, 146, 'Valandovo', 'VA', 'MKA8'),
(5242, 146, 'Vasilevo', 'VL', 'MKA9'),
(5243, 146, 'Veles', 'VE', 'MKB1'),
(5244, 146, 'Velesta', 'VS', 'MKB2'),
(5245, 146, 'Vevcani', 'VV', 'MKB3'),
(5246, 146, 'Vinica', 'VN', 'MKB4'),
(5247, 146, 'Vitoliste', 'VT', 'MKB5'),
(5248, 146, 'Vranestica', 'VC', 'MKB6'),
(5249, 146, 'Vrapciste', 'VP', 'MKB7'),
(5250, 146, 'Vratnica', 'VR', 'MKB8'),
(5251, 146, 'Vrutok', 'VK', 'MKB9'),
(5252, 146, 'Zajas', 'ZA', 'MKC1'),
(5253, 146, 'Zelenikovo', 'ZK', 'MKC2'),
(5254, 146, 'Zelino', 'ZE', 'MKC3'),
(5255, 146, 'Zitose', 'ZI', 'MKC4'),
(5256, 146, 'Zletovo', 'ZL', 'MKC5'),
(5257, 146, 'Zrnovci', 'ZR', 'MKC6'),
(5258, 271, 'Kosovo', 'KM', '    '),
(5259, 113, 'Uttaranchal', 'UL', 'IN39'),
(5260, 254, 'AOL', 'AO', '    '),
(5261, 254, 'WebTV', 'WE', '    '),
(5262, 14, 'AOL', 'AO', '    '),
(5263, 253, 'AOL', 'AO', '    '),
(5264, 33, 'AOL', 'AO', '    '),
(5265, 122, 'AOL', 'AO', '    '),
(5266, 91, 'AOL', 'AO', '    '),
(5267, 113, 'Chhattisgarh', 'CT', 'IN37'),
(5268, 113, 'Jharkhand', 'JH', 'IN38'),
(5269, 40, 'Mwaro', 'MW', 'BY23'),
(5270, 274, 'Bulawayo', 'BU', 'ZI09'),
(5271, 274, 'Harare', 'HA', 'ZI10'),
(5272, 60, 'Adiake', 'AD', 'IV63'),
(5273, 60, 'Alepe', 'AL', 'IV64'),
(5274, 60, 'Bocanda', 'BN', 'IV65'),
(5275, 60, 'Dabou', 'DA', 'IV66'),
(5276, 60, 'Grand-Bassam', 'GR', 'IV68'),
(5277, 60, 'Jacqueville', 'JA', 'IV70'),
(5278, 60, 'Toulepleu', 'TP', 'IV72'),
(5279, 102, 'Mandiana', 'MD', 'GV37'),
(5280, 102, 'Lola', 'LO', 'GV36'),
(5281, 102, 'Lelouma', 'LE', 'GV35'),
(5282, 102, 'Koubia', 'KB', 'GV33'),
(5283, 102, 'Coyah', 'CO', 'GV30'),
(5284, 114, 'Gorontalo', 'GO', 'ID34'),
(5285, 114, 'Kepulauan Bangka Belitung', 'BB', 'ID35'),
(5286, 114, 'Banten', 'BT', 'ID33'),
(5287, 133, 'Ulsan-gwangyoksi', 'UL', 'KS21'),
(5289, 250, 'Sembabule', 'SE', 'UG74'),
(5290, 250, 'Nakasongola', 'NA', 'UG73'),
(5291, 250, 'Katakwi', 'KW', 'UG69'),
(5292, 250, 'Busia', 'BU', 'UG67'),
(5293, 250, 'Bugiri', 'BG', 'UG66'),
(5294, 250, 'Adjumani', 'AD', 'UG65'),
(5295, 138, 'Nabatiye', 'NA', 'LE07'),
(5296, 1, 'Khost', 'KT', '    '),
(5297, 1, 'Nuristan', 'NR', '    '),
(5298, 16, 'Sarur', 'SR', '    '),
(5299, 16, 'Sahbuz', 'SH', '    '),
(5300, 16, 'Sadarak', 'SD', '    '),
(5301, 16, 'Ordubud', 'OR', '    '),
(5302, 16, 'Babak', 'BB', '    '),
(5303, 20, 'Barisal', 'BA', '    '),
(5304, 20, 'Sylhet', 'SY', '    '),
(5305, 24, 'Brabant Wallon', 'BW', 'BE10'),
(5306, 24, 'Vlaams-Brabant', 'VB', 'BE12'),
(5308, 27, 'Hamilton', 'HA', 'BD02'),
(5309, 4, 'Eastern Tutuila', 'ET', '    '),
(5310, 4, 'Unorganized', 'UU', '    '),
(5311, 4, 'Western Tutuila', 'WT', '    '),
(5312, 4, 'Manu''a', 'MA', '    '),
(5313, 30, 'Brcko District', 'BR', 'BKBD'),
(5314, 28, 'Tashi Yangtse', 'TY', '    '),
(5315, 28, 'Gasa', 'GA', '    '),
(5316, 26, 'Plateau', 'PL', '    '),
(5317, 26, 'Littoral', 'LI', '    '),
(5318, 26, 'Donga', 'DO', '    '),
(5319, 26, 'Couffo', 'CF', '    '),
(5320, 26, 'Collines', 'CL', '    '),
(5321, 26, 'Alibori', 'AL', '    '),
(5322, 90, 'Guria', 'GU', '    '),
(5323, 90, 'Imereti', 'IM', '    '),
(5324, 90, 'Kakheti', 'KA', '    '),
(5325, 90, 'Kvemo Kartli', 'KK', '    '),
(5327, 90, 'Mtskheta-Mtianeti', 'MM', '    '),
(5328, 90, 'Racha-Lochkhumi-Kvemo Svaneti', 'RL', '    '),
(5329, 90, 'Samegrelo-Zemo Svateni', 'SZ', '    '),
(5330, 90, 'Samtskhe-Javakheti', 'SJ', '    '),
(5331, 90, 'Shida Kartli', 'SK', '    '),
(5332, 165, 'Govi-Sumber', 'GS', 'MG24'),
(5333, 165, 'Darhan Uul', 'DA', 'MG23'),
(5334, 132, 'Najin Sonbong-si', 'NJ', 'KN18'),
(5335, 74, 'Anseba', 'AN', '    '),
(5336, 74, 'Semenawi Keyih Bahri', 'SK', '    '),
(5337, 74, 'Maekel', 'MA', '    '),
(5338, 74, 'Gash Barka', 'GB', '    '),
(5339, 74, 'Debubawi Keyih Bahri', 'DK', '    '),
(5340, 74, 'Debub', 'DU', '    '),
(5341, 44, 'Mosteiros', 'MO', '    '),
(5342, 44, 'Porto Novo', 'PN', '    '),
(5343, 44, 'Santa Cruz', 'SZ', '    '),
(5344, 44, 'S?o Domingos', 'SD', '    '),
(5345, 44, 'S?o Filipe', 'SF', '    '),
(5346, 38, 'Bal', 'BA', '    '),
(5347, 38, 'Banwa', 'BW', '    '),
(5348, 38, 'Ioba', 'IO', '    '),
(5349, 38, 'Komondjari', 'KJ', '    '),
(5350, 38, 'Kompienga', 'KP', '    '),
(5351, 38, 'Koulp?logo', 'KL', '    '),
(5352, 38, 'Kourw?ogo', 'KW', '    '),
(5353, 38, 'L?raba', 'LE', '    '),
(5354, 38, 'Loroum', 'LO', '    '),
(5355, 38, 'Nayala', 'NY', '    '),
(5356, 38, 'Noumbiel', 'NB', '    '),
(5357, 38, 'Tui', 'TU', '    '),
(5358, 38, 'Yagha', 'YG', '    '),
(5359, 38, 'Ziro', 'ZR', '    '),
(5360, 38, 'Zondoma', 'ZM', '    '),
(5361, 97, 'Carriacou', 'CA', '    '),
(5362, 140, 'River Gee', 'RG', '    '),
(5363, 140, 'Gbarpolu', 'GP', '    '),
(5364, 238, 'Pwani', 'PW', 'TZ02'),
(5365, 246, 'D?zce', 'DU', 'TU93'),
(5366, 245, 'Manouba', 'MN', '    '),
(5367, 151, 'Kidal', 'KD', '    '),
(5368, 184, 'Rota', 'RO', '    '),
(5369, 184, 'Saipan', 'SA', '    '),
(5370, 184, 'Tinian', 'TA', '    '),
(5371, 204, 'Kigali-Ville', 'KV', '    '),
(5372, 204, 'Umutara', 'UM', '    '),
(5373, 155, 'Trinit', 'TR', '    '),
(5374, 155, 'Saint-Pierre', 'SP', '    '),
(5375, 155, 'Marin', 'MA', '    '),
(5376, 155, 'Fort-de-France', 'FF', '    '),
(5377, 163, 'Taraclia', 'TR', '    '),
(5378, 148, 'Phalombe', 'PH', '    '),
(5379, 148, 'Likoma', 'LK', '    '),
(5380, 148, 'Balaka', 'BA', '    '),
(5381, 149, 'Putrajaya', 'PJ', '    '),
(5382, 84, 'Saint-Laurent-du-Maroni', 'SL', '    '),
(5383, 84, 'Cayenne', 'CY', '    '),
(5384, 261, 'Saint Thomas', 'ST', '    '),
(5385, 261, 'Saint John', 'SJ', '    '),
(5386, 261, 'Saint Croix', 'SC', '    '),
(5388, 275, 'Gaza', 'GZ', '    '),
(5389, 253, 'Wales', 'WA', '    '),
(5390, 253, 'Scotland', 'SC', '    '),
(5391, 253, 'Northern Ireland', 'NI', '    '),
(5392, 253, 'England', 'EN', '    '),
(5393, 240, 'Centre', 'CE', '    '),
(5394, 240, 'Kara', 'KA', '    '),
(5395, 240, 'Maritime', 'MA', '    '),
(5396, 240, 'Plateaux', 'PL', '    '),
(5397, 240, 'Savanes', 'SA', '    '),
(5398, 181, 'Imo', 'IM', 'NI28'),
(5399, 181, 'Katsina', 'KT', 'NI24');

-- --------------------------------------------------------

--
-- Table structure for table `lm_staticpage_tbl`
--

CREATE TABLE IF NOT EXISTS `lm_staticpage_tbl` (
  `StaticPageId` int(11) NOT NULL AUTO_INCREMENT,
  `StaticPageType` varchar(255) CHARACTER SET utf8 NOT NULL,
  `StaticPageName` varchar(50) NOT NULL DEFAULT '',
  `StaticPageText` longtext NOT NULL,
  `MetaKeywords` tinytext NOT NULL,
  `MetaContent` text NOT NULL,
  `MetaDescription` mediumtext NOT NULL,
  `StaticPageTimestamp` timestamp NOT NULL DEFAULT CURRENT_TIMESTAMP,
  `SortOrder` int(11) NOT NULL DEFAULT '0',
  `Status` enum('Y','N') NOT NULL,
  PRIMARY KEY (`StaticPageId`)
) ENGINE=MyISAM  DEFAULT CHARSET=latin1 AUTO_INCREMENT=28 ;

--
-- Dumping data for table `lm_staticpage_tbl`
--

INSERT INTO `lm_staticpage_tbl` (`StaticPageId`, `StaticPageType`, `StaticPageName`, `StaticPageText`, `MetaKeywords`, `MetaContent`, `MetaDescription`, `StaticPageTimestamp`, `SortOrder`, `Status`) VALUES
(1, 'about_us', 'About Us', '<div class="parts">\r\n<div class="in-lft-txt">\r\n<h1>Lorem Ipsum is simply <br /> dummy text of the printing</h1>\r\n<p>See all your balances and transactions together, on the web or your phone.Mint automatically pulls all your financial nformation into one place, so you can finally get the entire picture.</p>\r\n</div>\r\n<div class="in-rht-img"><img style="border: 0px none;" src="public/images/about1.jpg" alt="" /></div>\r\n</div>\r\n<div class="parts">\r\n<div class="in-lft-img"><img style="border: 0px none;" src="public/images/about2.jpg" alt="" /></div>\r\n<div class="in-rit-txt">\r\n<h1>Lorem Ipsum is simply <br /> dummy text of the printing</h1>\r\n<p>See all your balances and transactions together, on the web or your phone.Mint automatically pulls all your financial nformation into one place, so you can finally get the entire picture.</p>\r\n</div>\r\n</div>\r\n<div class="parts">\r\n<div class="in-lft-txt">\r\n<h1>Lorem Ipsum is simply <br /> dummy text of the printing</h1>\r\n<p>See all your balances and transa ctions together, on the web or your phone.Mint automatically pulls all your financial nformation into one place, so you can finally get the entire picture.</p>\r\n</div>\r\n<div class="in-rht-img"><img style="border: 0px none;" src="public/images/about3.jpg" alt="" /></div>\r\n</div>', '', '', '', '2010-05-28 22:50:34', 0, 'Y'),
(3, 'howit_works', 'How It Works', '<p>how</p>', '', '', '', '2010-05-28 22:54:53', 0, 'Y'),
(4, 'terms_of_service', ' Terms of Service', '<p>term and condition</p>', '', '', '', '2013-03-14 16:25:40', 0, 'Y'),
(7, 'left_menu', 'See all accounts', '<p><span><strong>Lorem Ipsum</strong> is simply dummy  text of the printing and typesetting industry. Lorem Ipsum has been the  industry''s standard dummy text ever since the 1500s, when an unknown  printer took a galley of type and scrambled it to make a type specimen  book. It has survived not only five centuries, but also the leap into  electronic typesetting, remaining essentially unchanged. It was  popularised in the 1960s with the release of Letraset sheets containing  Lorem Ipsum passages, and more recently with desktop publishing software  like Aldus PageMaker including versions of Lorem Ipsum.</span></p>\r\n<p><img title="ffffffff" src="http://www.travelpack.co.in/configuration/TPKIND/marketing/flights/cheap-flights-to-woldwide.jpg" alt="ffffffff" width="542" height="250" /> <span><strong>Lorem Ipsum</strong> is simply dummy  text of the printing  and typesetting industry. Lorem Ipsum has been the   industry''s standard dummy text ever since the 1500s, when  an unknown  printer took a galley of type and scrambled it to make a  type specimen  book. </span></p>', 'Lorem Ipsum is simply dummy text of the printing and typesetting industry. Lorem Ipsum has been the industry''s standard dummy text ever since the 1500s, when an unknown printer took a galley of type and scrambled it to make a type specimen book. It has su', 'Lorem Ipsum is simply dummy text of the printing and typesetting industry. Lorem Ipsum has been the industry''s standard dummy text ever since the 1500s, when an unknown printer took a galley of type and scrambled it to make a type specimen book. It has survived not only five centuries, but also the leap into electronic typesetting, remaining essentially unchanged. It was popularised in the 1960s with the release of Letraset sheets containing Lorem Ipsum passages, and more recently with desktop publishing software like Aldus PageMaker including versions of Lorem Ipsum.\r\n\r\nIt is a long established fact that a reader will be distracted by the readable content of a page when looking at its layout. The point of using Lorem Ipsum is that it has a more-or-less normal distribution of letters, as opposed to using ''Content here, content here'', making it look like readable English. Many desktop publishing packages and web page editors now use Lorem Ipsum as their default model text, and a search for ''lorem ipsum'' will uncover many web sites still in their infancy. Various versions have evolved over the years, sometimes by accident, sometimes on purpose (injected humour and the like).', 'Lorem Ipsum is simply dummy text of the printing and typesetting industry. Lorem Ipsum has been the industry''s standard dummy text ever since the 1500s, when an unknown printer took a galley of type and scrambled it to make a type specimen book. It has survived not only five centuries, but also the leap into electronic typesetting, remaining essentially unchanged. It was popularised in the 1960s with the release of Letraset sheets containing Lorem Ipsum passages, and more recently with desktop publishing software like Aldus PageMaker including versions of Lorem Ipsum.\r\n\r\nIt is a long established fact that a reader will be distracted by the readable content of a page when looking at its layout. The point of using Lorem Ipsum is that it has a more-or-less normal distribution of letters, as opposed to using ''Content here, content here'', making it look like readable English. Many desktop publishing packages and web page editors now use Lorem Ipsum as their default model text, and a search for ''lorem ipsum'' will uncover many web sites still in their infancy. Various versions have evolved over the years, sometimes by accident, sometimes on purpose (injected humour and the like).', '2013-03-22 15:50:22', 4, 'Y'),
(6, 'left_menu', 'Overview', '<p><strong>Lorem Ipsum</strong> is simply dummy  text of the printing and typesetting industry. Lorem Ipsum has been the  industry\\\\\\\\\\\\\\\\\\\\\\\\\\\\\\''s standard dummy text ever since the 1500s, when an unknown  printer took a galley of type and scrambled it to make a type specimen  book. It has survived not only five centuries, but also the leap into  electronic typesetting, remaining essentially unchanged. It was  popularised in the 1960s with the release of Letraset sheets containing  Lorem Ipsum passages, and more recently with desktop publishing software  like Aldus PageMaker including versions of Lorem Ipsum.</p>\r\n<div class="&quot;\\&quot;\\\\&quot;\\\\\\\\&quot;\\\\\\\\\\\\\\\\&quot;rc\\\\\\\\\\\\\\\\&quot;\\\\\\\\&quot;\\\\&quot;\\&quot;&quot;">\r\n<p>It  is a long established fact that a reader will be distracted by the  readable content of a page when looking at its layout. The point of  using Lorem Ipsum is that it has a more-or-less normal distribution of  letters, as opposed to using \\\\\\\\\\\\\\\\\\\\\\\\\\\\\\''Content here, content here\\\\\\\\\\\\\\\\\\\\\\\\\\\\\\'', making it  look like readable English. Many desktop publishing packages and web  page editors now use Lorem Ipsum as their default model text, and a  search for \\\\\\\\\\\\\\\\\\\\\\\\\\\\\\''lorem ipsum\\\\\\\\\\\\\\\\\\\\\\\\\\\\\\'' will uncover many web sites still in their  infancy. Various versions have evolved over the years, sometimes by  accident, sometimes on purpose (injected humour and the like).2</p>\r\n</div>', 'meta key2', 'meta content2', 'meta description2', '2013-03-22 14:48:54', 3, 'Y'),
(8, 'left_menu', 'Auto categorization', '<p><strong>Lorem Ipsum</strong> is simply dummy  text of the printing and typesetting industry. Lorem Ipsum has been the  industry\\''s standard dummy text ever since the 1500s, when an unknown  printer took a galley of type and scrambled it to make a type specimen  book. It has survived not only five centuries, but also the leap into  electronic typesetting, remaining essentially unchanged. It was  popularised in the 1960s with the release of Letraset sheets containing  Lorem Ipsum passages, and more recently with desktop publishing software  like Aldus PageMaker including versions of Lorem Ipsum.</p>\r\n<div class=\\"rc\\">\r\n<p>It  is a long established fact that a reader will be distracted by the  readable content of a page when looking at its layout. The point of  using Lorem Ipsum is that it has a more-or-less normal distribution of  letters, as opposed to using \\''Content here, content here\\'', making it  look like readable English. Many desktop publishing packages and web  page editors now use Lorem Ipsum as their default model text, and a  search for \\''lorem ipsum\\'' will uncover many web sites still in their  infancy. Various versions have evolved over the years, sometimes by  accident, sometimes on purpose (injected humour and the like).</p>\r\n</div>', 'Lorem Ipsum is simply dummy text of the printing and typesetting industry. Lorem Ipsum has been the industry''s standard dummy text ever since the 1500s, when an unknown printer took a galley of type and scrambled it to make a type specimen book. It has su', 'Lorem Ipsum is simply dummy text of the printing and typesetting industry. Lorem Ipsum has been the industry''s standard dummy text ever since the 1500s, when an unknown printer took a galley of type and scrambled it to make a type specimen book. It has survived not only five centuries, but also the leap into electronic typesetting, remaining essentially unchanged. It was popularised in the 1960s with the release of Letraset sheets containing Lorem Ipsum passages, and more recently with desktop publishing software like Aldus PageMaker including versions of Lorem Ipsum.\r\n\r\nIt is a long established fact that a reader will be distracted by the readable content of a page when looking at its layout. The point of using Lorem Ipsum is that it has a more-or-less normal distribution of letters, as opposed to using ''Content here, content here'', making it look like readable English. Many desktop publishing packages and web page editors now use Lorem Ipsum as their default model text, and a search for ''lorem ipsum'' will uncover many web sites still in their infancy. Various versions have evolved over the years, sometimes by accident, sometimes on purpose (injected humour and the like).', 'Lorem Ipsum is simply dummy text of the printing and typesetting industry. Lorem Ipsum has been the industry''s standard dummy text ever since the 1500s, when an unknown printer took a galley of type and scrambled it to make a type specimen book. It has survived not only five centuries, but also the leap into electronic typesetting, remaining essentially unchanged. It was popularised in the 1960s with the release of Letraset sheets containing Lorem Ipsum passages, and more recently with desktop publishing software like Aldus PageMaker including versions of Lorem Ipsum.\r\n\r\nIt is a long established fact that a reader will be distracted by the readable content of a page when looking at its layout. The point of using Lorem Ipsum is that it has a more-or-less normal distribution of letters, as opposed to using ''Content here, content here'', making it look like readable English. Many desktop publishing packages and web page editors now use Lorem Ipsum as their default model text, and a search for ''lorem ipsum'' will uncover many web sites still in their infancy. Various versions have evolved over the years, sometimes by accident, sometimes on purpose (injected humour and the like).', '2013-03-22 16:05:51', 0, 'Y'),
(9, 'left_menu', 'Easy budgeting', '<p><strong>Lorem Ipsum</strong> is simply dummy  text of the printing and typesetting industry. Lorem Ipsum has been the  industry\\''s standard dummy text ever since the 1500s, when an unknown  printer took a galley of type and scrambled it to make a type specimen  book. It has survived not only five centuries, but also the leap into  electronic typesetting, remaining essentially unchanged. It was  popularised in the 1960s with the release of Letraset sheets containing  Lorem Ipsum passages, and more recently with desktop publishing software  like Aldus PageMaker including versions of Lorem Ipsum.</p>\r\n<div class=\\"rc\\">\r\n<p>It  is a long established fact that a reader will be distracted by the  readable content of a page when looking at its layout. The point of  using Lorem Ipsum is that it has a more-or-less normal distribution of  letters, as opposed to using \\''Content here, content here\\'', making it  look like readable English. Many desktop publishing packages and web  page editors now use Lorem Ipsum as their default model text, and a  search for \\''lorem ipsum\\'' will uncover many web sites still in their  infancy. Various versions have evolved over the years, sometimes by  accident, sometimes on purpose (injected humour and the like).</p>\r\n</div>', 'Lorem Ipsum is simply dummy text of the printing and typesetting industry. Lorem Ipsum has been the industry''s standard dummy text ever since the 1500s, when an unknown printer took a galley of type and scrambled it to make a type specimen book. It has su', 'Lorem Ipsum is simply dummy text of the printing and typesetting industry. Lorem Ipsum has been the industry''s standard dummy text ever since the 1500s, when an unknown printer took a galley of type and scrambled it to make a type specimen book. It has survived not only five centuries, but also the leap into electronic typesetting, remaining essentially unchanged. It was popularised in the 1960s with the release of Letraset sheets containing Lorem Ipsum passages, and more recently with desktop publishing software like Aldus PageMaker including versions of Lorem Ipsum.\r\n\r\nIt is a long established fact that a reader will be distracted by the readable content of a page when looking at its layout. The point of using Lorem Ipsum is that it has a more-or-less normal distribution of letters, as opposed to using ''Content here, content here'', making it look like readable English. Many desktop publishing packages and web page editors now use Lorem Ipsum as their default model text, and a search for ''lorem ipsum'' will uncover many web sites still in their infancy. Various versions have evolved over the years, sometimes by accident, sometimes on purpose (injected humour and the like).', 'Lorem Ipsum is simply dummy text of the printing and typesetting industry. Lorem Ipsum has been the industry''s standard dummy text ever since the 1500s, when an unknown printer took a galley of type and scrambled it to make a type specimen book. It has survived not only five centuries, but also the leap into electronic typesetting, remaining essentially unchanged. It was popularised in the 1960s with the release of Letraset sheets containing Lorem Ipsum passages, and more recently with desktop publishing software like Aldus PageMaker including versions of Lorem Ipsum.\r\n\r\nIt is a long established fact that a reader will be distracted by the readable content of a page when looking at its layout. The point of using Lorem Ipsum is that it has a more-or-less normal distribution of letters, as opposed to using ''Content here, content here'', making it look like readable English. Many desktop publishing packages and web page editors now use Lorem Ipsum as their default model text, and a search for ''lorem ipsum'' will uncover many web sites still in their infancy. Various versions have evolved over the years, sometimes by accident, sometimes on purpose (injected humour and the like).', '2013-03-22 16:06:41', 0, 'Y'),
(10, 'left_menu', 'Timely alerts', '<p><strong>Lorem Ipsum</strong> is simply dummy  text of the printing and typesetting industry. Lorem Ipsum has been the  industry\\''s standard dummy text ever since the 1500s, when an unknown  printer took a galley of type and scrambled it to make a type specimen  book. It has survived not only five centuries, but also the leap into  electronic typesetting, remaining essentially unchanged. It was  popularised in the 1960s with the release of Letraset sheets containing  Lorem Ipsum passages, and more recently with desktop publishing software  like Aldus PageMaker including versions of Lorem Ipsum.</p>\r\n<div class=\\"rc\\">\r\n<p>It  is a long established fact that a reader will be distracted by the  readable content of a page when looking at its layout. The point of  using Lorem Ipsum is that it has a more-or-less normal distribution of  letters, as opposed to using \\''Content here, content here\\'', making it  look like readable English. Many desktop publishing packages and web  page editors now use Lorem Ipsum as their default model text, and a  search for \\''lorem ipsum\\'' will uncover many web sites still in their  infancy. Various versions have evolved over the years, sometimes by  accident, sometimes on purpose (injected humour and the like).</p>\r\n</div>', 'Lorem Ipsum is simply dummy text of the printing and typesetting industry. Lorem Ipsum has been the industry''s standard dummy text ever since the 1500s, when an unknown printer took a galley of type and scrambled it to make a type specimen book. It has su', 'Lorem Ipsum is simply dummy text of the printing and typesetting industry. Lorem Ipsum has been the industry''s standard dummy text ever since the 1500s, when an unknown printer took a galley of type and scrambled it to make a type specimen book. It has survived not only five centuries, but also the leap into electronic typesetting, remaining essentially unchanged. It was popularised in the 1960s with the release of Letraset sheets containing Lorem Ipsum passages, and more recently with desktop publishing software like Aldus PageMaker including versions of Lorem Ipsum.\r\n\r\nIt is a long established fact that a reader will be distracted by the readable content of a page when looking at its layout. The point of using Lorem Ipsum is that it has a more-or-less normal distribution of letters, as opposed to using ''Content here, content here'', making it look like readable English. Many desktop publishing packages and web page editors now use Lorem Ipsum as their default model text, and a search for ''lorem ipsum'' will uncover many web sites still in their infancy. Various versions have evolved over the years, sometimes by accident, sometimes on purpose (injected humour and the like).', 'Lorem Ipsum is simply dummy text of the printing and typesetting industry. Lorem Ipsum has been the industry''s standard dummy text ever since the 1500s, when an unknown printer took a galley of type and scrambled it to make a type specimen book. It has survived not only five centuries, but also the leap into electronic typesetting, remaining essentially unchanged. It was popularised in the 1960s with the release of Letraset sheets containing Lorem Ipsum passages, and more recently with desktop publishing software like Aldus PageMaker including versions of Lorem Ipsum.\r\n\r\nIt is a long established fact that a reader will be distracted by the readable content of a page when looking at its layout. The point of using Lorem Ipsum is that it has a more-or-less normal distribution of letters, as opposed to using ''Content here, content here'', making it look like readable English. Many desktop publishing packages and web page editors now use Lorem Ipsum as their default model text, and a search for ''lorem ipsum'' will uncover many web sites still in their infancy. Various versions have evolved over the years, sometimes by accident, sometimes on purpose (injected humour and the like).', '2013-03-22 16:07:26', 0, 'Y'),
(11, 'left_menu', 'Safe and secure', '<p><strong>Lorem Ipsum</strong> is simply dummy  text of the printing and typesetting industry. Lorem Ipsum has been the  industry\\''s standard dummy text ever since the 1500s, when an unknown  printer took a galley of type and scrambled it to make a type specimen  book. It has survived not only five centuries, but also the leap into  electronic typesetting, remaining essentially unchanged. It was  popularised in the 1960s with the release of Letraset sheets containing  Lorem Ipsum passages, and more recently with desktop publishing software  like Aldus PageMaker including versions of Lorem Ipsum.</p>\r\n<div class=\\"rc\\">\r\n<p>It  is a long established fact that a reader will be distracted by the  readable content of a page when looking at its layout. The point of  using Lorem Ipsum is that it has a more-or-less normal distribution of  letters, as opposed to using \\''Content here, content here\\'', making it  look like readable English. Many desktop publishing packages and web  page editors now use Lorem Ipsum as their default model text, and a  search for \\''lorem ipsum\\'' will uncover many web sites still in their  infancy. Various versions have evolved over the years, sometimes by  accident, sometimes on purpose (injected humour and the like).</p>\r\n</div>', 'Lorem Ipsum is simply dummy text of the printing and typesetting industry. Lorem Ipsum has been the industry''s standard dummy text ever since the 1500s, when an unknown printer took a galley of type and scrambled it to make a type specimen book. It has su', 'Lorem Ipsum is simply dummy text of the printing and typesetting industry. Lorem Ipsum has been the industry''s standard dummy text ever since the 1500s, when an unknown printer took a galley of type and scrambled it to make a type specimen book. It has survived not only five centuries, but also the leap into electronic typesetting, remaining essentially unchanged. It was popularised in the 1960s with the release of Letraset sheets containing Lorem Ipsum passages, and more recently with desktop publishing software like Aldus PageMaker including versions of Lorem Ipsum.\r\n\r\nIt is a long established fact that a reader will be distracted by the readable content of a page when looking at its layout. The point of using Lorem Ipsum is that it has a more-or-less normal distribution of letters, as opposed to using ''Content here, content here'', making it look like readable English. Many desktop publishing packages and web page editors now use Lorem Ipsum as their default model text, and a search for ''lorem ipsum'' will uncover many web sites still in their infancy. Various versions have evolved over the years, sometimes by accident, sometimes on purpose (injected humour and the like).', 'Lorem Ipsum is simply dummy text of the printing and typesetting industry. Lorem Ipsum has been the industry''s standard dummy text ever since the 1500s, when an unknown printer took a galley of type and scrambled it to make a type specimen book. It has survived not only five centuries, but also the leap into electronic typesetting, remaining essentially unchanged. It was popularised in the 1960s with the release of Letraset sheets containing Lorem Ipsum passages, and more recently with desktop publishing software like Aldus PageMaker including versions of Lorem Ipsum.\r\n\r\nIt is a long established fact that a reader will be distracted by the readable content of a page when looking at its layout. The point of using Lorem Ipsum is that it has a more-or-less normal distribution of letters, as opposed to using ''Content here, content here'', making it look like readable English. Many desktop publishing packages and web page editors now use Lorem Ipsum as their default model text, and a search for ''lorem ipsum'' will uncover many web sites still in their infancy. Various versions have evolved over the years, sometimes by accident, sometimes on purpose (injected humour and the like).', '2013-03-22 16:07:59', 0, 'Y'),
(12, 'left_menu', 'What''s free', '<p><strong>Lorem Ipsum</strong> is simply dummy  text of the printing and typesetting industry. Lorem Ipsum has been the  industry\\''s standard dummy text ever since the 1500s, when an unknown  printer took a galley of type and scrambled it to make a type specimen  book. It has survived not only five centuries, but also the leap into  electronic typesetting, remaining essentially unchanged. It was  popularised in the 1960s with the release of Letraset sheets containing  Lorem Ipsum passages, and more recently with desktop publishing software  like Aldus PageMaker including versions of Lorem Ipsum.</p>\r\n<div class=\\"rc\\">\r\n<p>It  is a long established fact that a reader will be distracted by the  readable content of a page when looking at its layout. The point of  using Lorem Ipsum is that it has a more-or-less normal distribution of  letters, as opposed to using \\''Content here, content here\\'', making it  look like readable English. Many desktop publishing packages and web  page editors now use Lorem Ipsum as their default model text, and a  search for \\''lorem ipsum\\'' will uncover many web sites still in their  infancy. Various versions have evolved over the years, sometimes by  accident, sometimes on purpose (injected humour and the like).</p>\r\n</div>', 'Lorem Ipsum is simply dummy text of the printing and typesetting industry. Lorem Ipsum has been the industry''s standard dummy text ever since the 1500s, when an unknown printer took a galley of type and scrambled it to make a type specimen book. It has su', 'Lorem Ipsum is simply dummy text of the printing and typesetting industry. Lorem Ipsum has been the industry''s standard dummy text ever since the 1500s, when an unknown printer took a galley of type and scrambled it to make a type specimen book. It has survived not only five centuries, but also the leap into electronic typesetting, remaining essentially unchanged. It was popularised in the 1960s with the release of Letraset sheets containing Lorem Ipsum passages, and more recently with desktop publishing software like Aldus PageMaker including versions of Lorem Ipsum.\r\n\r\nIt is a long established fact that a reader will be distracted by the readable content of a page when looking at its layout. The point of using Lorem Ipsum is that it has a more-or-less normal distribution of letters, as opposed to using ''Content here, content here'', making it look like readable English. Many desktop publishing packages and web page editors now use Lorem Ipsum as their default model text, and a search for ''lorem ipsum'' will uncover many web sites still in their infancy. Various versions have evolved over the years, sometimes by accident, sometimes on purpose (injected humour and the like).', 'Lorem Ipsum is simply dummy text of the printing and typesetting industry. Lorem Ipsum has been the industry''s standard dummy text ever since the 1500s, when an unknown printer took a galley of type and scrambled it to make a type specimen book. It has survived not only five centuries, but also the leap into electronic typesetting, remaining essentially unchanged. It was popularised in the 1960s with the release of Letraset sheets containing Lorem Ipsum passages, and more recently with desktop publishing software like Aldus PageMaker including versions of Lorem Ipsum.\r\n\r\nIt is a long established fact that a reader will be distracted by the readable content of a page when looking at its layout. The point of using Lorem Ipsum is that it has a more-or-less normal distribution of letters, as opposed to using ''Content here, content here'', making it look like readable English. Many desktop publishing packages and web page editors now use Lorem Ipsum as their default model text, and a search for ''lorem ipsum'' will uncover many web sites still in their infancy. Various versions have evolved over the years, sometimes by accident, sometimes on purpose (injected humour and the like).', '2013-03-22 16:08:39', 0, 'Y'),
(13, 'left_menu', 'Helpful graphs', '<p><strong>Lorem Ipsum</strong> is simply dummy  text of the printing and typesetting industry. Lorem Ipsum has been the  industry\\''s standard dummy text ever since the 1500s, when an unknown  printer took a galley of type and scrambled it to make a type specimen  book. It has survived not only five centuries, but also the leap into  electronic typesetting, remaining essentially unchanged. It was  popularised in the 1960s with the release of Letraset sheets containing  Lorem Ipsum passages, and more recently with desktop publishing software  like Aldus PageMaker including versions of Lorem Ipsum.</p>\r\n<div class=\\"rc\\">\r\n<p>It  is a long established fact that a reader will be distracted by the  readable content of a page when looking at its layout. The point of  using Lorem Ipsum is that it has a more-or-less normal distribution of  letters, as opposed to using \\''Content here, content here\\'', making it  look like readable English. Many desktop publishing packages and web  page editors now use Lorem Ipsum as their default model text, and a  search for \\''lorem ipsum\\'' will uncover many web sites still in their  infancy. Various versions have evolved over the years, sometimes by  accident, sometimes on purpose (injected humour and the like).</p>\r\n</div>', 'Lorem Ipsum is simply dummy text of the printing and typesetting industry. Lorem Ipsum has been the industry''s standard dummy text ever since the 1500s, when an unknown printer took a galley of type and scrambled it to make a type specimen book. It has su', 'Lorem Ipsum is simply dummy text of the printing and typesetting industry. Lorem Ipsum has been the industry''s standard dummy text ever since the 1500s, when an unknown printer took a galley of type and scrambled it to make a type specimen book. It has survived not only five centuries, but also the leap into electronic typesetting, remaining essentially unchanged. It was popularised in the 1960s with the release of Letraset sheets containing Lorem Ipsum passages, and more recently with desktop publishing software like Aldus PageMaker including versions of Lorem Ipsum.\r\n\r\nIt is a long established fact that a reader will be distracted by the readable content of a page when looking at its layout. The point of using Lorem Ipsum is that it has a more-or-less normal distribution of letters, as opposed to using ''Content here, content here'', making it look like readable English. Many desktop publishing packages and web page editors now use Lorem Ipsum as their default model text, and a search for ''lorem ipsum'' will uncover many web sites still in their infancy. Various versions have evolved over the years, sometimes by accident, sometimes on purpose (injected humour and the like).', 'Lorem Ipsum is simply dummy text of the printing and typesetting industry. Lorem Ipsum has been the industry''s standard dummy text ever since the 1500s, when an unknown printer took a galley of type and scrambled it to make a type specimen book. It has survived not only five centuries, but also the leap into electronic typesetting, remaining essentially unchanged. It was popularised in the 1960s with the release of Letraset sheets containing Lorem Ipsum passages, and more recently with desktop publishing software like Aldus PageMaker including versions of Lorem Ipsum.\r\n\r\nIt is a long established fact that a reader will be distracted by the readable content of a page when looking at its layout. The point of using Lorem Ipsum is that it has a more-or-less normal distribution of letters, as opposed to using ''Content here, content here'', making it look like readable English. Many desktop publishing packages and web page editors now use Lorem Ipsum as their default model text, and a search for ''lorem ipsum'' will uncover many web sites still in their infancy. Various versions have evolved over the years, sometimes by accident, sometimes on purpose (injected humour and the like).', '2013-03-22 16:12:16', 0, 'Y'),
(14, 'left_menu', 'Achieve your goals', '<p><strong>Lorem Ipsum</strong> is simply dummy  text of the printing and typesetting industry. Lorem Ipsum has been the  industry\\''s standard dummy text ever since the 1500s, when an unknown  printer took a galley of type and scrambled it to make a type specimen  book. It has survived not only five centuries, but also the leap into  electronic typesetting, remaining essentially unchanged. It was  popularised in the 1960s with the release of Letraset sheets containing  Lorem Ipsum passages, and more recently with desktop publishing software  like Aldus PageMaker including versions of Lorem Ipsum.</p>\r\n<div class=\\"rc\\">\r\n<p>It  is a long established fact that a reader will be distracted by the  readable content of a page when looking at its layout. The point of  using Lorem Ipsum is that it has a more-or-less normal distribution of  letters, as opposed to using \\''Content here, content here\\'', making it  look like readable English. Many desktop publishing packages and web  page editors now use Lorem Ipsum as their default model text, and a  search for \\''lorem ipsum\\'' will uncover many web sites still in their  infancy. Various versions have evolved over the years, sometimes by  accident, sometimes on purpose (injected humour and the like).</p>\r\n</div>', 'Lorem Ipsum is simply dummy text of the printing and typesetting industry. Lorem Ipsum has been the industry''s standard dummy text ever since the 1500s, when an unknown printer took a galley of type and scrambled it to make a type specimen book. It has su', 'Lorem Ipsum is simply dummy text of the printing and typesetting industry. Lorem Ipsum has been the industry''s standard dummy text ever since the 1500s, when an unknown printer took a galley of type and scrambled it to make a type specimen book. It has survived not only five centuries, but also the leap into electronic typesetting, remaining essentially unchanged. It was popularised in the 1960s with the release of Letraset sheets containing Lorem Ipsum passages, and more recently with desktop publishing software like Aldus PageMaker including versions of Lorem Ipsum.\r\n\r\nIt is a long established fact that a reader will be distracted by the readable content of a page when looking at its layout. The point of using Lorem Ipsum is that it has a more-or-less normal distribution of letters, as opposed to using ''Content here, content here'', making it look like readable English. Many desktop publishing packages and web page editors now use Lorem Ipsum as their default model text, and a search for ''lorem ipsum'' will uncover many web sites still in their infancy. Various versions have evolved over the years, sometimes by accident, sometimes on purpose (injected humour and the like).', 'Lorem Ipsum is simply dummy text of the printing and typesetting industry. Lorem Ipsum has been the industry''s standard dummy text ever since the 1500s, when an unknown printer took a galley of type and scrambled it to make a type specimen book. It has survived not only five centuries, but also the leap into electronic typesetting, remaining essentially unchanged. It was popularised in the 1960s with the release of Letraset sheets containing Lorem Ipsum passages, and more recently with desktop publishing software like Aldus PageMaker including versions of Lorem Ipsum.\r\n\r\nIt is a long established fact that a reader will be distracted by the readable content of a page when looking at its layout. The point of using Lorem Ipsum is that it has a more-or-less normal distribution of letters, as opposed to using ''Content here, content here'', making it look like readable English. Many desktop publishing packages and web page editors now use Lorem Ipsum as their default model text, and a search for ''lorem ipsum'' will uncover many web sites still in their infancy. Various versions have evolved over the years, sometimes by accident, sometimes on purpose (injected humour and the like).', '2013-03-22 16:12:58', 0, 'Y'),
(15, 'left_menu', 'Find savings', '<p><strong>Lorem Ipsum</strong> is simply dummy  text of the printing and typesetting industry. Lorem Ipsum has been the  industry\\''s standard dummy text ever since the 1500s, when an unknown  printer took a galley of type and scrambled it to make a type specimen  book. It has survived not only five centuries, but also the leap into  electronic typesetting, remaining essentially unchanged. It was  popularised in the 1960s with the release of Letraset sheets containing  Lorem Ipsum passages, and more recently with desktop publishing software  like Aldus PageMaker including versions of Lorem Ipsum.</p>\r\n<div class=\\"rc\\">\r\n<p>It  is a long established fact that a reader will be distracted by the  readable content of a page when looking at its layout. The point of  using Lorem Ipsum is that it has a more-or-less normal distribution of  letters, as opposed to using \\''Content here, content here\\'', making it  look like readable English. Many desktop publishing packages and web  page editors now use Lorem Ipsum as their default model text, and a  search for \\''lorem ipsum\\'' will uncover many web sites still in their  infancy. Various versions have evolved over the years, sometimes by  accident, sometimes on purpose (injected humour and the like).</p>\r\n</div>', 'Lorem Ipsum is simply dummy text of the printing and typesetting industry. Lorem Ipsum has been the industry''s standard dummy text ever since the 1500s, when an unknown printer took a galley of type and scrambled it to make a type specimen book. It has su', 'Lorem Ipsum is simply dummy text of the printing and typesetting industry. Lorem Ipsum has been the industry''s standard dummy text ever since the 1500s, when an unknown printer took a galley of type and scrambled it to make a type specimen book. It has survived not only five centuries, but also the leap into electronic typesetting, remaining essentially unchanged. It was popularised in the 1960s with the release of Letraset sheets containing Lorem Ipsum passages, and more recently with desktop publishing software like Aldus PageMaker including versions of Lorem Ipsum.\r\n\r\nIt is a long established fact that a reader will be distracted by the readable content of a page when looking at its layout. The point of using Lorem Ipsum is that it has a more-or-less normal distribution of letters, as opposed to using ''Content here, content here'', making it look like readable English. Many desktop publishing packages and web page editors now use Lorem Ipsum as their default model text, and a search for ''lorem ipsum'' will uncover many web sites still in their infancy. Various versions have evolved over the years, sometimes by accident, sometimes on purpose (injected humour and the like).', 'Lorem Ipsum is simply dummy text of the printing and typesetting industry. Lorem Ipsum has been the industry''s standard dummy text ever since the 1500s, when an unknown printer took a galley of type and scrambled it to make a type specimen book. It has survived not only five centuries, but also the leap into electronic typesetting, remaining essentially unchanged. It was popularised in the 1960s with the release of Letraset sheets containing Lorem Ipsum passages, and more recently with desktop publishing software like Aldus PageMaker including versions of Lorem Ipsum.\r\n\r\nIt is a long established fact that a reader will be distracted by the readable content of a page when looking at its layout. The point of using Lorem Ipsum is that it has a more-or-less normal distribution of letters, as opposed to using ''Content here, content here'', making it look like readable English. Many desktop publishing packages and web page editors now use Lorem Ipsum as their default model text, and a search for ''lorem ipsum'' will uncover many web sites still in their infancy. Various versions have evolved over the years, sometimes by accident, sometimes on purpose (injected humour and the like).', '2013-03-22 16:13:31', 0, 'Y'),
(16, 'left_menu', 'Track investments', '<p><strong>Lorem Ipsum</strong> is simply dummy  text of the printing and typesetting industry. Lorem Ipsum has been the  industry\\''s standard dummy text ever since the 1500s, when an unknown  printer took a galley of type and scrambled it to make a type specimen  book. It has survived not only five centuries, but also the leap into  electronic typesetting, remaining essentially unchanged. It was  popularised in the 1960s with the release of Letraset sheets containing  Lorem Ipsum passages, and more recently with desktop publishing software  like Aldus PageMaker including versions of Lorem Ipsum.</p>\r\n<div class=\\"rc\\">\r\n<p>It  is a long established fact that a reader will be distracted by the  readable content of a page when looking at its layout. The point of  using Lorem Ipsum is that it has a more-or-less normal distribution of  letters, as opposed to using \\''Content here, content here\\'', making it  look like readable English. Many desktop publishing packages and web  page editors now use Lorem Ipsum as their default model text, and a  search for \\''lorem ipsum\\'' will uncover many web sites still in their  infancy. Various versions have evolved over the years, sometimes by  accident, sometimes on purpose (injected humour and the like).</p>\r\n</div>', 'Lorem Ipsum is simply dummy text of the printing and typesetting industry. Lorem Ipsum has been the industry''s standard dummy text ever since the 1500s, when an unknown printer took a galley of type and scrambled it to make a type specimen book. It has su', 'Lorem Ipsum is simply dummy text of the printing and typesetting industry. Lorem Ipsum has been the industry''s standard dummy text ever since the 1500s, when an unknown printer took a galley of type and scrambled it to make a type specimen book. It has survived not only five centuries, but also the leap into electronic typesetting, remaining essentially unchanged. It was popularised in the 1960s with the release of Letraset sheets containing Lorem Ipsum passages, and more recently with desktop publishing software like Aldus PageMaker including versions of Lorem Ipsum.\r\n\r\nIt is a long established fact that a reader will be distracted by the readable content of a page when looking at its layout. The point of using Lorem Ipsum is that it has a more-or-less normal distribution of letters, as opposed to using ''Content here, content here'', making it look like readable English. Many desktop publishing packages and web page editors now use Lorem Ipsum as their default model text, and a search for ''lorem ipsum'' will uncover many web sites still in their infancy. Various versions have evolved over the years, sometimes by accident, sometimes on purpose (injected humour and the like).', 'Lorem Ipsum is simply dummy text of the printing and typesetting industry. Lorem Ipsum has been the industry''s standard dummy text ever since the 1500s, when an unknown printer took a galley of type and scrambled it to make a type specimen book. It has survived not only five centuries, but also the leap into electronic typesetting, remaining essentially unchanged. It was popularised in the 1960s with the release of Letraset sheets containing Lorem Ipsum passages, and more recently with desktop publishing software like Aldus PageMaker including versions of Lorem Ipsum.\r\n\r\nIt is a long established fact that a reader will be distracted by the readable content of a page when looking at its layout. The point of using Lorem Ipsum is that it has a more-or-less normal distribution of letters, as opposed to using ''Content here, content here'', making it look like readable English. Many desktop publishing packages and web page editors now use Lorem Ipsum as their default model text, and a search for ''lorem ipsum'' will uncover many web sites still in their infancy. Various versions have evolved over the years, sometimes by accident, sometimes on purpose (injected humour and the like).', '2013-03-22 16:14:04', 0, 'Y'),
(17, 'left_menu', 'Mobile apps', '<p><strong>Lorem Ipsum</strong> is simply dummy  text of the printing and typesetting industry. Lorem Ipsum has been the  industry\\''s standard dummy text ever since the 1500s, when an unknown  printer took a galley of type and scrambled it to make a type specimen  book. It has survived not only five centuries, but also the leap into  electronic typesetting, remaining essentially unchanged. It was  popularised in the 1960s with the release of Letraset sheets containing  Lorem Ipsum passages, and more recently with desktop publishing software  like Aldus PageMaker including versions of Lorem Ipsum.</p>\r\n<div class=\\"rc\\">\r\n<p>It  is a long established fact that a reader will be distracted by the  readable content of a page when looking at its layout. The point of  using Lorem Ipsum is that it has a more-or-less normal distribution of  letters, as opposed to using \\''Content here, content here\\'', making it  look like readable English. Many desktop publishing packages and web  page editors now use Lorem Ipsum as their default model text, and a  search for \\''lorem ipsum\\'' will uncover many web sites still in their  infancy. Various versions have evolved over the years, sometimes by  accident, sometimes on purpose (injected humour and the like).</p>\r\n</div>', 'Lorem Ipsum is simply dummy text of the printing and typesetting industry. Lorem Ipsum has been the industry''s standard dummy text ever since the 1500s, when an unknown printer took a galley of type and scrambled it to make a type specimen book. It has su', 'Lorem Ipsum is simply dummy text of the printing and typesetting industry. Lorem Ipsum has been the industry''s standard dummy text ever since the 1500s, when an unknown printer took a galley of type and scrambled it to make a type specimen book. It has survived not only five centuries, but also the leap into electronic typesetting, remaining essentially unchanged. It was popularised in the 1960s with the release of Letraset sheets containing Lorem Ipsum passages, and more recently with desktop publishing software like Aldus PageMaker including versions of Lorem Ipsum.\r\n\r\nIt is a long established fact that a reader will be distracted by the readable content of a page when looking at its layout. The point of using Lorem Ipsum is that it has a more-or-less normal distribution of letters, as opposed to using ''Content here, content here'', making it look like readable English. Many desktop publishing packages and web page editors now use Lorem Ipsum as their default model text, and a search for ''lorem ipsum'' will uncover many web sites still in their infancy. Various versions have evolved over the years, sometimes by accident, sometimes on purpose (injected humour and the like).', 'Lorem Ipsum is simply dummy text of the printing and typesetting industry. Lorem Ipsum has been the industry''s standard dummy text ever since the 1500s, when an unknown printer took a galley of type and scrambled it to make a type specimen book. It has survived not only five centuries, but also the leap into electronic typesetting, remaining essentially unchanged. It was popularised in the 1960s with the release of Letraset sheets containing Lorem Ipsum passages, and more recently with desktop publishing software like Aldus PageMaker including versions of Lorem Ipsum.\r\n\r\nIt is a long established fact that a reader will be distracted by the readable content of a page when looking at its layout. The point of using Lorem Ipsum is that it has a more-or-less normal distribution of letters, as opposed to using ''Content here, content here'', making it look like readable English. Many desktop publishing packages and web page editors now use Lorem Ipsum as their default model text, and a search for ''lorem ipsum'' will uncover many web sites still in their infancy. Various versions have evolved over the years, sometimes by accident, sometimes on purpose (injected humour and the like).', '2013-03-22 16:14:44', 0, 'Y');
INSERT INTO `lm_staticpage_tbl` (`StaticPageId`, `StaticPageType`, `StaticPageName`, `StaticPageText`, `MetaKeywords`, `MetaContent`, `MetaDescription`, `StaticPageTimestamp`, `SortOrder`, `Status`) VALUES
(18, 'left_menu', 'Bill reminders', '<p><strong>Lorem Ipsum</strong> is simply dummy  text of the printing and typesetting industry. Lorem Ipsum has been the  industry\\''s standard dummy text ever since the 1500s, when an unknown  printer took a galley of type and scrambled it to make a type specimen  book. It has survived not only five centuries, but also the leap into  electronic typesetting, remaining essentially unchanged. It was  popularised in the 1960s with the release of Letraset sheets containing  Lorem Ipsum passages, and more recently with desktop publishing software  like Aldus PageMaker including versions of Lorem Ipsum.</p>\r\n<div class=\\"rc\\">\r\n<p>It  is a long established fact that a reader will be distracted by the  readable content of a page when looking at its layout. The point of  using Lorem Ipsum is that it has a more-or-less normal distribution of  letters, as opposed to using \\''Content here, content here\\'', making it  look like readable English. Many desktop publishing packages and web  page editors now use Lorem Ipsum as their default model text, and a  search for \\''lorem ipsum\\'' will uncover many web sites still in their  infancy. Various versions have evolved over the years, sometimes by  accident, sometimes on purpose (injected humour and the like).</p>\r\n</div>', 'Lorem Ipsum is simply dummy text of the printing and typesetting industry. Lorem Ipsum has been the industry''s standard dummy text ever since the 1500s, when an unknown printer took a galley of type and scrambled it to make a type specimen book. It has su', 'Lorem Ipsum is simply dummy text of the printing and typesetting industry. Lorem Ipsum has been the industry''s standard dummy text ever since the 1500s, when an unknown printer took a galley of type and scrambled it to make a type specimen book. It has survived not only five centuries, but also the leap into electronic typesetting, remaining essentially unchanged. It was popularised in the 1960s with the release of Letraset sheets containing Lorem Ipsum passages, and more recently with desktop publishing software like Aldus PageMaker including versions of Lorem Ipsum.\r\n\r\nIt is a long established fact that a reader will be distracted by the readable content of a page when looking at its layout. The point of using Lorem Ipsum is that it has a more-or-less normal distribution of letters, as opposed to using ''Content here, content here'', making it look like readable English. Many desktop publishing packages and web page editors now use Lorem Ipsum as their default model text, and a search for ''lorem ipsum'' will uncover many web sites still in their infancy. Various versions have evolved over the years, sometimes by accident, sometimes on purpose (injected humour and the like).', 'Lorem Ipsum is simply dummy text of the printing and typesetting industry. Lorem Ipsum has been the industry''s standard dummy text ever since the 1500s, when an unknown printer took a galley of type and scrambled it to make a type specimen book. It has survived not only five centuries, but also the leap into electronic typesetting, remaining essentially unchanged. It was popularised in the 1960s with the release of Letraset sheets containing Lorem Ipsum passages, and more recently with desktop publishing software like Aldus PageMaker including versions of Lorem Ipsum.\r\n\r\nIt is a long established fact that a reader will be distracted by the readable content of a page when looking at its layout. The point of using Lorem Ipsum is that it has a more-or-less normal distribution of letters, as opposed to using ''Content here, content here'', making it look like readable English. Many desktop publishing packages and web page editors now use Lorem Ipsum as their default model text, and a search for ''lorem ipsum'' will uncover many web sites still in their infancy. Various versions have evolved over the years, sometimes by accident, sometimes on purpose (injected humour and the like).', '2013-03-22 16:16:03', 0, 'Y'),
(26, 'left_menu', '4534', '<p><img alt="" src="192.168.1.61/odhub/upload/13651509534410add639520ad8956eb1.L._SX80_.jpg" /></p>', '', '', '', '2013-04-05 14:07:17', 0, 'Y'),
(27, 'left_menu', 'samiran', '<p><img alt="" src="http://192.168.1.61/odhub/upload/13651521579cac9d9674290ad8986ce7.L._SX80_.jpg" style="height:120px; width:80px" /></p>', 'meta tag', '', '', '2013-04-05 14:26:17', 0, 'Y');

-- --------------------------------------------------------

--
-- Table structure for table `lm_subforum_tbl`
--

CREATE TABLE IF NOT EXISTS `lm_subforum_tbl` (
  `SubForumId` int(11) NOT NULL AUTO_INCREMENT,
  `SubForumHeading` varchar(255) NOT NULL DEFAULT '',
  `SubForumDate` timestamp NOT NULL DEFAULT CURRENT_TIMESTAMP,
  PRIMARY KEY (`SubForumId`)
) ENGINE=MyISAM DEFAULT CHARSET=latin1 AUTO_INCREMENT=1 ;

--
-- Dumping data for table `lm_subforum_tbl`
--


-- --------------------------------------------------------

--
-- Table structure for table `lm_subscription_tbl`
--

CREATE TABLE IF NOT EXISTS `lm_subscription_tbl` (
  `SubscriptionId` int(11) NOT NULL AUTO_INCREMENT,
  `SubscriptionType` varchar(255) NOT NULL DEFAULT '',
  `SubscriptionDuration` int(11) NOT NULL DEFAULT '0',
  `SubscriptionBids` int(11) NOT NULL DEFAULT '0',
  `SubscriptionAmount` int(11) NOT NULL DEFAULT '0',
  `SubscriptionCountry` int(11) NOT NULL DEFAULT '0',
  PRIMARY KEY (`SubscriptionId`)
) ENGINE=MyISAM  DEFAULT CHARSET=latin1 AUTO_INCREMENT=11 ;

--
-- Dumping data for table `lm_subscription_tbl`
--

INSERT INTO `lm_subscription_tbl` (`SubscriptionId`, `SubscriptionType`, `SubscriptionDuration`, `SubscriptionBids`, `SubscriptionAmount`, `SubscriptionCountry`) VALUES
(1, 'Premium', 7, 10, 5, 43),
(2, 'Silver', 30, 20, 10, 43),
(3, 'Gold', 30, 150, 15, 0),
(10, 'Yearly_Pass', 365, 1000, 150, 43),
(9, 'Promo', 30, 10, 0, 43);

-- --------------------------------------------------------

--
-- Table structure for table `lm_tax_tbl`
--

CREATE TABLE IF NOT EXISTS `lm_tax_tbl` (
  `TaxId` int(11) NOT NULL AUTO_INCREMENT,
  `Tax` decimal(10,2) NOT NULL DEFAULT '0.00',
  PRIMARY KEY (`TaxId`)
) ENGINE=MyISAM  DEFAULT CHARSET=utf8 COLLATE=utf8_unicode_ci AUTO_INCREMENT=2 ;

--
-- Dumping data for table `lm_tax_tbl`
--

INSERT INTO `lm_tax_tbl` (`TaxId`, `Tax`) VALUES
(1, '12.00');

-- --------------------------------------------------------

--
-- Table structure for table `lm_testimonials_tbl`
--

CREATE TABLE IF NOT EXISTS `lm_testimonials_tbl` (
  `testimonials_id` int(11) NOT NULL AUTO_INCREMENT,
  `title` varchar(255) NOT NULL,
  `content` text NOT NULL,
  `image_path` varchar(255) NOT NULL,
  `add_date` timestamp NOT NULL DEFAULT CURRENT_TIMESTAMP ON UPDATE CURRENT_TIMESTAMP,
  `status` enum('Y','N') NOT NULL,
  PRIMARY KEY (`testimonials_id`)
) ENGINE=MyISAM  DEFAULT CHARSET=latin1 AUTO_INCREMENT=6 ;

--
-- Dumping data for table `lm_testimonials_tbl`
--

INSERT INTO `lm_testimonials_tbl` (`testimonials_id`, `title`, `content`, `image_path`, `add_date`, `status`) VALUES
(1, 'Where does it come from?', '<p>Lorem Ipsum is simply dummy text of the printing and typesetting industry. Lorem Ipsum has been the industry''s standard dummy text ever since the 1500s, when an unknown printer took a galley of type and scrambled it to make a type specimen book. It has survived not only five centuries, but also the leap into electronic typesetting, remaining essentially unchanged. It was popularised in the 1960s with the release of Letraset sheets containing Lorem Ipsum passages, and more recently with desktop publishing software like Aldus PageMaker including versions of Lorem Ipsum.1</p>', '13642963206-GALAXY-Camera-1.jpg', '2013-03-26 16:42:01', 'Y'),
(2, 'san', '<p>fdgfdgdf</p>', '136429747712632942821d0ad8976f06.L._SX80_.jpg', '2013-03-26 17:01:17', 'Y'),
(3, 'ewr', '<p>werwer</p>', '136514862175283_285505708219480_287501219_n.jpg', '2013-04-05 13:27:01', 'Y'),
(4, '435', '<p><img alt=\\"\\" src=\\"http://192.168.1.61/odhub/upload/1365153916224534_166471816824124_567976194_n.jpg\\" style=\\"height:36px; width:48px\\" /><img alt=\\"\\" src=\\"http://192.168.1.61/odhub/upload/1365153916224534_166471816824124_567976194_n.jpg\\" style=\\"height:36px; width:48px\\" /></p>', '13651540411352208854-John-Karter.jpg', '2013-04-05 14:57:21', 'Y'),
(5, 'samiran', '<p><img alt="images" src="http://192.168.1.61/odhub/upload/136515470275283_285505708219480_287501219_n.jpg" style="height:54px; width:80px" /></p>', '13651546521352208854-John-Karter.jpg', '2013-04-05 15:08:52', 'Y');

-- --------------------------------------------------------

--
-- Table structure for table `lm_topic_tbl`
--

CREATE TABLE IF NOT EXISTS `lm_topic_tbl` (
  `TopicId` int(11) NOT NULL AUTO_INCREMENT,
  `TopicSubForumId` int(11) NOT NULL DEFAULT '0',
  `TopicClientId` int(11) NOT NULL DEFAULT '0',
  `TopicLawyerId` int(11) NOT NULL DEFAULT '0',
  `TopicText` varchar(255) NOT NULL DEFAULT '',
  `TopicStatus` int(11) NOT NULL DEFAULT '1',
  `TopicDate` timestamp NOT NULL DEFAULT CURRENT_TIMESTAMP,
  PRIMARY KEY (`TopicId`)
) ENGINE=MyISAM  DEFAULT CHARSET=latin1 AUTO_INCREMENT=14 ;

--
-- Dumping data for table `lm_topic_tbl`
--

INSERT INTO `lm_topic_tbl` (`TopicId`, `TopicSubForumId`, `TopicClientId`, `TopicLawyerId`, `TopicText`, `TopicStatus`, `TopicDate`) VALUES
(1, 1, 0, 63, 'dgfd', 0, '2009-12-22 04:52:40'),
(10, 2, 14, 0, 'New topic #2', 0, '2009-12-24 22:51:21'),
(9, 2, 14, 0, 'Testing forum', 0, '2009-12-24 22:09:17'),
(8, 4, 0, 63, 'Forum is ready', 0, '2009-12-23 23:32:03'),
(7, 3, 14, 0, 'sshd chroot jail (gentoo hardened)', 0, '2009-12-22 22:36:58'),
(12, 1, 23, 0, 'New forum', 0, '2010-02-18 00:33:53'),
(13, 1, 23, 0, 'New forum', 0, '2010-02-18 00:38:00');

-- --------------------------------------------------------

--
-- Table structure for table `lm_userstatus_tbl`
--

CREATE TABLE IF NOT EXISTS `lm_userstatus_tbl` (
  `UserStatusId` int(11) NOT NULL AUTO_INCREMENT,
  `UserStatusName` varchar(255) NOT NULL DEFAULT '',
  `UserStatusValue` int(11) NOT NULL DEFAULT '0',
  PRIMARY KEY (`UserStatusId`)
) ENGINE=MyISAM  DEFAULT CHARSET=latin1 AUTO_INCREMENT=5 ;

--
-- Dumping data for table `lm_userstatus_tbl`
--

INSERT INTO `lm_userstatus_tbl` (`UserStatusId`, `UserStatusName`, `UserStatusValue`) VALUES
(1, 'Inactive', 0),
(2, 'Active', 1),
(3, 'Suspended', 2),
(4, 'Deleted', 4);

-- --------------------------------------------------------

--
-- Table structure for table `lm_video_tbl`
--

CREATE TABLE IF NOT EXISTS `lm_video_tbl` (
  `VideoId` int(11) NOT NULL AUTO_INCREMENT,
  `VideoTitle` varchar(255) NOT NULL,
  `VideoFile` varchar(255) NOT NULL,
  PRIMARY KEY (`VideoId`)
) ENGINE=MyISAM  DEFAULT CHARSET=latin1 AUTO_INCREMENT=4 ;

--
-- Dumping data for table `lm_video_tbl`
--

INSERT INTO `lm_video_tbl` (`VideoId`, `VideoTitle`, `VideoFile`) VALUES
(1, 'How it Works', '14440018.flv'),
(2, 'problem and solution', 'addvideo.flv'),
(3, 'You have Options', '14440018.flv');
